Item,W,L,H,NW.,GW,Last update,Unit Pallet Type,Limitation of stacking (Qty),Weight Side Box,CBM.
DT115LL1S-2A,32.5,47,30,13.3320,13.3320,28/3/2024,Carton,5,14,0.046
DT18LL1S-4A,30,34,32,6.8140,6.8140,23/1/2026,Carton,,7,0.033
DT18LL1S-4AN,30,34,32,6.7750,6.7750,29/8/2024,Carton,,7,0.033
DT24LL1S-4A,30,34,32,6.8830,6.8830,11/7/2025,Carton,,7,0.033
DT24LL1S-4AN,30,34,32,6.8310,6.8310,29/8/2024,Carton,,7,0.033
DT32LL1S-4A,30,34,32,8.4660,8.4660,9/1/2025,Carton,,9,0.033
DT32LL1S-4AN,30,34,32,8.3770,8.3770,9/10/2025,Carton,,9,0.033
DT39LL1S-4A,32.5,47,30,12.4680,12.4680,29/8/2025,Carton,6,13,0.046
DT39LL1S-4AN,32.5,47,30,12.3450,12.3450,23/5/2024,Carton,,13,0.046
DT45LL1S-4A,32.5,47,30,12.6780,12.6780,29/8/2025,Carton,6,13,0.046
DT45LL1S-4AN,32.5,47,30,12.5560,12.5560,20/2/2025,Carton,,13,0.046
DT56LL1S-4A,32.5,47,30,13.2810,13.2810,29/9/2025,Carton,6,14,0.046
DT56LL1S-4AN,32.5,47,30,13.2400,13.2400,23/2/2023,Carton,,14,0.046
DT75LL1S-4A,42,70,38,27.0000,27.0000,26/6/2025,Carton,,28,0.112
DT75LL1S-4AN,42,70,38,26.4410,26.4410,20/2/2025,Carton,,28,0.112
DT91LL1S-4A,46,76,40,36.6050,36.6050,4/4/2024,Carton,,37,0.140
DT91LL1S-4AN,46,76,40,36.6300,36.6300,16/8/2023,Carton,,37,0.140
EQ7-2001-C,19,31.5,23,3.2600,3.2600,,Carton,,2.7,0.014
EQ7-2002-C,23.5,33,23.5,4.0800,4.0800,4/7/2023,Carton,,3.8,0.018
EQ7-2003-C,23.5,33,23.5,4.3950,4.3950,4/7/2023,Carton,,3.8,0.018
EQ7-2005-C,23.5,33,23.5,4.5080,4.5080,18/9/2024,Carton,8,3.8,0.018
EQ7-2007-C,31,37,34,8.4710,8.4710,18/9/2024,Carton,,8.1,0.039
EQ7-2010-C,31,37,34,8.4710,8.4710,18/10/2024,Carton,,8.1,0.039
EQ7-2015-C,31,37,34,8.6670,8.6670,13/12/2023,Carton,,8.1,0.039
EQ7-2020-C,31,37,34,8.1420,8.1420,18/9/2024,Carton,,8.1,0.039
EQ7-2025-C,35,50,33,13.7950,13.7950,13/11/2023,Carton,,11.3,0.058
EQ7-2030-C,35,50,33,13.7430,13.7430,5/9/2024,Carton,,11.3,0.058
EQ7-2040-C,35,50,33,14.3480,14.3480,29/1/2024,Carton,,11.7,0.058
EQ7-2050-C,49,80,53,36.0000,40.0000,4/3/2024,Carton Case,2,39.8,0.208
EQ7-2060-C,49,80,53,43.0000,45.0000,29/1/2024,Carton Case,2,45,0.208
EQ7-2075-C,50,87,46,53.0000,55.0000,29/1/2024,Carton Case,,56,0.200
EQ7-2100-C,53,130,53,72.0000,75.0000,14/2/2024,Carton Case,2,74,0.365
EQ7-2125-C,68,131,60,89.0000,106.0000,5/1/2021,Carton Case,,104.6,0.534
EQ7-2150-C,85,155,60,148.0000,158.0000,,Carton Case,,162.6,0.791
EQ7-4001-C,19,31.5,23,3.2380,3.2380,5/9/2024,Carton,,2.8,0.014
EQ7-4002-C,23.5,33,23.5,4.1470,4.1470,29/8/2023,Carton,,3.3,0.018
EQ7-4003-C,23.5,33,23.5,4.1750,4.1750,4/7/2023,Carton,,4,0.018
EQ7-4005-C,23.5,33,23.5,4.4850,4.4850,12/1/2024,Carton,,,0.018
EQ7-4007-C,31,37,34,8.5880,8.5880,16/10/2024,Carton,,7.2,0.039
EQ7-4010-C,31,37,34,8.5650,8.5650,19/1/2024,Carton,,7.2,0.039
EQ7-4015-C,31,37,34,8.6930,8.6930,19/1/2024,Carton,5,7.2,0.039
EQ7-4020-C,31,37,34,8.0210,8.0210,7/6/2023,Carton,,,0.039
EQ7-4025-C,35,50,33,13.1700,13.1700,14/11/2023,Carton,,11.3,0.058
EQ7-4030-C,35,50,33,13.2850,13.2850,9/8/2023,Carton,,,0.058
EQ7-4040-C,35,50,33,13.4830,13.4830,13/11/2023,Carton,,11.3,0.058
EQ7-4050-C,49,80,53,32.0000,40.0000,17/11/2023,Carton Case,3,39,0.208
EQ7-4060-C,49,80,53,32.0000,40.0000,18/9/2024,Carton Case,2,39,0.208
EQ7-4075-C,49,80,53,39.0000,43.0000,29/6/2023,Carton Case,2,,0.208
EQ7-40P5-C,,,,No Data,No Data,,,,0,0.000
EQ7-41000-C,129,230,89,836.0000,923.0000,18/12/2023,Wooden Case,wooden case,881.99,2.641
EQ7-4100-C,53,130,53,63.0000,66.0000,12/12/2023,Carton Case,2,65,0.365
EQ7-4125-C,53,130,53,74.0000,76.0000,21/11/2023,Carton Case,2,76,0.365
EQ7-4150-C,68,131,60,106.0000,109.0000,9/11/2023,Carton Case,2,106.5,0.534
EQ7-4200-C,68,131,60,99.0000,111.0000,23/8/2024,Carton Case,2,111,0.534
EQ7-4250-C,75,155,60,130.0000,154.0000,14/11/2023,Carton Case,2,157,0.698
EQ7-4300-C,75,155,60,137.0000,160.0000,13/11/2023,Carton Case,,158,0.698
EQ7-4350-C,85,155,60,182.0000,203.0000,21/11/2023,Carton Case,,194.8,0.791
EQ7-4450-C,85,155,60,175.0000,215.0000,21/11/2023,Carton Case,2,210,0.791
EQ7-4500-C,96,219,83,263.0000,450.0000,23/11/2023,Wooden Case,wooden case,430,1.745
EQ7-4600-C,96,219,83,261.0000,429.0000,29/8/2023,Wooden Case,wooden case,453,1.745
EQ7-4700-C,118,219,83,334.0000,560.0000,18/10/2024,Wooden Case,wooden case,589,2.145
EQ7-4800-C,118,219,83,332.0000,561.0000,29/8/2023,Wooden Case,wooden case,549,2.145
EQ7-4900-C,130,230,89,851.6400,855.5000,,Wooden Case,,851.64,2.661
FRN0001C2E-7E,11,19.5,15.5,0.9400,0.9400,,Carton,,1,0.003
FRN0001C2S-2A,11,19.5,15.5,0.6810,0.6810,7/1/2026,Carton,9,0.8,0.003
FRN0001C2S-2U,11,19.5,15.5,0.7150,0.7150,19/9/2024,Carton,,1,0.003
FRN0001C2S-6U,11,19.5,15.5,0.7850,0.7850,19/9/2024,Carton,,0.6,0.003
FRN0001C2S-7A,11,19.5,15.5,0.7320,0.7320,2/7/2025,Carton,,1,0.003
FRN0001C2S-7E,11,19.5,15.5,0.7500,0.7500,6/12/2022,Carton,,0,0.003
FRN0001C2S-7U,11,19.5,15.5,0.7520,0.7520,24/11/2022,Carton,,0.9,0.003
FRN0001E2E-2GA,11,19.5,19,1.0700,1.0700,,Carton,,,0.004
FRN0001E2E-7GA,11,19.5,19,0.9500,0.9500,9/6/2022,Carton,,0,0.004
FRN0001E2S-2GA,11,19.5,15.5,0.7200,0.7200,12/5/2022,Carton,,,0.003
FRN0001E2S-2GB,11,19.5,15.5,0.7120,0.7120,8/10/2024,Carton,9,0.8,0.003
FRN0001E2S-7GA,11,19.5,15.5,0.7070,0.7070,3/12/2024,Carton,,,0.003
FRN0001E2S-7GB,11,19.5,15.5,0.7380,0.7380,8/11/2024,Carton,,0.8,0.003
FRN0001E3E-7G,10,19.5,19,0.8200,0.8200,30/11/2024,Carton,,,0.004
FRN0001E3S-2G,10,19.5,15.5,0.6850,0.6850,17/12/2024,Carton,,,0.003
FRN0001E3S-7G,10,19.5,15.5,0.6900,0.6900,17/12/2024,Carton,,,0.003
FRN0002C2E-4E,14.5,19.5,24,1.7930,1.7930,4/9/2023,Carton,,1.9,0.007
FRN0002C2E-7E,11,19.5,15.5,0.8930,0.8930,2/9/2024,Carton,,0.5,0.003
FRN0002C2S-2A,11,19.5,15.5,0.6830,0.6830,18/11/2025,Carton,9,0.8,0.003
FRN0002C2S-2U,11,19.5,15.5,0.7020,0.7020,8/10/2025,Carton,,1,0.003
FRN0002C2S-4A,14.5,19.5,20.5,1.3620,1.3620,6/8/2025,Carton,,1.5,0.006
FRN0002C2S-4A A,14.5,19.5,20.5,1.3570,1.3570,15/3/2022,Carton,,1.5,0.006
FRN0002C2S-4E,14.5,19.5,20.5,1.3620,1.3620,3/2/2026,Carton,,1.5,0.006
FRN0002C2S-4U,14.5,19.5,20.5,1.3750,1.3750,29/5/2024,Carton,,1.4,0.006
FRN0002C2S-6U,11,19.5,15.5,0.7820,0.7820,19/9/2024,Carton,,0.6,0.003
FRN0002C2S-6U A,11,19.5,15.5,0.7960,0.7960,15/3/2022,Carton,,0.6,0.003
FRN0002C2S-7A,11,19.5,15.5,0.7060,0.7060,25/9/2025,Carton,,1,0.003
FRN0002C2S-7E,11,19.5,15.5,0.7200,0.7200,5/8/2024,Carton,,1,0.003
FRN0002C2S-7U,11,19.5,15.5,0.7180,0.7180,8/9/2025,Carton,,1,0.003
FRN0002E2E-2GA,11,19.5,19,1.1660,1.1660,,Carton,,,0.004
FRN0002E2E-4GA,14.5,19.5,24,1.8810,1.8810,2/9/2024,Carton,5,1.8,0.007
FRN0002E2E-4GB,14.5,19.5,24,2.0200,2.0200,,Carton,,2.02,0.007
FRN0002E2E-7GA,11,19.5,19,0.9500,0.9620,21/4/2025,Carton,,0.9,0.004
FRN0002E2S-2GA,11,19.5,15.5,0.7080,0.7080,16/7/2024,Carton,,,0.003
FRN0002E2S-2GB,11,19.5,15.5,0.7150,0.7150,8/10/2024,Carton,9,0.8,0.003
FRN0002E2S-4GA,14.5,19.5,20.5,1.5230,1.5230,22/10/2025,Carton,7,1.5,0.006
FRN0002E2S-4GB,14.5,19.5,20.5,1.5240,1.5240,29/7/2025,Carton,7,1.5,0.006
FRN0002E2S-7GA,11,19.5,15.5,0.7310,0.7310,3/12/2024,Carton,,0.8,0.003
FRN0002E2S-7GB,11,19.5,15.5,0.7350,0.7350,25/9/2024,Carton,,0.8,0.003
FRN0002E3E-4G,14.5,19.5,24,1.7000,1.7000,26/12/2024,Carton,,,0.007
FRN0002E3E-7G,10,19.5,19,0.8350,0.8350,28/11/2024,Carton,,,0.004
FRN0002E3S-2G,10,19.5,15.5,0.6850,0.6850,25/12/2024,Carton,,,0.003
FRN0002E3S-4G,14.5,19.5,20.5,1.4070,1.4070,18/9/2025,Carton,,,0.006
FRN0002E3S-7G,10,19.5,15.5,0.6870,0.6870,7/1/2026,Carton,,,0.003
FRN0002F2E-4G,14.5,19.5,24,1.9480,1.9480,9/8/2024,Carton,5,1.8,0.007
FRN0002G2E-4G,17,31,22,2.1600,2.1600,29/11/2024,Carton,8,,0.012
FRN0002G2E-4GAP,17,31,22,2.1750,2.1750,26/2/2025,Carton,,,0.012
FRN0002G2S-4G,17,31,22,2.0570,2.0570,27/2/2025,Carton,,,0.012
FRN0003C2S-6U,11,19.5,15.5,0.8980,0.8980,6/11/2025,Carton,10,1,0.003
FRN0003C2S-6U A,11,19.5,15.5,0.8910,0.8910,15/3/2022,Carton,,1,0.003
FRN0003E2E-7GA,11,19.5,19,1.0200,1.0200,30/5/2024,Carton,7,1,0.004
FRN0003E2S-7GA,11,19.5,19,0.8410,0.8410,11/8/2025,Carton,9,0.8,0.004
FRN0003E2S-7GB,11,19.5,19,0.8420,0.8420,8/10/2024,Carton,,0.8,0.004
FRN0003E3E-7G,10,19.5,19,0.9250,0.9250,26/12/2024,Carton,,,0.004
FRN0003F2E-4G,14.5,19.5,24,2.2540,2.2540,15/1/2025,Carton,,2.1,0.007
FRN0003G2E-4G,17,31,22,2.3950,2.3950,9/1/2025,Carton,8,,0.012
FRN0003G2E-4GAP,17,31,22,2.4550,2.4550,7/10/2024,Carton,,,0.012
FRN0003G2S-2G,17,31,22,2.0390,2.0390,6/11/2025,Carton,,,0.012
FRN0003G2S-2GU,17,31,22,2.1550,2.1550,4/10/2024,Carton,,,0.012
FRN0003G2S-4G,17,31,22,2.3140,2.3140,31/7/2025,Carton,8,,0.012
FRN0003G2S-4GU,17,31,22,2.3020,2.3020,14/1/2025,Carton,,,0.012
FRN0004C2E-4E,14.5,19.5,24,1.9310,1.9310,1/8/2025,Carton,,2,0.007
FRN0004C2E-7E,11,19.5,15.5,0.9640,0.9640,16/7/2025,Carton,,1.2,0.003
FRN0004C2S-2A,11,19.5,15.5,0.7660,0.7660,11/9/2025,Carton,9,0.9,0.003
FRN0004C2S-2U,11,19.5,15.5,0.7820,0.7820,1/7/2025,Carton,,0.9,0.003
FRN0004C2S-4A,14.5,19.5,20.5,1.4990,1.4990,13/5/2025,Carton,7,1.6,0.006
FRN0004C2S-4A A,14.5,19.5,20.5,1.4850,1.4850,15/3/2022,Carton,,1.6,0.006
FRN0004C2S-4E,14.5,19.5,20.5,1.4900,1.4900,23/1/2025,Carton,,1.5,0.006
FRN0004C2S-4U,14.5,19.5,20.5,1.4910,1.4910,8/1/2026,Carton,,2,0.006
FRN0004C2S-7A,11,19.5,15.5,0.7940,0.7940,14/10/2025,Carton,9,1.1,0.003
FRN0004C2S-7E,11,19.5,15.5,0.7940,0.7940,20/10/2025,Carton,,1.1,0.003
FRN0004C2S-7U,11,19.5,15.5,0.8040,0.8040,1/7/2025,Carton,,1,0.003
FRN0004C2S-7U A,11,19.5,15.5,0.8120,0.8120,15/3/2022,Carton,,1,0.003
FRN0004E2E-2GA,11,19.5,15.5,1.0000,1.0000,30/6/2024,Carton,,,0.003
FRN0004E2E-4GA,14.5,19.5,24,2.1660,1.9660,21/4/2025,Carton,,2.1,0.007
FRN0004E2S-2GA,11,19.5,15.5,0.8100,0.8100,6/7/2023,Carton,,,0.003
FRN0004E2S-2GB,11,19.5,15.5,0.8310,0.8310,12/1/2026,Carton,9,0.9,0.003
FRN0004E2S-2GBBM1,10,19.5,15.5,0.8350,0.8350,30/11/2024,Carton,,,0.003
FRN0004E2S-4GA,14.5,19.5,20.5,1.7710,1.7710,11/8/2025,Carton,,1.8,0.006
FRN0004E2S-4GB,14.5,19.5,20.5,1.7810,1.7810,29/7/2025,Carton,7,1.8,0.006
FRN0004E2S-4GBBM1,14.5,19.5,20.5,1.7820,1.7820,25/12/2024,Carton,,,0.006
FRN0004E3E-4G,14.5,19.5,24,1.9560,1.9560,16/1/2026,Carton,,,0.007
FRN0004E3S-2G,11,19.5,15.5,0.7930,0.7930,18/11/2025,Carton,,,0.003
FRN0004E3S-4G,14.5,19.5,20.5,1.6340,1.6340,12/9/2025,Carton,,,0.006
FRN0004E3S-7G,10,19.5,15.5,0.8070,0.8070,25/12/2025,Carton,,,0.003
FRN0004G2E-4G,21.5,32,23,3.2570,3.2570,23/1/2026,Carton,7,,0.016
FRN0004G2E-4GAP,21.5,32,23,3.2230,3.2230,27/9/2024,Carton,,,0.016
FRN0004G2S-4G,21.5,32,23,3.0230,3.0230,14/1/2025,Carton,,,0.016
FRN0004G2S-4GU,21.5,32,23,3.1700,3.1700,26/12/2024,Carton,,,0.016
FRN0005C2E-4E,25.5,30,25.5,3.7370,3.7370,25/4/2024,Carton,,3.5,0.020
FRN0005C2S-4A,14.5,19.5,20.5,1.9000,1.9000,4/6/2025,Carton,7,2,0.006
FRN0005C2S-4A A,14.5,19.5,20.5,1.8930,1.8930,15/3/2022,Carton,,2,0.006
FRN0005C2S-4E,14.5,19.5,20.5,1.8780,1.8780,5/8/2025,Carton,,2,0.006
FRN0005C2S-4U,14.5,19.5,20.5,1.9020,1.9020,28/8/2025,Carton,,2,0.006
FRN0005C2S-6U,14.5,19.5,20.5,1.4610,1.4610,1/7/2025,Carton,7,1.3,0.006
FRN0005E2E-7GA,14.5,19.5,20.5,1.4520,1.4520,11/8/2025,Carton,7,2,0.006
FRN0005E2S-7GA,11,19.5,19,1.1040,1.1040,17/9/2025,Carton,7,1.5,0.004
FRN0005E2S-7GB,11,19.5,19,1.1050,1.1050,13/8/2025,Carton,7,1.5,0.004
FRN0005E3E-7G,14.5,19.5,20.5,1.4100,1.4100,29/1/2025,Carton,,,0.006
FRN0005F2E-4G,16.5,22,26.5,2.7810,2.7810,2/9/2025,Carton,3,2.8,0.010
FRN0005G2S-2G,17,31,22,2.2560,2.2560,26/6/2025,Carton,,,0.012
FRN0005G2S-2GU,17,31,22,2.3550,2.3550,27/12/2024,Carton,,,0.012
FRN0006C2E-7E,14.5,19.5,20.5,1.4980,1.4980,22/10/2025,Carton,,1.5,0.006
FRN0006C2S-2A,11,19.5,15.5,0.8730,0.8730,25/9/2025,Carton,9,1,0.003
FRN0006C2S-2U,11,19.5,15.5,0.8960,0.8960,29/11/2024,Carton,10,0.9,0.003
FRN0006C2S-2U A,11,19.5,15.5,0.8930,0.8930,15/3/2022,Carton,,0.9,0.003
FRN0006C2S-7A,11,19.5,17.5,1.0030,1.0030,13/5/2025,Carton,8,1.3,0.004
FRN0006C2S-7A A,11,19.5,17.5,1.0310,1.0310,15/3/2022,Carton,,1.3,0.004
FRN0006C2S-7E,11,19.5,17.5,1.0120,1.0120,20/10/2025,Carton,,1.3,0.004
FRN0006C2S-7E A,11,19.5,17.5,0.9960,0.9960,15/3/2022,Carton,,1.3,0.004
FRN0006C2S-7U,11,19.5,17.5,1.0170,1.0170,21/5/2025,Carton,9,1.3,0.004
FRN0006C2S-7WB,40,64.5,19,0.9980,0.9980,3/2/2026,Carton,4,,0.049
FRN0006C2S-7WB-NO,11,19.5,17.5,1.0100,1.0100,,Carton,,1.3,0.004
FRN0006E2E-2GA,11,19.5,19,1.2000,1.2000,9/4/2024,Carton,,1.1,0.004
FRN0006E2E-4GA,16.5,22,26.5,2.7000,2.7000,6/9/2023,Carton,5,2.8,0.010
FRN0006E2S-2GA,11,19.5,15.5,1.0400,1.0500,5/4/2024,Carton,,,0.003
FRN0006E2S-2GB,11,19.5,15.5,1.0560,1.0560,26/6/2025,Carton,7,1.1,0.003
FRN0006E2S-2GBBM1,11,19.5,15.5,1.0410,1.0410,4/7/2023,Carton,,,0.003
FRN0006E2S-4GA,14.5,19.5,20.5,1.9720,1.9720,9/4/2025,Carton,,1.8,0.006
FRN0006E2S-4GB,14.5,19.5,20.5,1.7890,1.7890,30/7/2025,Carton,7,1.8,0.006
FRN0006E2S-4GBBM1,14.5,19.5,20.5,1.7760,1.7760,23/8/2023,Carton,,,0.006
FRN0006E3E-4G,16.5,22,27.5,2.3610,2.3610,16/1/2026,Carton,,,0.010
FRN0006E3S-2G,10,19.5,15.5,1.0050,1.0050,23/12/2024,Carton,,,0.003
FRN0006E3S-4G,14.5,19.5,20.5,1.6840,1.6840,3/9/2025,Carton,,,0.006
FRN0006E3S-7G,10,19.5,19,1.0660,1.0660,11/12/2025,Carton,,,0.004
FRN0006F2E-4G,16.5,22,26.5,2.8040,2.8040,9/8/2024,Carton,5,2.8,0.010
FRN0006G2E-4G,21.5,32,23,3.5170,3.5170,5/8/2025,Carton,7,,0.016
FRN0006G2E-4GAP,21.5,32,23,3.5300,3.5300,1/10/2024,Carton Case,,,0.016
FRN0006G2S-4G,21.5,32,23,3.3360,3.3360,23/1/2026,Carton,7,,0.016
FRN0006G2S-4GU,21.5,32,23,3.4300,3.4300,26/12/2024,Carton,,,0.016
FRN0006LM2A-4E,22,36,31,5.2900,5.2900,8/3/2024,Carton,,5.4,0.025
FRN0007C2E-4E,25.5,30,25.5,3.7980,3.7980,2/6/2025,Carton,,3.6,0.020
FRN0007C2S-4A,14.5,19.5,20.5,1.9210,1.9210,17/7/2025,Carton,7,2,0.006
FRN0007C2S-4A A,14.5,19.5,20.5,1.9370,1.9370,15/3/2022,Carton,,2,0.006
FRN0007C2S-4E,14.5,19.5,20.5,1.9200,1.9200,6/12/2024,Carton,7,2,0.006
FRN0007C2S-4E A,14.5,19.5,20.5,1.9420,1.9420,15/3/2022,Carton,,2,0.006
FRN0007C2S-4U,14.5,19.5,20.5,1.9260,1.9260,25/12/2024,Carton,,2,0.006
FRN0007E2E-4GA,16.5,22,26.5,2.7140,2.7140,11/8/2025,Carton,5,2.8,0.010
FRN0007E2S-4GA,14.5,19.5,20.5,1.8120,1.8120,19/6/2025,Carton,7,4.2,0.006
FRN0007E2S-4GB,14.5,19.5,20.5,1.8010,1.8010,19/6/2025,Carton,7,1.9,0.006
FRN0007E2S-4GBBM1,14.5,19.5,20.5,1.8110,1.8110,25/6/2024,Carton,,,0.006
FRN0007E3E-4G,16.5,22,27.5,2.5110,2.5110,3/2/2026,Carton,,,0.010
FRN0007E3S-4G,14.5,19.5,20.5,1.6440,1.6440,10/10/2025,Carton,,,0.006
FRN0008E2E-7GA,16.5,22,26.5,2.6960,2.6960,2/7/2025,Carton,5,0,0.010
FRN0008E2S-7GA,14.5,19.5,20.5,1.8510,1.8510,22/9/2025,Carton,,1.9,0.006
FRN0008E2S-7GB,14.5,19.5,20.5,1.8530,1.8530,9/12/2025,Carton,,1.9,0.006
FRN0008E3E-7G,16.5,22,27.5,2.3850,2.3850,6/1/2025,Carton,,,0.010
FRN0008G2S-2G,21.5,32,23,3.0330,3.0330,28/1/2025,Carton,,,0.016
FRN0008G2S-2GU,21.5,32,23,3.1400,3.1400,27/12/2024,Carton,,,0.016
FRN0009G2E-4G,21.5,32,23,3.6110,3.6110,3/11/2025,Carton,7,,0.016
FRN0009G2E-4GAP,21.5,32,23,3.6630,3.6630,1/10/2024,Carton Case,,,0.016
FRN0009G2S-4G,21.5,32,23,3.4640,3.4640,29/9/2025,Carton,,,0.016
FRN0009G2S-4GU,21.5,32,23,3.5450,3.5450,26/12/2024,Carton,,,0.016
FRN0010C2E-7E,25.5,30,25.5,3.6770,3.6770,15/11/2024,Carton,,3.6,0.020
FRN0010C2E-7E A,25.5,30,25.5,3.7060,3.7060,15/3/2022,Carton,,3.6,0.020
FRN0010C2S-2A,14.5,19.5,20.5,1.8630,1.8630,18/9/2025,Carton,7,2,0.006
FRN0010C2S-2U,14.5,19.5,20.5,1.8760,1.8760,1/10/2025,Carton,,2,0.006
FRN0010C2S-2U A,14.5,19.5,20.5,1.8810,1.8810,15/3/2022,Carton,,2,0.006
FRN0010C2S-7A,14.5,19.5,20.5,1.9080,1.9080,2/9/2025,Carton,,2,0.006
FRN0010C2S-7E,14.5,19.5,20.5,1.9210,1.9210,3/9/2025,Carton,,2,0.006
FRN0010C2S-7U,14.5,19.5,20.5,1.9410,1.9410,9/12/2025,Carton,,1.9,0.006
FRN0010C2S-7WB,40,80,19.5,1.9570,1.9570,18/9/2025,Carton,,2,0.062
FRN0010C2S-7WB NO,14.5,19.5,20.5,1.9500,1.9500,,Carton,,1.8,0.006
FRN0010E2E-2GA,16.5,22,26.5,2.6730,2.6730,1/8/2024,Carton,,2.9,0.010
FRN0010E2S-2ANH,14.5,19.5,20.5,1.7640,1.7640,31/3/2021,Carton,,,0.006
FRN0010E2S-2GA,14.5,19.5,20.5,1.7670,1.7670,14/9/2023,Carton,,1.8,0.006
FRN0010E2S-2GB,14.5,19.5,20.5,1.7880,1.7880,10/10/2025,Carton,7,1.8,0.006
FRN0010E2S-2GBBM1,14.5,19.5,20.5,1.7640,1.7640,31/5/2023,Carton,,1.8,0.006
FRN0010E3S-2G,14.5,19.5,20.5,1.6300,1.6300,29/10/2024,Carton,,,0.006
FRN0010E3S-7G,14.5,19.5,20.5,1.6650,1.6650,29/1/2025,Carton,,,0.006
FRN0010LM2A-4E,22,36,31,5.2900,5.2900,,Carton,,5.4,0.025
FRN0010LM2A-4ESD,22,36,31,5.3100,5.3100,,Carton,,,0.025
FRN0010LM2C-4A,22,36,31,5.0230,5.0230,22/8/2025,Carton,4,,0.025
FRN0010LM2C-4E,22,36,31,5.0080,5.0080,17/9/2025,Carton,,,0.025
FRN0011C2E-4E,25.5,30,25.5,3.8330,3.8330,2/6/2025,Carton,,3.7,0.020
FRN0011C2S-4A,16.5,22,19.5,2.2120,2.2120,9/6/2025,Carton,7,3,0.007
FRN0011C2S-4A A,16.5,22,19.5,2.1950,2.1950,4/6/2025,Carton,,3,0.007
FRN0011C2S-4E,16.5,22,19.5,2.1930,2.1930,11/8/2025,Carton,,3,0.007
FRN0011C2S-4U,16.5,22,19.5,2.1980,2.1980,1/10/2025,Carton,,3,0.007
FRN0011E2E-7GA,16.5,22,26.5,2.7230,2.7230,3/2/2026,Carton,5,2.8,0.010
FRN0011E2S-7GA,16.5,22,22,2.1930,2.1930,7/1/2025,Carton,6,5.1,0.008
FRN0011E2S-7GB,16.5,22,19.5,2.1800,2.1800,8/10/2024,Carton,6,5.1,0.007
FRN0011E3E-7G,16.5,22,27.5,2.5100,2.5100,27/12/2024,Carton,,,0.010
FRN0011F2E-4G,16.5,22,26.5,2.8200,2.8200,13/8/2025,Carton,,2.9,0.010
FRN0011G2S-2G,21.5,32,23,3.3470,3.3470,29/10/2024,Carton,,,0.016
FRN0011G2S-2GU,21.5,32,23,3.4400,3.4400,24/2/2025,Carton,,,0.016
FRN0011LM2A-7E,22,36,31,5.1520,5.1520,19/6/2025,Carton,4,5.1,0.025
FRN0011LM2A-7ESD,22,36,31,5.0680,5.0680,3/9/2025,Carton,4,,0.025
FRN0012C2E-7E,25.5,30,25.5,3.7160,3.7160,22/10/2025,Carton,,,0.020
FRN0012C2E-7E A,25.5,30,25.5,3.7380,3.7380,15/3/2022,Carton,,,0.020
FRN0012C2S-2A,14.5,19.5,20.5,1.8830,1.8830,5/9/2025,Carton,7,2,0.006
FRN0012C2S-2U,14.5,19.5,20.5,1.8930,1.8930,18/12/2025,Carton,,2,0.006
FRN0012C2S-2U A,14.5,19.5,20.5,1.9050,1.9050,15/3/2022,Carton,,2,0.006
FRN0012C2S-7A,16.5,22,19.5,2.1610,2.1610,16/7/2025,Carton,7,3,0.007
FRN0012C2S-7E,16.5,22,19.5,2.1640,2.1640,11/8/2025,Carton,,3,0.007
FRN0012C2S-7U,16.5,22,19.5,2.1650,2.1650,17/7/2024,Carton,,3,0.007
FRN0012C2S-7URE,16.5,22,19.5,2.1890,2.1890,7/8/2025,Carton,7,,0.007
FRN0012E2E-2GA,16.5,22,26.5,2.6950,2.6950,1/9/2023,Carton,5,2.8,0.010
FRN0012E2E-4GA,16.5,22,26.5,2.7530,2.7530,19/6/2025,Carton,5,0,0.010
FRN0012E2S-2ANH,14.5,19.5,20.5,1.7800,1.7800,27/3/2021,Carton,,,0.006
FRN0012E2S-2GA,14.5,19.5,20.5,1.7780,1.7780,2/7/2024,Carton,7,4,0.006
FRN0012E2S-2GB,14.5,19.5,20.5,1.7850,1.7850,3/9/2025,Carton,7,1.8,0.006
FRN0012E2S-2GBBM1,14.5,19.5,20.5,1.7810,1.7810,25/12/2024,Carton,,,0.006
FRN0012E2S-4GA,16.5,22,22,2.2130,2.2130,18/6/2025,Carton,6,5.3,0.008
FRN0012E2S-4GALM3,16.5,22,22,2.3200,2.3200,,Carton,,2.4,0.008
FRN0012E2S-4GB,16.5,22,22,2.2130,2.2130,9/1/2025,Carton,6,0,0.008
FRN0012E2S-4GBBM1,16.5,22,22,2.3270,2.3270,,Carton,,,0.008
FRN0012E3E-4G,16.5,22,27.5,2.5550,2.5550,8/1/2025,Carton,,,0.010
FRN0012E3S-2G,14.5,19.5,20.5,1.6240,1.6240,7/1/2026,Carton,,,0.006
FRN0012E3S-4G,16.5,22,22,2.0540,2.0540,3/9/2025,Carton,,,0.008
FRN0012E3S-7G,16.5,22,22,2.0600,2.0600,8/1/2025,Carton,,,0.008
FRN0013C2E-4E,23,42,30,6.3030,6.3030,6/7/2023,Carton,,5.9,0.029
FRN0013C2E-4E A,23,42,30,6.3600,6.3600,15/3/2022,Carton,,5.9,0.029
FRN0013C2S-4A,25.5,30,25.5,4.1810,4.1810,2/9/2025,Carton,5,4.1,0.020
FRN0013C2S-4A A,25.5,30,25.5,4.1860,4.1860,15/3/2022,Carton,,4.1,0.020
FRN0013C2S-4E,25.5,30,25.5,4.2260,4.2260,28/11/2025,Carton,5,4.1,0.020
FRN0013C2S-4U,25.5,30,25.5,4.1710,4.1710,3/8/2023,Carton,,9 lbs,0.020
FRN0015LM2A-4E,22,36,31,5.5300,5.5300,,Carton,,5.6,0.025
FRN0015LM2A-4ESD,22,36,31,5.5500,5.5500,,Carton,,,0.025
FRN0015LM2C-4A,22,36,31,5.0190,5.0190,12/11/2025,Carton,4,,0.025
FRN0015LM2C-4E,22,36,31,5.0160,5.0160,22/10/2025,Carton,4,,0.025
FRN0018C2E-4E,23,42,30,6.3160,6.3160,3/9/2025,Carton,,5.9,0.029
FRN0018C2S-4A,25.5,30,25.5,4.2430,4.2430,27/11/2025,Carton,5,4.1,0.020
FRN0018C2S-4E,25.5,30,25.5,4.2180,4.2180,3/9/2025,Carton,5,4.1,0.020
FRN0018C2S-4E A,25.5,30,25.5,4.2600,4.2600,15/3/2022,Carton,,4.1,0.020
FRN0018C2S-4U,25.5,30,25.5,4.2620,4.2620,25/12/2024,Carton,,0,0.020
FRN0018C2S-4U A,25.5,30,25.5,4.2620,4.2810,15/3/2022,Carton,,0,0.020
FRN0018E2S-4E,25.5,30,25.5,4.2620,4.2620,15/6/2021,Carton,,4.1,0.020
FRN0018F2E-4G,23,42,30,6.4360,6.4360,25/9/2025,Carton,5,7.8,0.029
FRN0018G2E-4G,30,34,31,7.5180,7.5180,26/9/2024,Carton,6,,0.032
FRN0018G2E-4GAP,30,34,31,7.5180,7.5180,27/9/2024,Carton,,,0.032
FRN0018G2S-2G,21.5,32,23,3.3390,3.3390,22/10/2025,Carton,7,,0.016
FRN0018G2S-2GU,21.5,32,23,3.4750,3.4750,27/12/2024,Carton,,,0.016
FRN0018G2S-4G,30,34,31,6.8570,6.8570,16/1/2026,Carton,,,0.032
FRN0018LM2A-7E,22,36,31,5.5420,5.5420,11/8/2025,Carton,4,5.5,0.025
FRN0018LM2A-7ESD,22,36,31,5.4580,5.4580,17/6/2024,Carton,,,0.025
FRN0019LM2A-4E,22,36,31,5.6300,5.6300,,Carton,,5.6,0.025
FRN0019LM2A-4ESD,22,36,31,5.6500,5.6500,,Carton,,,0.025
FRN0019LM2C-4A,22,36,31,5.3210,5.3210,8/1/2026,Carton,4,,0.025
FRN0019LM2C-4E,22,36,31,5.3270,5.3270,24/12/2024,Carton,,,0.025
FRN001AR1L-2U,23.5,55,34.5,10.6400,10.6400,,Carton,,11,0.045
FRN001AR1L-4U,23.5,55,34.5,9.7300,9.7300,13/7/2021,Carton,,11,0.045
FRN001AR1M-2U,23.5,55,34.5,10.3600,10.3600,7/9/2022,Carton,,11,0.045
FRN001AR1M-4U,23.5,55,34.5,9.7200,9.7200,28/6/2022,Carton,,10.8,0.045
FRN001E1S-2U,11,19.5,19,1.1700,1.1700,,Carton,,1.1,0.004
FRN001E1S-4U,14.5,19.5,20.5,1.7600,1.7600,,Carton,,2,0.006
FRN001E1S-7U,11,19.5,19,1.2800,1.2800,,Carton,,1.5,0.004
FRN001F1S-2DY,21.5,32,23,4.1800,4.1800,,Carton,,4,0.016
FRN001F1S-2U,21.5,32,23,4.1100,4.1100,,Carton,,4,0.016
FRN001F1S-4DY,21.5,32,23,4.3200,4.3200,,Carton,,4,0.016
FRN001F1S-4U,21.5,32,23,4.1400,4.1400,,Carton,,4,0.016
FRN001G1S-2U,19,31.5,23,3.5500,3.5500,7/6/2022,Carton,,2.7,0.014
FRN001G1S-4U,19,31.5,23,3.4960,3.4960,29/3/2023,Carton,,2.7,0.014
FRN0020C2S-2A,16.5,22,19.5,2.1560,2.1560,18/9/2025,Carton,7,3,0.007
FRN0020C2S-2U,16.5,22,19.5,2.1780,2.1780,7/8/2025,Carton,,3,0.007
FRN0020C2S-2U A,16.5,22,19.5,2.1750,2.1750,15/3/2022,Carton,,3,0.007
FRN0020E2E-2GA,16.5,22,26.5,2.7200,2.7200,7/6/2024,Carton,5,2.8,0.010
FRN0020E2S-2ANH,16.5,22,22,2.1800,2.1800,29/3/2022,Carton,,,0.008
FRN0020E2S-2GA,16.5,22,22,2.1840,2.1840,3/2/2026,Carton,,5.1,0.008
FRN0020E2S-2GB,16.5,22,22,2.1970,2.1970,1/8/2025,Carton,6,2.3,0.008
FRN0020E2S-2GBBM1,16.5,22,22,2.1980,2.1980,3/12/2024,Carton,,,0.008
FRN0020E3S-2G,16.5,22,22,2.0500,2.0500,27/12/2024,Carton,,,0.008
FRN0022E2E-4E,23,42,30,6.3410,6.3410,28/11/2025,Carton,5,7.8,0.029
FRN0022E2S-4A,25.5,30,25.5,4.4000,4.4000,,Carton,,5.9,0.020
FRN0022E2S-4E,25.5,30,25.5,4.2640,4.2640,21/1/2026,Carton,5,5.9,0.020
FRN0022E2S-4GB,25.5,30,25.5,4.2380,4.2380,3/9/2025,Carton,5,5.9,0.020
FRN0022E2S-4GBBM1,25.5,30,25.5,4.2740,4.2740,3/8/2023,Carton,,,0.020
FRN0022E3E-4G,25,36,30,6.2550,6.2550,28/12/2024,Carton Case,,,0.027
FRN0022E3S-4G,25.5,30,25.5,4.3680,4.3680,1/8/2025,Carton,,,0.020
FRN0023F2E-4G,23,42,30,6.4720,6.4720,14/1/2025,Carton,5,7.8,0.029
FRN0023G2E-4G,30,34,31,7.6640,7.6640,6/8/2025,Carton,6,,0.032
FRN0023G2E-4GAP,30,34,31,7.6560,7.6560,24/12/2025,Carton,,,0.032
FRN0023G2S-4G,30,34,31,6.9510,6.9510,16/1/2026,Carton,6,,0.032
FRN0024C2E-4E,27,51,33.5,8.8670,8.8670,7/9/2023,Carton,4,8.8,0.046
FRN0024C2S-4A,30,34,30,5.9170,5.9170,24/12/2025,Carton,,6.5,0.031
FRN0024C2S-4A A,30,34,30,5.9100,5.9100,15/3/2022,Carton,,6.5,0.031
FRN0024C2S-4E,30,34,30,5.9110,5.9110,22/10/2025,Carton,6,6.5,0.031
FRN0024C2S-4U,30,34,30,5.9100,5.9100,3/8/2023,Carton,,0,0.031
FRN0025C2S-2A,25.5,30,25.5,4.2810,4.2810,4/2/2025,Carton,,4.1,0.020
FRN0025C2S-2U,25.5,30,25.5,4.2860,4.2860,8/10/2024,Carton,,0,0.020
FRN0025LM2A-4E,24,45,30,8.0000,8.0000,,Carton,,7.4,0.032
FRN0025LM2A-4ESD,24,45,30,7.7470,7.7470,10/11/2020,Carton,,,0.032
FRN0025LM2C-4A,22,36,31,5.3450,5.3450,18/4/2025,Carton,4,,0.025
FRN0025LM2C-4E,22,36,31,5.3460,5.3460,3/9/2025,Carton,,,0.025
FRN0029E2E-4E,23,42,30,6.3930,6.3930,28/11/2025,Carton,5,7.8,0.029
FRN0029E2S-4A,25.5,30,25.5,4.4700,4.4700,,Carton,,5.9,0.020
FRN0029E2S-4E,25.5,30,25.5,4.3130,4.3130,3/9/2025,Carton,5,5.9,0.020
FRN0029E2S-4GB,25.5,30,25.5,4.3100,4.3100,2/7/2025,Carton,5,5.9,0.020
FRN0029E2S-4GBBM1,25.5,30,25.5,4.3350,4.3350,29/6/2023,Carton,,,0.020
FRN0029E2S-4U,25.5,30,25.5,4.4000,4.4000,,Carton,,0,0.020
FRN0029E3E-4G,25,36,30,6.2000,6.2000,31/10/2024,Carton,,,0.027
FRN0029E3S-4G,25.5,30,25.5,4.4460,4.4460,29/10/2025,Carton Case,,,0.020
FRN002AR1L-2U,23.5,55,34.5,10.5300,10.5300,29/8/2023,Carton,,11,0.045
FRN002AR1L-4U,23.5,55,34.5,9.8350,9.8350,13/7/2021,Carton,,11,0.045
FRN002AR1M-2U,23.5,55,34.5,10.5600,10.5600,14/3/2023,Carton,,11,0.045
FRN002AR1M-4U,23.5,55,34.5,9.8400,9.8400,1/6/2021,Carton,,11,0.045
FRN002E1S-2U,14.5,19.5,20.5,2.1000,2.1000,,Carton,,2,0.006
FRN002E1S-4U,14.5,19.5,20.5,2.1600,2.1600,,Carton,,2,0.006
FRN002E1S-7U,14.5,19.5,24,2.5800,2.5800,,Carton,,2,0.007
FRN002F1S-2DY,21.5,32,23,4.3400,4.3400,,Carton,,4,0.016
FRN002F1S-2U,21.5,32,23,4.3000,4.3000,,Carton,,4,0.016
FRN002F1S-4DY,21.5,32,23,4.1700,4.1700,,Carton,,4,0.016
FRN002F1S-4U,21.5,32,23,4.1500,4.1500,,Carton,,4,0.016
FRN002G1S-2U,23.5,33,23.5,4.3960,4.3960,16/1/2025,Carton,,3.6,0.018
FRN002G1S-4U,23.5,33,23.5,4.3600,4.3600,22/3/2023,Carton,,3.4,0.018
FRN002G1S-4U P,23.5,33,23.5,4.4200,4.4200,27/6/2024,Carton,,,0.018
FRN0030C2E-4E,27,51,33.5,9.0230,9.0230,7/9/2023,Carton,,8.8,0.046
FRN0030C2S-4A,30,34,30,6.0710,6.0710,11/9/2023,Carton,,6.5,0.031
FRN0030C2S-4A A,30,34,30,6.0620,6.0620,15/3/2022,Carton,,6.5,0.031
FRN0030C2S-4E,30,34,30,6.0940,6.0940,24/12/2024,Carton,6,6.5,0.031
FRN0030C2S-4U,30,34,30,6.1200,6.1200,3/9/2024,Carton,,0,0.031
FRN0030E2S-2A,25.5,30,25.5,4.3810,4.3810,21/6/2022,Carton,,5.9,0.020
FRN0030E2S-2GB,25.5,30,25.5,4.3630,4.3630,31/10/2024,Carton,5,,0.020
FRN0030E2S-2GBBM1,25.5,30,25.5,4.3480,4.3480,29/6/2023,Carton,,,0.020
FRN0030E2S-2U,25.5,30,25.5,4.5100,4.5100,,Carton,,0,0.020
FRN0030E3S-2G,25.5,30,25.5,4.5000,4.5000,26/11/2024,Carton,,,0.020
FRN0031F2E-4G,27,51,33.5,8.9800,8.9800,3/12/2024,Carton,4,12.3,0.046
FRN0031G2E-4G,30,34,31,7.3060,7.3060,25/8/2023,Carton,6,,0.032
FRN0031G2S-4G,30,34,31,6.6510,6.6510,4/7/2024,Carton,,,0.032
FRN0032G2S-2G,30,34,31,6.8120,6.8120,10/10/2025,Carton,6,,0.032
FRN0032G2S-2GU,30,34,31,6.8500,6.8500,19/2/2025,Carton,,,0.032
FRN0032LM2A-4E,24,45,30,7.6000,7.6000,,Carton,,7.6,0.032
FRN0032LM2A-4ESD,24,45,30,7.7600,7.7600,,Carton,,,0.032
FRN0032LM2C-4A,24,45,30,7.2480,7.2480,13/1/2025,Carton,4,,0.032
FRN0032LM2C-4E,24,45,30,7.1230,7.1230,1/9/2025,Carton,,,0.032
FRN0033C2S-2A,25.5,30,25.5,4.3520,4.3520,16/7/2025,Carton,,4.1,0.020
FRN0033C2S-2U,25.5,30,25.5,4.3640,4.3640,8/10/2025,Carton,,0,0.020
FRN0035G2E-4G,30,34,31,7.3750,7.3750,30/11/2024,Carton,,,0.032
FRN0035G2E-4GAP,30,34,31,7.3730,7.3730,27/9/2024,Carton,,,0.032
FRN0035G2S-4G,30,34,31,6.6640,6.6640,25/9/2025,Carton,,,0.032
FRN0035G2S-4GU,30,34,31,6.7700,6.7700,27/12/2024,Carton,,,0.032
FRN0037E2E-4E,27,51,33.5,9.4290,9.4290,3/9/2025,Carton,4,12.3,0.046
FRN0037E2S-4A,30,34,30,5.9500,5.9500,,Carton,,9.9,0.031
FRN0037E2S-4E,30,34,30,6.0110,6.0110,8/8/2025,Carton,6,9.9,0.031
FRN0037E2S-4GB,30,34,30,5.9810,5.9810,8/9/2025,Carton,6,9.9,0.031
FRN0037E2S-4GBBM1,30,34,30,6.0150,6.0150,7/8/2023,Carton,,,0.031
FRN0037E3E-4G,30,50,36,9.2900,9.2900,27/12/2024,Carton,,,0.054
FRN0037E3S-4G,30,34,30,6.2410,6.2410,27/11/2025,Carton,,,0.031
FRN0038F2E-4G,27,51,33.5,9.1760,9.1760,25/9/2025,Carton,5,12.3,0.046
FRN0038G2E-4G,32.5,47,30,12.3100,12.2500,9/4/2024,Carton,5,,0.046
FRN0038G2S-4G,32.5,47,30,11.3420,11.3420,18/10/2023,Carton,5,,0.046
FRN0039LM2A-4E,32.5,47,30,12.0000,12.0000,,Carton,,12.3,0.046
FRN0039LM2A-4ESD,32.5,47,30,12.1800,12.1800,,Carton,,,0.046
FRN0039LM2C-4A,32.5,47,30,11.0330,11.0330,9/6/2025,Carton,,9.5,0.046
FRN003AR1L-2U,23.5,55,34.5,10.5680,10.5680,11/10/2022,Carton,,11,0.045
FRN003AR1L-4U,23.5,55,34.5,10.3330,10.3330,8/11/2022,Carton,,11,0.045
FRN003AR1M-2U,23.5,55,34.5,10.5620,10.5620,30/1/2024,Carton,,10.8,0.045
FRN003AR1M-4U,23.5,55,34.5,10.3050,10.3050,21/2/2023,Carton,,11,0.045
FRN003E1S-2U,14.5,19.5,20.5,2.1600,2.1600,,Carton,,2,0.006
FRN003E1S-4U,14.5,19.5,20.5,2.1600,2.1600,,Carton,,2,0.006
FRN003E1S-7U,14.5,19.5,20.5,No Data,No Data,,Carton,,3,0.006
FRN003F1S-2DY,21.5,32,23,4.3600,4.3600,,Carton,,4,0.016
FRN003F1S-2U,21.5,32,23,4.2800,4.2800,,Carton,,4,0.016
FRN003F1S-4DY,21.5,32,23,4.4000,4.4000,,Carton,,4,0.016
FRN003F1S-4U,21.5,32,23,4.2900,4.2900,,Carton,,4,0.016
FRN003G1S-2U,23.5,33,23.5,4.7730,4.7730,15/5/2025,Carton,,3.8,0.018
FRN003G1S-4U,23.5,33,23.5,4.5730,4.5730,15/5/2025,Carton,,3.5,0.018
FRN0040E2S-2A,25.5,30,25.5,4.6000,4.6000,,Carton,,5.9,0.020
FRN0040E2S-2GB,25.5,30,25.5,4.4430,4.4430,5/9/2025,Carton,5,5.9,0.020
FRN0040E2S-2GBBM1,25.5,30,25.5,4.4470,4.4470,21/5/2024,Carton,,,0.020
FRN0040E3S-2G,25.5,30,25.5,4.5800,4.5800,27/12/2024,Carton,,,0.020
FRN0041G2E-4G,32.5,47,30,12.3680,12.3680,27/11/2025,Carton,,,0.046
FRN0041G2E-4GAP,32.5,47,30,12.3200,12.3200,27/9/2024,Carton,,,0.046
FRN0041G2S-4G,32.5,47,30,11.4210,11.4210,10/10/2025,Carton,,,0.046
FRN0044E2E-4E,27,51,33.5,9.1520,9.1520,29/10/2024,Carton,4,12.3,0.046
FRN0044E2S-4A,30,34,30,6.1300,6.1300,,Carton,,10.9,0.031
FRN0044E2S-4E,30,34,30,6.1130,6.1130,3/2/2026,Carton,6,10.9,0.031
FRN0044E2S-4GB,30,34,30,6.1910,6.1910,3/9/2024,Carton,6,10.9,0.031
FRN0044E2S-4GBBM1,30,34,30,6.1730,6.1730,3/12/2024,Carton,7,,0.031
FRN0044E3E-4G,30,51,35,9.4650,9.4650,28/12/2024,Carton Case,,,0.054
FRN0044E3S-4G,30,34,30,6.3330,6.3330,16/12/2025,Carton,,,0.031
FRN0045F2E-4G,32.5,47,30,12.0470,12.0470,15/1/2025,Carton,5,12.5,0.046
FRN0045G2E-4G,32.5,47,30,12.4640,12.4640,18/9/2025,Carton,,,0.046
FRN0045G2E-4GAP,32.5,47,30,12.3750,12.3750,27/9/2024,Carton,,,0.046
FRN0045G2S-4G,32.5,47,30,11.4660,11.4660,9/1/2025,Carton,,,0.046
FRN0045G2S-4GU,32.5,47,30,11.5700,11.5700,27/12/2024,Carton,,,0.046
FRN0045LM2A-4E,32.5,47,30,12.3000,12.3000,,Carton,,13,0.046
FRN0045LM2A-4ESD,32.5,47,30,12.2700,12.2700,,Carton,,,0.046
FRN0045LM2C-4A,32.5,47,30,11.2580,11.2580,27/1/2025,Carton,5,10.2,0.046
FRN0046G2S-2G,30,34,31,7.1660,7.1660,25/9/2025,Carton,6,,0.032
FRN0046G2S-2GU,30,34,31,7.2750,7.2750,31/1/2025,Carton,,,0.032
FRN0047C2S-2A,30,34,30,5.8760,5.8760,19/5/2025,Carton,,6.5,0.031
FRN0047C2S-2U,30,34,30,5.9150,5.9150,8/10/2024,Carton,,0,0.031
FRN0056E2S-2A,30,34,30,6.1000,6.1000,,Carton,,9.9,0.031
FRN0056E2S-2GB,30,34,30,5.9610,5.9610,5/9/2025,Carton,6,9.9,0.031
FRN0056E2S-2GBBM1,30,34,30,5.9930,5.9930,25/12/2024,Carton,6,,0.031
FRN0056E3S-2G,30,34,30,6.2500,6.2500,28/11/2024,Carton,,,0.031
FRN0059E2E-4E,35,50,33,13.5130,13.5130,2/12/2025,Carton,,12.3,0.058
FRN0059E2S-4A,35,50,33,12.0700,12.0700,,Carton,,11.3,0.058
FRN0059E2S-4E,,,,No Data,No Data,,Carton,,11.3,0.000
FRN0059E2S-4GB,35,50,33,12.6790,12.6790,19/7/2025,Carton,5,11.3,0.058
FRN0059E2S-4U,35,50,33,11.8800,11.8800,,Carton,,11,0.058
FRN0059E3E-4G,32.5,47,30,12.3650,12.3650,20/12/2024,Carton,,,0.046
FRN0059E3S-4G,35,50,33,11.4690,11.4690,29/10/2025,Carton,,,0.058
FRN0059G2S-2G,30,34,31,6.6870,6.6870,22/10/2025,Carton,6,,0.032
FRN0059G2S-2GU,30,34,31,6.7850,6.7850,27/12/2024,Carton,,,0.032
FRN005AR1L-2U,23.5,55,34.5,10.7280,10.7280,9/1/2024,Carton,,11,0.045
FRN005AR1L-4U,23.5,55,34.5,10.4150,10.4150,11/10/2022,Carton,,11,0.045
FRN005AR1M-2U,23.5,55,34.5,10.7600,10.7600,14/6/2023,Carton,,10.8,0.045
FRN005AR1M-4U,23.5,55,34.5,10.4570,10.4570,17/1/2024,Carton,,10.8,0.045
FRN005E1S-2U,16.5,22,22,2.9500,2.9500,,Carton,,3,0.008
FRN005E1S-4U,16.5,22,22,2.9400,2.9400,,Carton,,3,0.008
FRN005F1S-2DY,21.5,32,23,4.5000,4.5000,,Carton,,4,0.016
FRN005F1S-2U,21.5,32,23,4.3800,4.3800,,Carton,,4,0.016
FRN005F1S-4DY,21.5,32,23,4.4600,4.4600,,Carton,,4,0.016
FRN005F1S-4U,21.5,32,23,4.3900,4.3900,,Carton,,4,0.016
FRN005G1S-2U,23.5,33,23.5,4.7630,4.7630,17/3/2025,Carton,,3.8,0.018
FRN005G1S-4U,23.5,33,23.5,4.6710,4.6710,8/11/2022,Carton,,3.8,0.018
FRN0060C2S-2A,30,34,30,6.0610,6.0610,9/4/2025,Carton,,6.5,0.031
FRN0060C2S-2U,30,34,30,6.0830,6.0830,27/11/2024,Carton,,0,0.031
FRN0060C2S-2U A,30,34,30,6.0870,6.0870,17/8/2022,Carton,,0,0.031
FRN0060F2E-4G,32.5,47,30,12.2610,12.2610,14/10/2025,Carton,,12.3,0.046
FRN0060G2E-4G,32.5,47,30,12.6240,12.6240,24/12/2024,Carton,5,,0.046
FRN0060G2E-4GAP,32.5,47,30,12.6670,12.6670,27/9/2024,Carton,,,0.046
FRN0060G2S-4G,32.5,47,30,11.8080,11.8080,16/1/2026,Carton,,,0.046
FRN0060G2S-4GU,32.5,47,30,11.8050,11.8050,26/12/2024,Carton,,,0.046
FRN0060LM2A-4E,45,71,49,32.0000,33.0000,29/1/2026,Carton Case,3,38,0.157
FRN0060LM2A-4ESD,45,71,49,28.0000,32.0000,17/11/2021,Carton,,,0.157
FRN0069E2S-2GB,30,34,30,6.1610,6.1610,22/9/2025,Carton,7,10.9,0.031
FRN0069E2S-2GBBM1,30,34,30,6.1500,6.1500,3/8/2023,Carton,,,0.031
FRN0069E2S-2U,30,34,30,6.3100,6.3100,,Carton,,10.9,0.031
FRN0069E3S-2G,30,34,30,6.4350,6.4350,27/11/2024,Carton,,,0.031
FRN0072E2E-4E,35,50,33,13.6950,13.6950,19/5/2025,Carton,3,13,0.058
FRN0072E2S-4A,35,50,33,12.6000,12.6000,,Carton,,11.8,0.058
FRN0072E2S-4E,,,,No Data,No Data,,Carton,,11.8,0.000
FRN0072E2S-4GB,35,50,33,12.9110,12.9110,29/7/2025,Carton,5,11.8,0.058
FRN0072E2S-4GBBM1,35,50,33,12.8600,12.8600,18/9/2023,Carton,,,0.058
FRN0072E2S-4U,35,50,33,11.9500,11.9500,,Carton,,12,0.058
FRN0072E3E-4G,32.5,47,30,13.0000,13.0000,31/10/2024,Carton,,,0.046
FRN0072E3S-4G,32.5,47,30,11.7130,11.7130,12/9/2025,Carton,,,0.046
FRN0075F2E-4G,45,71,49,28.0000,32.0000,15/1/2025,Carton Case,,37,0.157
FRN0075G2E-4G,49,80,51,28.0000,33.0000,6/3/2024,Carton Case,2,,0.200
FRN0075G2S-2G,32.5,47,30,11.8110,11.8110,3/12/2025,Carton,5,,0.046
FRN0075G2S-4G,45,71,49,24.0000,29.0000,8/3/2023,Carton Case,,,0.157
FRN0075LM2A-4E,45,71,49,32.0000,33.0000,4/6/2025,Carton Case,4,39,0.157
FRN0075LM2A-4ESD,45,71,49,28.0000,32.0000,2/12/2025,Carton,,39,0.157
FRN007AR1L-2U,31,68,37,17.8470,17.7500,24/10/2024,Carton,,20,0.078
FRN007AR1L-4U,23.5,55,34.5,10.6000,10.6000,3/8/2023,Carton,,11,0.045
FRN007AR1M-2U,31,68,37,17.7420,17.7420,17/1/2024,Carton,,20,0.078
FRN007AR1M-4U,23.5,55,34.5,10.5820,10.5820,17/1/2024,Carton,3,11,0.045
FRN007E1S-2U,25.5,30,25.5,4.2900,4.2900,,Carton,,4.5,0.020
FRN007E1S-4U,25.5,30,25.5,4.3100,4.3100,,Carton,,4.5,0.020
FRN007F1S-2DY,30,34,32,7.1400,7.1400,,Carton,,7,0.033
FRN007F1S-2U,30,34,32,7.1100,7.1100,,Carton,,7,0.033
FRN007F1S-4DY,21.5,32,23,4.5000,4.5000,,Carton,,4,0.016
FRN007F1S-4U,21.5,32,23,4.4200,4.4200,,Carton,,4,0.016
FRN007G1S-2U,31,37,34,8.7800,8.7800,5/7/2024,Carton,,8.2,0.039
FRN007G1S-4U,31,37,34,8.8400,8.8400,5/2/2025,Carton,,8.2,0.039
FRN0085E2E-4E,45,71,49,27.0000,32.0000,6/12/2024,Carton Case,3,37,0.157
FRN0085E2S-4A,45,71,49,26.0000,31.0000,,Carton Case,,36,0.157
FRN0085E2S-4E,45,71,49,No Data,No Data,,Carton Case,,-,0.157
FRN0085E2S-4GB,45,71,49,25.0000,30.0000,24/10/2024,Carton Case,,36,0.157
FRN0085E2S-4U,49,80,53,30.0000,36.0000,,Carton Case,,30,0.208
FRN0085G2E-4G,49,80,53,28.0000,33.0000,17/9/2025,Carton Case,,,0.208
FRN0085G2E-4GAP,49,80,53,28.0000,33.0000,27/9/2024,Carton Case,,,0.208
FRN0085G2S-4G,45,71,49,24.0000,29.0000,30/11/2024,Carton Case,,,0.157
FRN0088E2S-2A,32.5,47,30,12.4000,12.4000,,Carton,,11.3,0.046
FRN0088E2S-2GB,32.5,47,30,11.5930,11.5930,25/12/2024,Carton,5,11.3,0.046
FRN0088E2S-2GBBM1,32.5,47,30,11.5230,11.5230,23/6/2025,Carton,,,0.046
FRN0088E3S-2G,32.5,47,30,11.9000,11.9000,31/10/2024,Carton,,,0.046
FRN0088G2S-2G,32.5,47,30,11.9200,11.9200,13/1/2025,Carton,5,,0.046
FRN0088G2S-2GU,32.5,47,30,12.0600,12.0600,25/2/2025,Carton,,,0.046
FRN0091F2E-4G,45,71,49,28.0000,32.0000,28/3/2025,Carton Case,3,38,0.157
FRN0091G2E-4G,49,80,51,28.0000,33.0000,30/5/2024,Carton Case,2,,0.200
FRN0091G2S-4G,45,71,49,24.0000,29.0000,28/3/2024,Carton Case,3,,0.157
FRN0091LM2A-4E,49,80,51,37.0000,38.0000,1/9/2025,Carton Case,,45,0.200
FRN0091LM2A-4ESD,49,80,51,32.0000,38.0000,19/6/2025,Carton Case,,,0.200
FRN0105E2E-4E,45,71,49,28.0000,32.0000,11/8/2025,Carton Case,3,38,0.157
FRN0105E2S-4A,45,71,49,26.0000,31.0000,,Carton Case,,37,0.157
FRN0105E2S-4E,,,,No Data,No Data,,Carton Case,,-,0.000
FRN0105E2S-4GB,45,71,49,26.0000,30.0000,11/12/2024,Carton Case,4,37,0.157
FRN0105E2S-4U,49,80,51,31.0000,36.0000,,Carton Case,,31,0.200
FRN0105G2E-4G,49,80,53,32.0000,37.0000,25/2/2025,Carton,,,0.208
FRN0105G2E-4GAP,49,80,53,28.0000,33.0000,27/9/2024,Carton Case,,,0.208
FRN0105G2S-4G,45,71,49,24.0000,29.0000,3/12/2025,Carton,,,0.157
FRN010AR1L-2U,31,68,37,18.2350,18.2350,23/8/2023,Carton,,20,0.078
FRN010AR1L-4U,23.5,55,34.5,10.7930,10.7930,9/1/2024,Carton,,11,0.045
FRN010AR1M-2U,31,68,37,18.3000,18.3000,14/3/2023,Carton,,20,0.078
FRN010AR1M-4U,23.5,55,34.5,10.7830,10.7830,24/6/2024,Carton,,11,0.045
FRN010E1S-2U,25.5,30,25.5,4.3600,4.3600,23/12/2020,Carton,,4.5,0.020
FRN010E1S-4U,25.5,30,25.5,4.4200,4.4200,,Carton,,4.5,0.020
FRN010F1S-2DY,30,34,32,7.2700,7.2700,,Carton,,7,0.033
FRN010F1S-2U,30,34,32,7.2700,7.2700,,Carton,,7,0.033
FRN010F1S-4DY,30,34,32,7.1500,7.1500,,Carton,,7,0.033
FRN010F1S-4U,30,34,32,7.1700,7.1700,,Carton,,7,0.033
FRN010G1S-2U,31,37,34,8.7710,8.7710,3/12/2024,Carton,,8.2,0.039
FRN010G1S-4U,31,37,34,8.8770,8.8770,18/9/2023,Carton,,8.2,0.039
FRN0112F2E-4G,49,80,51,31.0000,36.0000,15/1/2025,Carton Case,3,44,0.200
FRN0112G2E-4G,49,80,51,33.0000,38.0000,30/5/2024,Carton Case,2,,0.200
FRN0112G2S-4G,49,80,51,33.0000,35.0000,23/5/2024,Carton Case,,,0.200
FRN0115E2S-2GB,32.5,47,30,12.0900,12.0900,11/12/2024,Carton,6,11.8,0.046
FRN0115E3S-2G,32.5,47,30,12.4410,12.4410,24/12/2025,Carton,,,0.046
FRN0115G2S-2G,32.5,47,30,12.4850,12.4850,26/9/2025,Carton,5,,0.046
FRN0115G2S-2GU,32.5,47,30,12.5550,12.5550,14/2/2025,Carton,,,0.046
FRN0139E2E-4E,49,80,51,33.0000,37.0000,21/4/2025,Carton Case,3,44,0.200
FRN0139E2S-4A,49,80,51,30.0000,35.0000,,Carton Case,,43,0.200
FRN0139E2S-4E,49,80,51,No Data,No Data,,Carton Case,,-,0.200
FRN0139E2S-4GB,49,80,51,31.0000,35.0000,14/11/2025,Carton Case,3,43,0.200
FRN0139E2S-4U,49,80,51,35.0000,40.0000,,Carton Case,,36,0.200
FRN0139G2E-4GAP,49,80,53,33.0000,38.0000,27/9/2024,Carton Case,,,0.208
FRN0139G2S-4G,48,77,51,29.0000,34.0000,25/11/2024,Carton,,,0.188
FRN0146G2S-2G,45,71,49,24.0000,29.0000,18/4/2025,Carton Case,3,,0.157
FRN0150F2E-4G,49,85,46,34.0000,38.0000,15/1/2025,Carton Case,3,45,0.192
FRN0150G2E-4G,49,80,51,34.0000,40.0000,12/6/2024,Carton Case,2,,0.200
FRN0150G2S-4G,50,87,46,32.0000,37.0000,27/2/2023,Carton Case,,,0.200
FRN015AR1L-2U,32.5,47,30,18.6430,18.6430,13/9/2022,Carton,,20,0.046
FRN015AR1L-4U,31,68,37,18.0400,18.0400,20/12/2023,Carton,,20,0.078
FRN015AR1M-2U,31,68,37,18.6780,18.6780,24/10/2024,Carton,,20,0.078
FRN015AR1M-4U,31,68,37,17.7480,17.7480,19/5/2023,Carton,,20,0.078
FRN015E1S-2U,30,34,30,6.7400,6.7400,,Carton,,8.2,0.031
FRN015E1S-4U,30,34,30,6.7500,6.7500,,Carton,,8.2,0.031
FRN015F1S-2DY,30,34,32,8.4000,8.4000,,Carton,,8,0.033
FRN015F1S-2U,30,34,32,8.2200,8.2200,,Carton,,8,0.033
FRN015F1S-4DY,30,34,32,7.3100,7.3100,,Carton,,7,0.033
FRN015F1S-4U,30,34,32,7.2200,7.2200,,Carton,,7,0.033
FRN015G1S-2U,31,37,34,9.0180,9.0180,16/1/2025,Carton,,8.2,0.039
FRN015G1S-4AD,31,37,34,9.0000,9.0000,,Carton,,8.2,0.039
FRN015G1S-4U,31,37,34,8.9370,8.9370,18/9/2023,Carton,,8.2,0.039
FRN015G1S-4U P,31,37,34,8.9150,8.9150,27/6/2024,Carton,,,0.039
FRN0168E2E-4E,50,87,46,34.0000,38.0000,2/7/2024,Carton Case,3,45,0.200
FRN0168E2S-4A,50,87,46,34.0000,39.0000,,Carton Case,,45,0.200
FRN0168E2S-4E,50,87,46,No Data,No Data,,Carton Case,,-,0.200
FRN0168E2S-4GB,50,87,46,32.5000,38.0000,12/9/2025,Carton Case,3,45,0.200
FRN0168E2S-4U,49,80,51,37.0000,46.0000,,Carton Case,,37,0.200
FRN0176F2E-4G,50,87,46,42.0000,46.0000,14/1/2025,Carton Case,,50,0.200
FRN0179G2E-4G,49,80,53,35.0000,40.0000,17/9/2025,Carton Case,,,0.208
FRN0179G2E-4GAP,49,80,53,35.0000,40.0000,27/9/2024,Carton Case,,,0.208
FRN0179G2S-4G,50,87,46,33.0000,38.0000,31/10/2024,Carton Case,,,0.200
FRN0179G2W-4GU,47,125,53,61.0000,71.0000,28/12/2024,Carton Case,,,0.311
FRN0180G2E-4G,51,96,53,43.0000,49.0000,18/6/2024,Carton Case,,,0.259
FRN0180G2S-2G,49,80,51,33.0000,37.0000,18/4/2025,Carton Case,3,,0.200
FRN0180G2S-4G,50,87,46,39.0000,45.0000,23/5/2024,Carton Case,3,,0.200
FRN0.1C2S-2J,11,19.5,15.5,0.6800,0.6800,28/12/2022,Carton,,,0.003
FRN0.1C2S-7J,11,19.5,15.5,0.6760,0.6760,10/1/2023,Carton,,,0.003
FRN0.1E1E-7A,11,19.5,15.5,1.0800,1.0800,,Carton,,1.1,0.003
FRN0.1E1E-7E,11,19.5,15.5,1.0900,1.0900,,Carton,,1.1,0.003
FRN0.1E1S-2A,11,19.5,15.5,0.9500,0.9500,,Carton,,1,0.003
FRN0.1E1S-7A,,,,No Data,No Data,,Carton,,1,0.000
FRN0.1E1S-7E,11,19.5,15.5,0.9600,0.9600,,Carton,,1,0.003
FRN0203E2E-4E,50,87,46,42.0000,46.0000,6/12/2024,Carton Case,4,50,0.200
FRN0203E2S-4A,50,87,46,43.0000,48.0000,,Carton Case,,50,0.200
FRN0203E2S-4E,51,96,53,No Data,No Data,,Carton Case,,-,0.259
FRN0203E2S-4GB,50,87,46,41.0000,46.0000,10/9/2024,Carton Case,3,50,0.200
FRN0203E2S-4GB P,50,87,46,40.0000,45.0000,3/2/2023,Carton Case,,,0.200
FRN0203E2S-4U,51,96,53,50.0000,52.0000,,Carton Case,,50,0.259
FRN020AR1L-2U,31,74,37,22.9380,22.9380,3/8/2023,Carton,,25,0.085
FRN020AR1L-4U,31,68,37,18.4950,18.4950,18/7/2023,Carton,,20,0.078
FRN020AR1M-2U,31,74,37,22.9950,22.9950,10/8/2023,Carton,,25,0.085
FRN020AR1M-4U,31,68,37,18.4930,18.4930,8/10/2024,Carton,3,20,0.078
FRN020E1S-2U,30,34,30,7.6800,7.6800,,Carton,,9,0.031
FRN020E1S-4U,30,34,30,7.4800,7.4800,,Carton,,9,0.031
FRN020F1S-2DY,32.5,47,30,11.1200,11.1200,,Carton,,12,0.046
FRN020F1S-2U,32.5,47,30,11.3300,11.3300,,Carton,,12,0.046
FRN020F1S-4DY,30,34,32,8.4500,8.4500,,Carton,,8,0.033
FRN020F1S-4U,30,34,32,8.3000,8.3000,,Carton,,8,0.033
FRN020G1S-2U,31,37,34,8.4350,8.4350,12/9/2024,Carton,,7.2,0.039
FRN020G1S-4AD,31,37,34,8.2900,8.2900,,Carton,,7.25,0.039
FRN020G1S-4U,31,37,34,8.2180,8.2180,15/2/2023,Carton,,7.2,0.039
FRN020G1S-4U P,31,37,34,8.2200,8.2200,27/6/2024,Carton,,,0.039
FRN0210F2E-4G,65,85,46,59.0000,68.0000,9/9/2024,Carton Case,2,69,0.254
FRN0215G2S-2G,50,87,46,43.0000,47.0000,2/7/2025,Carton Case,,,0.200
FRN0215G2S-2GU,50,87,46,45.0000,55.0000,27/12/2024,Carton Case,,,0.200
FRN0216G2E-4G,68,131,60,69.0000,78.0000,7/6/2024,Carton Case,2,,0.534
FRN0216G2S-4G,65,85,46,56.0000,68.0000,20/6/2024,Carton Case,2,,0.254
FRN0217G2E-4G,53,95,54,44.0000,49.0000,27/2/2025,Carton,,,0.272
FRN0217G2E-4GAP,51,96,53,44.0000,49.0000,27/9/2024,Carton Case,,,0.259
FRN0217G2S-4G,50,87,46,41.0000,46.0000,30/10/2025,Carton Case,,,0.200
FRN0217G2W-4GU,47,125,53,69.0000,79.0000,28/12/2024,Carton Case,,,0.311
FRN0230E2S-4A,50,87,46,No Data,No Data,,Carton Case,,45,0.200
FRN0240E2E-4E,65,85,46,59.0000,67.0000,2/9/2024,Carton Case,2,69,0.254
FRN0240E2S-4A,65,85,46,59.0000,69.0000,,Carton Case,,69,0.254
FRN0240E2S-4GB,65,85,46,58.0000,68.0000,7/8/2025,Carton Case,2,69,0.254
FRN0240E2S-4U,,,,No Data,No Data,,Carton Case,,0,0.000
FRN0253F2E-4G,65,85,46,60.0000,68.0000,15/1/2024,Carton Case,2,70,0.254
FRN025AR1L-2U,31,74,37,23.0300,23.0300,12/6/2024,Carton,,25,0.085
FRN025AR1L-4U,31,68,37,18.6300,18.6300,20/9/2022,Carton,,20,0.078
FRN025AR1M-2U,31,74,37,23.0840,23.0840,24/12/2025,Carton,,25,0.085
FRN025AR1M-4U,31,68,37,18.5850,18.5850,24/10/2024,Carton,,20,0.078
FRN025F1S-2DY,32.5,47,30,11.3300,11.3300,,Carton,,12,0.046
FRN025F1S-2U,32.5,47,30,11.4000,11.4000,,Carton,,12,0.046
FRN025F1S-4DY,32.5,47,30,11.2400,11.2400,,Carton,,12,0.046
FRN025F1S-4U,32.5,47,30,10.8500,10.8500,,Carton,,12,0.046
FRN025G1S-2U,35,50,33,13.9310,13.9310,3/12/2024,Carton,,11,0.058
FRN025G1S-4AD,35,50,33,12.8500,12.8500,,Carton,,11.33,0.058
FRN025G1S-4U,35,50,33,13.5550,13.5550,3/10/2023,Carton,,11,0.058
FRN025G1S-4U P,35,50,33,13.5900,13.5900,27/6/2024,Carton Case,,,0.058
FRN0260G2E-4G,68,131,60,84.0000,94.0000,12/6/2024,Carton Case,,,0.534
FRN0260G2S-4G,65,85,46,57.0000,68.0000,9/4/2024,Carton Case,2,,0.254
FRN0261G2E-4GAP,65,85,46,57.0000,67.0000,30/9/2024,Carton Case,,,0.254
FRN0261G2S-4G,65,85,46,57.0000,67.0000,14/10/2025,Carton Case,,,0.254
FRN0261G2W-4GU,65,125,54,95.0000,105.0000,28/12/2024,Carton Case,,,0.439
FRN0288G2S-2G,50,87,46,45.0000,48.0000,11/12/2025,Carton Case,,,0.200
FRN0290E2E-4E,65,85,46,60.0000,68.0000,2/9/2024,Carton Case,2,70,0.254
FRN0290E2S-4A,65,85,46,60.0000,70.0000,,Carton Case,,70,0.254
FRN0290E2S-4GB,65,85,46,59.0000,68.0000,18/8/2025,Carton Case,2,70,0.254
FRN0290E2S-4U,65,85,46,No Data,No Data,,Carton Case,,0,0.254
FRN0290G2E-4GAP,68,131,60,62.0000,79.0000,30/9/2024,Carton Case,,,0.534
FRN0290G2S-4G,65,85,46,62.0000,67.0000,19/1/2026,Carton Case,3,,0.254
FRN0.2C2S-2J,11,19.5,15.5,0.6800,0.6800,28/12/2022,Carton,,,0.003
FRN0.2C2S-7J,11,19.5,15.5,0.6970,0.6970,10/1/2023,Carton,,,0.003
FRN0.2E1E-7A,,,,No Data,No Data,,Carton,,1.5,0.000
FRN0.2E1E-7E,11,19.5,15.5,1.1000,1.1000,,Carton,,1.5,0.003
FRN0.2E1S-2A,11,19.5,15.5,0.9200,0.9200,,Carton,,1,0.003
FRN0.2E1S-7A,11,19.5,15.5,0.9700,0.9700,,Carton,,1,0.003
FRN0.2E1S-7E,11,19.5,15.5,0.9600,0.9600,,Carton,,1,0.003
FRN0.2E1S-7JSF1E,11,19.5,15.5,0.9900,0.9900,,Carton,,1,0.003
FRN0304F2E-4G,65,110,50,93.0000,101.0000,17/1/2023,Carton Case,,103,0.358
FRN030AR1L-2U,40,88,50,44.0000,48.0000,13/2/2024,Carton Case,,54,0.176
FRN030AR1L-4U,31,68,37,18.9800,18.9800,2/11/2021,Carton,,20,0.078
FRN030AR1M-2U,40,88,50,44.0000,49.0000,30/1/2024,Carton Case,,54,0.176
FRN030AR1M-4U,31,68,37,19.0880,19.0880,9/1/2024,Carton,,20,0.078
FRN030F1S-2DY,32.5,47,30,13.4000,13.4000,,Carton,,14,0.046
FRN030F1S-2U,32.5,47,30,13.2800,13.2800,,Carton,,14,0.046
FRN030F1S-4DY,32.5,47,30,11.8200,11.8200,,Carton,,12,0.046
FRN030F1S-4U,32.5,47,30,11.7600,11.7600,,Carton,,12,0.046
FRN030G1S-2U,35,50,33,14.1120,14.1120,4/9/2024,Carton,,11,0.058
FRN030G1S-4AD,35,50,33,12.6100,12.6100,,Carton,,11.33,0.058
FRN030G1S-4U,35,50,33,13.5820,13.5820,15/5/2025,Carton,,11,0.058
FRN030G1S-4U P,35,50,33,13.6000,13.6000,27/6/2024,Carton,,,0.058
FRN0325G2E-4G,75,155,60,88.0000,109.0000,4/6/2024,Carton Case,2,,0.698
FRN0325G2S-4G,65,110,50,87.0000,97.0000,9/4/2024,Carton Case,2,,0.358
FRN0346G2S-2G,65,85,46,63.0000,68.0000,15/3/2024,Carton Case,,,0.254
FRN0346G2W-2GU,65,130,51,101.0000,111.0000,24/2/2025,Carton Case,,,0.431
FRN0361E2E-4E,65,110,50,92.0000,103.0000,17/9/2024,Carton Case,2,103,0.358
FRN0361E2S-4A,65,110,50,93.0000,103.0000,,Carton Case,,103,0.358
FRN0361E2S-4GB,65,110,50,93.0000,103.0000,28/3/2025,Carton Case,2,103,0.358
FRN0361E2S-4U,65,110,50,No Data,No Data,,Carton Case,,0,0.358
FRN0376G2E-4GAP,70,155,60,85.0000,110.0000,12/12/2025,Carton Case,,,0.651
FRN0376G2S-4G,65,110,50,85.0000,96.0000,14/1/2025,Carton Case,,,0.358
FRN0377F2E-4G,65,110,50,87.0000,102.0000,2/9/2025,Carton Case,3,109,0.358
FRN0377G2E-4G,75,155,60,90.0000,110.0000,4/1/2024,Carton Case,2,,0.698
FRN0377G2S-4G,65,110,50,87.0000,98.0000,6/9/2024,Carton Case,2,,0.358
FRN040AR1L-2U,40,88,50,43.0000,49.0000,26/6/2024,Carton Case,,54,0.176
FRN040AR1L-4U,31,74,37,23.4000,23.4000,23/8/2022,Carton,,25,0.085
FRN040AR1M-2U,40,88,50,43.0000,49.0000,7/2/2024,Carton Case,,54,0.176
FRN040AR1M-4U,31,74,37,23.2120,23.2120,24/6/2024,Carton,,25,0.085
FRN040F1S-2DY,45,71,49,32.0000,37.0000,,Carton Case,,32,0.157
FRN040F1S-2U,45,71,49,37.0000,39.0000,,Carton Case,,37,0.157
FRN040F1S-4DY,32.5,47,30,13.3900,13.3900,,Carton,,14,0.046
FRN040F1S-4U,32.5,47,30,13.2570,13.2570,10/11/2020,Carton,,14,0.046
FRN040G1S-2U,35,50,33,14.5810,14.5810,17/3/2025,Carton,,12,0.058
FRN040G1S-4AD,35,50,33,12.6300,12.6300,,Carton,,11.8,0.058
FRN040G1S-4U,35,50,33,13.6800,13.6800,24/10/2024,Carton,,12,0.058
FRN0415E2E-4E,65,110,50,91.0000,101.0000,4/4/2024,Carton Case,2,104,0.358
FRN0415E2S-4A,65,110,50,94.0000,104.0000,,Carton Case,,104,0.358
FRN0415E2S-4GB,65,110,50,88.0000,102.0000,7/8/2025,Carton Case,2,104,0.358
FRN0415E2S-4U,,,,No Data,No Data,,Carton Case,,0,0.000
FRN0415F2E-4G,76,110,50,134.0000,135.0000,14/1/2025,Carton Case,,137,0.418
FRN0431G2E-4GAP,70,155,60,99.0000,109.0000,4/10/2024,Carton Case,,,0.651
FRN0431G2S-4G,65,110,50,86.0000,97.0000,14/1/2025,Carton Case,3,,0.358
FRN0432G2E-4G,85,155,60,119.0000,139.0000,7/6/2024,Carton Case,2,,0.791
FRN0432G2S-2G,76,110,50,96.0000,107.0000,27/11/2025,Carton Case,,,0.418
FRN0432G2S-4G,76,110,50,119.0000,125.0000,6/9/2024,Carton Case,2,,0.418
FRN0432G2W-2GU,76,155,62,146.0000,156.0000,27/2/2025,Carton Case,,,0.730
FRN0.4C2S-2J,11,19.5,15.5,0.7640,0.7640,11/12/2024,Carton,,,0.003
FRN0.4C2S-4J,14.5,19.5,20.5,1.3760,1.3760,2/9/2025,Carton,7,,0.006
FRN0.4C2S-7J,11,19.5,15.5,0.7910,0.7910,16/1/2023,Carton,,,0.003
FRN0.4E1E-4A,14.5,19.5,24,2.0500,2.0500,,Carton,,2,0.007
FRN0.4E1E-4E,14.5,19.5,24,2.0500,2.0500,,Carton,,2,0.007
FRN0.4E1E-7A,11,19.5,19,1.2100,1.2100,,Carton,,1.5,0.004
FRN0.4E1E-7E,11,19.5,19,1.2200,1.2200,,Carton,,1.5,0.004
FRN0.4E1S-2A,11,19.5,15.5,1.0200,1.0200,,Carton,,1,0.003
FRN0.4E1S-4A,14.5,19.5,20.5,1.6200,1.6200,,Carton,,2,0.006
FRN0.4E1S-4E,14.5,19.5,20.5,1.6400,1.6400,,Carton,,2,0.006
FRN0.4E1S-4JSF1E,14.5,19.5,20.5,1.6100,1.6100,,Carton,,2,0.006
FRN0.4E1S-4LM,,,,No Data,No Data,,Carton,,2,0.000
FRN0.4E1S-7A,11,19.5,15.5,1.0400,1.0400,,Carton,,1.5,0.003
FRN0.4E1S-7DL,,,,No Data,No Data,,Carton,,1.5,0.000
FRN0.4E1S-7E,11,19.5,15.5,1.0400,1.0400,,Carton,,1.5,0.003
FRN0.4E1S-7JSF1E,11,19.5,15.5,1.0900,1.0900,,Carton,,1.5,0.003
FRN0.4E2S-4J,14.5,19.5,20.5,1.5200,1.5200,7/11/2024,Carton,,,0.006
FRN0.4G1E-4A,17,31,22,2.4460,2.4460,2/11/2021,Carton,,2.5,0.012
FRN0.4G1E-4E,17,31,22,2.4800,2.4800,13/9/2022,Carton,,2.5,0.012
FRN0.4G1E-4EAQ,,,,No Data,No Data,,Carton,,0,0.000
FRN0.4G1S-2A,17,31,22,2.3500,2.3880,28/12/2020,Carton,,2.4,0.012
FRN0.4G1S-4A,17,31,22,2.4200,2.4200,22/6/2023,Carton,,2.4,0.012
FRN050AR1L-2U,45,103,60,67.0000,72.0000,24/10/2024,Carton Case,3,76,0.278
FRN050AR1L-4U,31,74,37,23.5150,23.5150,21/10/2024,Carton,,25,0.085
FRN050AR1M-2U,45,103,60,67.0000,71.0000,24/10/2024,Carton Case,3,75,0.278
FRN050AR1M-4U,31,74,37,23.4550,23.4550,3/8/2023,Carton,,25,0.085
FRN050F1S-2DY,49,80,55,45.0000,50.0000,,Carton Case,,47,0.216
FRN050F1S-2U,49,80,55,43.0000,48.0000,,Carton Case,,47,0.216
FRN050F1S-4DY,45,71,49,33.0000,38.0000,,Carton Case,,37,0.157
FRN050F1S-4U,45,71,49,34.0000,39.0000,,Carton Case,,37,0.157
FRN050G1S-2U,49,80,51,32.0000,41.0000,5/3/2024,Carton Case,3,35,0.200
FRN050G1S-4AD,49,80,51,31.0000,36.0000,,Carton Case,,38.5,0.200
FRN050G1S-4U,49,80,51,32.0000,41.0000,23/1/2025,Carton Case,2,39,0.200
FRN050G1S-4U P,49,80,51,35.0000,40.0000,27/6/2024,Carton,,,0.200
FRN0520E2E-4E,76,110,50,120.0000,136.0000,16/8/2024,Carton Case,2,137,0.418
FRN0520E2S-4A,76,110,50,130.0000,145.0000,,Carton Case,,149,0.418
FRN0520E2S-4GB,76,110,50,116.0000,135.0000,8/10/2024,Carton Case,2,137,0.418
FRN0520E2S-4U,76,110,50,131.0000,146.0000,,Carton Case,,149,0.418
FRN0520E2S-4UDA,85,155,60,142.0000,166.0000,28/11/2025,Carton Case,2,144,0.791
FRN0520F2E-4G,76,110,50,145.0000,146.0000,16/6/2025,Carton Case,3,149,0.418
FRN0520G2E-4G,85,155,60,128.0000,149.0000,6/3/2024,Carton Case,2,,0.791
FRN0520G2S-4G,76,110,50,129.0000,135.0000,22/8/2024,Carton Case,2,,0.418
FRN0547G2E-4GAP,85,155,60,114.0000,124.0000,30/9/2024,Carton Case,,,0.791
FRN0547G2S-4G,76,110,50,114.0000,125.0000,29/1/2026,Carton Case,3,,0.418
FRN0590E2E-4E,76,110,50,130.0000,147.0000,13/9/2024,Carton Case,,149,0.418
FRN0590E2S-4A,76,110,50,132.0000,147.0000,,Carton Case,,149,0.418
FRN0590E2S-4GB,76,110,50,126.0000,147.0000,11/9/2025,Carton Case,2,149,0.418
FRN0590E2S-4U,76,110,50,No Data,No Data,,Carton Case,,154,0.418
FRN0590E2S-4UDA,85,155,60,153.0000,176.0000,20/3/2025,Carton Case,,153 (338 lbs),0.791
FRN060AR1L-2U,45,103,60,66.0000,73.0000,12/6/2024,Carton Case,,76,0.278
FRN060AR1L-4U,40,88,50,45.0000,50.0000,3/8/2022,Carton Case,,54,0.176
FRN060AR1M-2U,45,103,57,66.0000,71.0000,21/12/2020,Carton Case,,76,0.264
FRN060AR1M-4U,40,88,50,44.0000,51.0000,17/1/2024,Carton Case,,54,0.176
FRN060F1S-2DY,49,80,53,45.0000,50.0000,,Carton Case,,47,0.208
FRN060F1S-2U,49,80,53,48.0000,53.0000,,Carton Case,,47,0.208
FRN060F1S-4DY,45,71,49,35.0000,40.0000,,Carton Case,,37,0.157
FRN060F1S-4U,45,71,49,35.0000,40.0000,,Carton Case,,37,0.157
FRN060G1S-2U,49,80,51,39.0000,46.0000,12/9/2023,Carton Case,,44,0.200
FRN060G1S-4AD,49,80,53,31.0000,36.0000,,Carton Case,,38.5,0.208
FRN060G1S-4U,49,80,51,33.0000,41.0000,23/1/2025,Carton Case,3,35 (85 lbs),0.200
FRN0610G2E-4G,85,155,60,138.0000,148.0000,27/11/2024,Carton Case,3,,0.791
FRN0610G2E-4GAP,85,155,60,138.0000,148.0000,30/9/2024,Carton Case,,,0.791
FRN0610G2S-4G,76,110,50,124.0000,135.0000,19/1/2026,Carton Case,,,0.418
FRN0610G2W-4GU,85,155,60,190.0000,200.0000,28/12/2024,Carton Case,,,0.791
FRN0650G1S-4UDA,96,219,83,363.0000,393.0000,11/4/2025,Wooden Case,wooden case,846 lbs,1.745
FRN0650G2E-4G,89,185,62,222.0000,277.0000,31/8/2023,Carton Case,,,1.021
FRN0650G2S-4G,89,185,62,222.0000,282.0000,28/3/2024,Carton Case,1,,1.021
FRN0739G2E-4G,89,185,62,222.0000,282.0000,27/11/2024,Carton Case,,,1.021
FRN0739G2E-4GAP,89,185,62,222.0000,272.0000,9/10/2025,Carton Case,,,1.021
FRN0739G2S-4G,89,185,62,222.0000,284.0000,3/10/2025,Carton Case,2,,1.021
FRN0740G1S-4UDA,96,219,83,363.0000,391.0000,17/3/2025,Wooden Case,,0,1.745
FRN0740G2E-4G,89,185,62,223.0000,280.0000,20/3/2024,Carton Case,,,1.021
FRN0740G2S-4G,89,185,62,223.0000,274.0000,8/2/2024,Carton Case,1,,1.021
FRN0.75AQ1L-4A,,,,No Data,No Data,,Carton,,11,0.000
FRN0.75AQ1L-4E,23.5,55,34.5,9.6270,9.6270,26/4/2024,Carton,3,11,0.045
FRN0.75AQ1M-4A,23.5,55,34.5,9.6150,9.6150,28/5/2021,Carton,,11,0.045
FRN0.75AQ1M-4E,23.5,55,34.5,9.7200,9.7200,,Carton,,11,0.045
FRN0.75AR1L-2J,23.5,55,34.5,10.6400,10.6400,,Carton,,11,0.045
FRN0.75AR1L-4A,23.5,55,34.5,9.8230,9.8230,14/1/2025,Carton,,11,0.045
FRN0.75AR1L-4E,23.5,55,34.5,9.7430,9.7430,2/7/2024,Carton,,11,0.045
FRN075AR1L-4U,40,88,50,45.0000,50.0000,17/8/2022,Carton Case,,54,0.176
FRN0.75AR1M-4A,23.5,55,34.5,9.7060,9.7060,10/10/2025,Carton,,11,0.045
FRN0.75AR1M-4E,23.5,55,34.5,9.6830,9.6830,16/7/2025,Carton,,11,0.045
FRN075AR1M-4U,40,88,50,45.0000,51.0000,17/1/2024,Carton Case,,54,0.176
FRN075AR1S-2U,51,96,53,49.0000,54.0000,,Carton Case,,42,0.259
FRN0.75C2S-2J,11,19.5,15.5,0.8780,0.8780,25/10/2024,Carton,,,0.003
FRN0.75C2S-4J,14.5,19.5,20.5,1.4900,1.4900,16/1/2023,Carton,,,0.006
FRN0.75C2S-7J,11,19.5,17.5,1.0050,1.0050,16/1/2023,Carton,,,0.004
FRN0.75E1E-4A,14.5,19.5,24,2.1800,2.1800,,Carton,,2.1,0.007
FRN0.75E1E-4E,14.5,19.5,24,2.1800,2.1800,,Carton,,2.1,0.007
FRN0.75E1E-7A,14.5,19.5,20.5,1.8000,1.8000,,Carton,,2,0.006
FRN0.75E1E-7E,14.5,19.5,20.5,1.7700,1.7700,,Carton,,2,0.006
FRN0.75E1S-2A,11,19.5,19,1.1600,1.1600,,Carton,,1.1,0.004
FRN0.75E1S-2BM1,11,19.5,19,1.4000,1.4000,,Carton,,1.1,0.004
FRN0.75E1S-4A,14.5,19.5,20.5,1.7500,1.7500,,Carton,,2,0.006
FRN0.75E1S-4BM1,14.5,19.5,20.5,1.7200,1.7200,,Carton,,2,0.006
FRN0.75E1S-4E,14.5,19.5,20.5,1.7700,1.7700,,Carton,,2,0.006
FRN0.75E1S-4JSF1E,14.5,19.5,20.5,1.7500,1.7500,,Carton,,2,0.006
FRN0.75E1S-4LM,,,,No Data,No Data,,Carton,,2,0.000
FRN0.75E1S-7A,11,19.5,19,1.2400,1.2400,,Carton,,1.5,0.004
FRN0.75E1S-7DL,,,,No Data,No Data,,Carton,,1.5,0.000
FRN0.75E1S-7E,11,19.5,19,1.2500,1.2500,,Carton,,1.5,0.004
FRN0.75E1S-7FIE,,,,No Data,No Data,,Carton,,1.5,0.000
FRN0.75E1S-7JSF1E,11,19.5,19,1.2600,1.2600,,Carton,,1.5,0.004
FRN0.75E1S-7LM1,11,19.5,19,1.2380,1.2380,1/6/2021,Carton,,1.5,0.004
FRN0.75E2S-2J,10,19.5,19,1.0450,1.0450,27/12/2024,Carton,,,0.004
FRN0.75E2S-4J,14.5,19.5,20.5,1.7650,1.7650,7/11/2024,Carton,,,0.006
FRN075F1S-2DY,,,,No Data,No Data,,Carton Case,,0,0.000
FRN0.75F1S-2J,,,,No Data,No Data,,Carton,,4,0.000
FRN075F1S-2U,47,125,53,69.0000,79.0000,,Carton Case,,-,0.311
FRN0.75F1S-4A,21.5,32,23,4.0300,4.0300,,Carton,,4,0.016
FRN075F1S-4DY,49,80,53,45.0000,49.0000,,Carton Case,,45,0.208
FRN0.75F1S-4E,21.5,32,23,4.0300,4.0300,,Carton,,4,0.016
FRN0.75F1S-4J,,,,No Data,No Data,,Carton,,4,0.000
FRN075F1S-4U,49,80,53,46.0000,49.0000,,Carton Case,,46,0.208
FRN0.75G1E-4A,17,31,22,2.7550,2.7550,2/6/2021,Carton,,2.8,0.012
FRN0.75G1E-4E,17,31,22,2.7500,2.7500,4/9/2023,Carton,,2.8,0.012
FRN0.75G1E-4EAQ,,,,No Data,No Data,,Carton,,0,0.000
FRN0.75G1S-2A,17,31,22,2.6700,2.6700,5/7/2023,Carton,,2.7,0.012
FRN0.75G1S-2T,17,31,22,2.7200,2.7200,,Carton,,2.7,0.012
FRN075G1S-2U,51,96,53,53.0000,57.0000,2/11/2022,Carton Case,,53,0.259
FRN0.75G1S-4A,17,31,22,2.7000,2.7000,20/6/2023,Carton,,2.7,0.012
FRN075G1S-4AD,49,80,53,36.0000,41.0000,,Carton Case,,43.5,0.208
FRN0.75G1S-4T,17,31,22,2.7500,2.7500,,Carton,,2.7,0.012
FRN075G1S-4U,49,80,53,41.0000,45.0000,25/12/2024,Carton Case,3,41,0.208
FRN075G1S-4U P,49,80,51,38.0000,44.0000,27/6/2024,Carton Case,,,0.200
FRN0.75G2S-2J,17,31,22,2.3150,2.3150,5/3/2024,Carton,8,,0.012
FRN0.75G2S-4J,17,31,22,2.3760,2.3760,9/6/2025,Carton Case,,,0.012
FRN0840G2E-4GAP,89,185,62,223.0000,274.0000,30/9/2024,Carton Case,,,1.021
FRN0840G2S-4G,89,185,62,223.0000,284.0000,3/10/2025,Carton Case,2,,1.021
FRN0960G2E-4G,110,186,62,293.0000,353.0000,18/10/2023,Carton Case,1,,1.269
FRN0960G2S-4G,110,186,62,293.0000,353.0000,18/10/2023,Carton Case,2,,1.269
FRN1000G1S-4U,127,230,87,548.0000,909.0000,23/1/2025,Wooden Case,wooden case,852,2.541
FRN100AR1L-4U,45,103,60,68.0000,74.0000,2/11/2022,Carton Case,,76,0.278
FRN100AR1M-4U,45,103,60,68.0000,75.0000,17/4/2024,Carton Case,,76,0.278
FRN100AR1S-2U,53,130,53,56.0000,74.0000,28/6/2022,Carton Case,,43,0.365
FRN100F1S-2DY,47,125,53,72.5000,78.0000,,Carton Case,,72.5,0.311
FRN100F1S-2U,47,125,53,67.0000,77.0000,,Carton Case,,-,0.311
FRN100F1S-4DY,47,125,53,63.0000,72.0000,,Carton Case,,63,0.311
FRN100F1S-4U,47,125,53,66.0000,70.0000,,Carton Case,,66,0.311
FRN100G1S-2U,53,130,53,64.0000,76.0000,21/12/2022,Carton Case,,75,0.365
FRN100G1S-4AD,53,130,53,52.0000,62.0000,,Carton Case,,65.7,0.365
FRN100G1S-4U,53,130,53,52.0000,66.0000,16/1/2025,Carton Case,2,66,0.365
FRN1039G2E-4GAP,110,186,62,293.0000,353.0000,30/9/2024,Carton Case,,,1.269
FRN1039G2S-4G,110,186,62,293.0000,353.0000,23/8/2024,Carton Case,,,1.269
FRN1039G2W-4GU,118,219,83,293.0000,536.0000,11/4/2025,Wooden Case,,,2.145
FRN1040G2E-4G,110,186,62,298.0000,358.0000,6/3/2024,Carton Case,,,1.269
FRN1040G2S-4G,110,186,62,298.0000,364.0000,31/3/2025,Carton Case,1,,1.269
FRN110AQ1S-4A,68,131,60,81.0000,95.0000,27/2/2024,Carton Case,2,81,0.534
FRN110AQ1S-4E,68,131,60,81.0000,99.0000,22/10/2025,Carton Case,2,81,0.534
FRN110AR1S-4A,68,131,60,81.0000,96.0000,25/9/2025,Carton Case,2,81,0.534
FRN110AR1S-4E,68,131,60,81.0000,98.0000,12/10/2023,Carton Case,2,81,0.534
FRN110F1S-2J,77,157,59,155.0000,156.0000,,Carton Case,,155,0.713
FRN110F1S-4A,47,125,48,61.0000,71.0000,,Carton Case,,73,0.282
FRN110F1S-4E,,,,No Data,No Data,,Carton Case,,-,0.000
FRN110F1S-4J,47,125,48,No Data,No Data,,Carton Case,,71,0.282
FRN110G1E-4A,65,85,46,61.0000,69.0000,27/7/2023,Carton Case,,71,0.254
FRN110G1E-4E,68,131,60,70.0000,81.0000,4/9/2023,Carton Case,,83,0.534
FRN110G1E-4EAQ,,,,No Data,No Data,,Carton Case,,0,0.000
FRN110G1E-4EBU,,,,No Data,No Data,,Carton Case,,-,0.000
FRN110G1S-4A,65,85,46,61.0000,70.0000,30/6/2023,Carton Case,,71,0.254
FRN110G1S-4T,65,130,51,No Data,No Data,,Carton Case,,95,0.431
FRN110G2S-4J,65,85,46,62.0000,67.0000,2/9/2025,Carton Case,,,0.254
FRN1169G2E-4GAP,110,186,62,298.0000,357.0000,30/9/2024,Carton Case,,,1.269
FRN1169G2W-4GU,118,219,83,298.0000,547.0000,11/4/2025,Wooden Case,,,2.145
FRN1170G2E-4G,127,176,75,454.0000,527.0000,16/3/2023,Carton Case,,,1.676
FRN1170G2S-4G,127,176,75,454.0000,527.0000,28/3/2024,Carton Case,1,,1.676
FRN11AQ1L-4A,31,68,37,17.8000,17.8000,,Carton,,20,0.078
FRN11AQ1L-4E,31,68,37,17.8110,17.8110,11/8/2025,Carton,3,20,0.078
FRN11AQ1M-4A,31,68,37,17.7110,17.7110,1/10/2025,Carton,,20,0.078
FRN11AQ1M-4E,31,68,37,17.7830,17.7830,2/12/2025,Carton,,20,0.078
FRN11AR1K-4DSL,31,68,37,18.0250,18.0250,2/6/2021,Carton,,,0.078
FRN11AR1L-2J,31,68,37,18.5000,18.5000,,Carton,,20,0.078
FRN11AR1L-4A,31,68,37,17.8800,17.8800,9/9/2024,Carton,3,20,0.078
FRN11AR1L-4E,31,68,37,17.8660,17.8660,5/8/2025,Carton,3,20,0.078
FRN11AR1L-4J,31,68,37,17.8700,17.8700,,Carton,,20,0.078
FRN11AR1L-4TX,,,,No Data,No Data,,Carton,,0,0.000
FRN11AR1M-4A,31,68,37,17.8860,17.8860,5/9/2025,Carton,3,20,0.078
FRN11AR1M-4E,31,68,37,17.7560,17.7560,16/7/2025,Carton,4,20,0.078
FRN11C2S-2J,30,34,30,5.9120,5.9120,3/7/2024,Carton,6,,0.031
FRN11C2S-4J,30,34,30,5.9270,5.9270,3/7/2024,Carton,6,,0.031
FRN11E1E-4A,27,51,33.5,9.6200,9.6200,,Carton,,9.2,0.046
FRN11E1E-4E,27,51,33.5,9.5400,9.5400,,Carton,,9.2,0.046
FRN11E1S-2A,30,34,30,6.7500,6.7500,,Carton,,8,0.031
FRN11E1S-2BM1,30,34,30,6.6500,6.6500,,Carton,,8,0.031
FRN11E1S-2LM1,30,34,30,6.8900,6.8900,,Carton,,8,0.031
FRN11E1S-4A,30,34,30,6.8700,6.8700,,Carton,,8,0.031
FRN11E1S-4BM1,30,34,30,6.7980,6.7980,2/11/2021,Carton,,8,0.031
FRN11E1S-4E,30,34,30,6.8500,6.8500,,Carton,,8,0.031
FRN11E1S-4JSF1E,30,34,30,6.7600,6.7600,,Carton,,8,0.031
FRN11E1S-4LM,,,,No Data,No Data,,Carton,,8,0.000
FRN11E1S-4LM1,30,34,30,6.7820,6.7820,4/11/2021,Carton,,8,0.031
FRN11E1S-4LM3,30,34,30,6.8800,6.8800,,Carton,,8,0.031
FRN11F1S-2J,,,,No Data,No Data,,Carton,,7,0.000
FRN11F1S-4A,30,34,32,7.1000,7.1000,,Carton,,7,0.033
FRN11F1S-4E,30,34,32,7.1000,7.1000,,Carton,,7,0.033
FRN11F1S-4J,30,34,32,7.1300,7.1300,,Carton,,7,0.033
FRN11G1E-4A,30,34,32,7.5180,7.5180,30/8/2023,Carton,,7.5,0.033
FRN11G1E-4E,30,34,32,7.4610,7.4610,4/9/2023,Carton,,7.5,0.033
FRN11G1E-4EAQ,,,,No Data,No Data,,Carton,,0,0.000
FRN11G1S-2A,30,34,32,7.0750,7.0750,29/6/2023,Carton,,7.1,0.033
FRN11G1S-2T,30,34,30,No Data,No Data,,Carton,,7.1,0.031
FRN11G1S-4A,30,34,32,6.9050,6.9050,21/9/2023,Carton,6,7.1,0.033
FRN11G1S-4T,,,,No Data,No Data,,Carton,,7.1,0.000
FRN11G2S-2J,30,34,32,6.7420,6.7420,14/5/2025,Carton,5,,0.033
FRN11G2S-4J,30,34,32,6.7450,6.7450,24/10/2024,Carton,,,0.033
FRN11LM1S-2EA,30,34,32,8.4420,8.4420,2/6/2025,Carton,,9,0.033
FRN11LM1S-2SD,30,34,32,8.4850,8.4850,,Carton,,9,0.033
FRN11LM1S-4AA,30,34,32,8.3530,8.3530,16/12/2025,Carton,5,9,0.033
FRN11LM1S-4E,30,34,32,8.4130,8.4130,5/6/2024,Carton,,9,0.033
FRN11LM1S-4EA,30,34,32,8.4600,8.4600,,Carton,,9,0.033
FRN11LM1S-4SD,30,34,32,8.4100,8.4100,,Carton,,9,0.033
FRN125AR1L-4U,45,103,60,69.0000,75.0000,27/9/2022,Carton Case,,76,0.278
FRN125AR1M-4U,45,103,60,69.0000,75.0000,24/8/2022,Carton Case,,76,0.278
FRN125AR1S-2U,68,131,60,62.0000,106.0000,,Carton Case,,62,0.534
FRN125F1S-2DY,77,157,59,163.5000,183.0000,,Carton Case,,163.5,0.713
FRN125F1S-2U,77,157,59,168.0000,183.0000,,Carton Case,,117,0.713
FRN125F1S-4DY,47,125,53,76.0000,85.0000,,Carton Case,,76,0.311
FRN125F1S-4U,47,125,53,73.0000,81.0000,,Carton Case,,73,0.311
FRN125G1E-4U,53,130,53,No Data,No Data,,Carton Case,,72,0.365
FRN125G1S-2U,68,131,60,78.0000,107.0000,24/1/2024,Carton Case,,105,0.534
FRN125G1S-4AD,53,130,53,74.0000,76.0000,,Carton Case,,76,0.365
FRN125G1S-4U,53,130,53,73.0000,78.0000,11/4/2025,Carton Case,2,76,0.365
FRN125G1S-4U P,53,130,53,77.0000,83.0000,30/6/2024,Carton Case,,,0.365
FRN132AQ1S-4A,68,131,60,83.0000,98.0000,23/1/2024,Carton Case,,83,0.534
FRN132AQ1S-4E,68,131,60,83.0000,101.0000,22/10/2025,Carton Case,2,83,0.534
FRN132AR1S-4A,68,131,60,83.0000,99.0000,28/11/2024,Carton Case,3,83,0.534
FRN132AR1S-4E,68,131,60,83.0000,100.0000,25/7/2023,Carton Case,,83,0.534
FRN132F1S-4A,65,130,51,76.0000,91.0000,,Carton Case,,100,0.431
FRN132F1S-4E,,,,No Data,No Data,,Carton Case,,-,0.000
FRN132F1S-4J,65,130,51,77.0000,92.0000,,Carton Case,,100,0.431
FRN132G1E-4A,65,110,50,92.0000,102.0000,30/11/2021,Carton Case,,102,0.358
FRN132G1E-4E,75,155,60,104.0000,114.0000,30/5/2024,Carton Case,2,117,0.698
FRN132G1E-4EAQ,,,,No Data,No Data,,Carton Case,,0,0.000
FRN132G1E-4EBU,,,,No Data,No Data,,Carton Case,,-,0.000
FRN132G1S-4A,65,110,50,92.0000,103.0000,30/9/2022,Carton Case,,102,0.358
FRN132G1S-4T,65,155,60,No Data,No Data,,Carton Case,,135,0.605
FRN132G2S-4J,65,110,50,87.0000,96.0000,1/12/2025,Carton Case,,,0.358
FRN1385G2S-4G,127,176,75,454.0000,527.0000,14/1/2025,Carton Case,,,1.676
FRN1386G2E-4G,127,176,75,451.0000,531.0000,7/6/2024,Carton Case,1,,1.676
FRN1386G2S-4G,127,176,75,451.0000,523.0000,27/1/2025,Carton Case,1,,1.676
FRN1480G2E-4G,127,176,75,451.0000,531.0000,31/1/2025,Carton Case,,,1.676
FRN1480G2W-4GU,129,230,89,451.0000,810.0000,11/4/2025,Wooden Case,,,2.641
FRN150AR1S-4U,68,131,60,81.0000,107.0000,7/2/2024,Carton Case,,81,0.534
FRN150F1S-4DY,47,125,53,76.0000,86.0000,,Carton Case,,82,0.311
FRN150F1S-4U,47,125,53,76.0000,86.0000,,Carton Case,,82,0.311
FRN150G1S-2U,85,155,60,145.0000,166.0000,27/2/2024,Carton Case,,161,0.791
FRN150G1S-4U,68,131,60,92.0000,108.0000,17/1/2024,Carton Case,3,107,0.534
FRN150G1S-4U P,68,131,60,96.0000,106.0000,27/6/2024,Carton Case,,,0.534
FRN1.5AQ1L-4A,,,,No Data,No Data,,Carton,,11,0.000
FRN15AQ1L-4A,31,68,37,No Data,No Data,,Carton,,20,0.078
FRN1.5AQ1L-4E,23.5,55,34.5,9.7010,9.7010,24/7/2023,Carton,3,11,0.045
FRN15AQ1L-4E,31,68,37,18.3910,18.3910,17/9/2024,Carton,3,20,0.078
FRN1.5AQ1M-4A,23.5,55,34.5,9.7560,9.7560,10/9/2024,Carton,,11,0.045
FRN15AQ1M-4A,31,68,37,18.4260,18.4260,10/9/2024,Carton,,20,0.078
FRN1.5AQ1M-4E,23.5,55,34.5,9.6350,9.6350,9/3/2023,Carton,3,11,0.045
FRN15AQ1M-4E,31,68,37,18.3900,18.3900,4/10/2024,Carton,3,20,0.078
FRN15AR1K-4DSL,31,68,37,18.5000,18.5000,,Carton,,,0.078
FRN1.5AR1L-2J,23.5,55,34.5,10.7450,10.7450,,Carton,,11,0.045
FRN15AR1L-2J,31,74,37,23.0000,23.0000,,Carton Case,,25,0.085
FRN1.5AR1L-4A,23.5,55,34.5,9.7530,9.7530,14/1/2025,Carton,3,11,0.045
FRN15AR1L-4A,31,68,37,18.5380,18.5380,9/9/2024,Carton,3,20,0.078
FRN1.5AR1L-4E,23.5,55,34.5,9.7080,9.7080,21/11/2022,Carton,3,11,0.045
FRN15AR1L-4E,31,68,37,18.5170,18.5170,11/8/2025,Carton,3,20,0.078
FRN15AR1L-4J,31,68,37,18.5000,18.5000,,Carton,,20,0.078
FRN15AR1L-4TX,31,68,37,19.4700,19.4700,,Carton,,21,0.078
FRN1.5AR1M-4A,23.5,55,34.5,9.7720,9.7720,27/1/2025,Carton,3,11,0.045
FRN15AR1M-4A,31,68,37,18.4810,18.4810,15/1/2025,Carton,3,20,0.078
FRN1.5AR1M-4E,23.5,55,34.5,9.7350,9.7350,8/8/2025,Carton,3,11,0.045
FRN15AR1M-4E,31,68,37,18.5000,18.5000,4/10/2024,Carton,3,20,0.078
FRN1.5C2S-2J,14.5,19.5,20.5,1.8630,1.8630,25/10/2024,Carton,6,,0.006
FRN15C2S-2J,30,34,30,6.1000,6.1000,9/6/2025,Carton,6,,0.031
FRN1.5C2S-4J,14.5,19.5,20.5,1.8960,1.8960,10/1/2023,Carton,6,,0.006
FRN15C2S-4J,30,34,30,6.0680,6.0680,3/7/2024,Carton,6,,0.031
FRN1.5C2S-7J,14.5,19.5,20.5,1.9500,1.9500,6/2/2023,Carton,,,0.006
FRN1.5E1E-4A,16.5,22,27.5,3.7000,3.7000,,Carton,,3.6,0.010
FRN15E1E-4A,27,51,33.5,10.2300,10.2300,,Carton,,10.2,0.046
FRN1.5E1E-4E,16.5,22,27.5,3.7000,3.7000,,Carton,,3.6,0.010
FRN15E1E-4E,27,51,33.5,10.1700,10.1700,,Carton,,10,0.046
FRN1.5E1E-4PD,16.5,22,27.5,3.6700,3.6700,,Carton,,3.6,0.010
FRN1.5E1E-7A,16.5,22,27.5,3.6200,3.6200,,Carton,,3.6,0.010
FRN1.5E1E-7E,16.5,22,27.5,3.6300,3.6300,,Carton,,3.6,0.010
FRN1.5E1S-2A,14.5,19.5,20.5,2.1200,2.1200,,Carton,,2,0.006
FRN15E1S-2A,30,34,32,7.6100,7.6100,,Carton,,9,0.033
FRN1.5E1S-2BM1,14.5,19.5,20.5,2.1100,2.1100,,Carton,,2,0.006
FRN15E1S-2BM1,30,34,30,7.4800,7.6200,12/1/2021,Carton,,9,0.031
FRN15E1S-2LM1,,,,No Data,No Data,,Carton,,9,0.000
FRN1.5E1S-4A,14.5,19.5,20.5,2.1300,2.1300,,Carton,,2,0.006
FRN15E1S-4A,30,34,30,7.4300,7.4300,,Carton,,9,0.031
FRN1.5E1S-4BM1,14.5,19.5,20.5,2.1300,2.1300,,Carton,,2,0.006
FRN15E1S-4BM1,30,34,30,7.4400,7.4400,,Carton,,9,0.031
FRN1.5E1S-4E,14.5,19.5,20.5,2.1400,2.1400,,Carton,,2,0.006
FRN15E1S-4E,30,34,30,7.4200,7.4200,,Carton,,9,0.031
FRN1.5E1S-4JSF1E,14.5,19.5,20.5,2.1300,2.1300,,Carton,,2,0.006
FRN15E1S-4JSF1E,30,34,30,7.6700,7.6700,,Carton,,9,0.031
FRN1.5E1S-4LM,,,,No Data,No Data,,Carton,,2,0.000
FRN15E1S-4LM,,,,No Data,No Data,,Carton,,9,0.000
FRN15E1S-4LM1,30,34,30,7.4800,7.4800,,Carton,,9,0.031
FRN15E1S-4LM3,30,34,32,7.5600,7.5600,,Carton,,9,0.033
FRN1.5E1S-7A,14.5,19.5,24,2.2500,2.2500,,Carton,,2,0.007
FRN1.5E1S-7E,14.5,19.5,24,2.2500,2.2500,,Carton,,2,0.007
FRN1.5E1S-7JSF1E,14.5,19.5,24,2.2300,2.2300,,Carton,,2,0.007
FRN1.5E2S-4J,14.5,19.5,20.5,1.7800,1.7800,31/1/2025,Carton,,,0.006
FRN1.5F1S-2J,,,,No Data,No Data,,Carton,,4,0.000
FRN15F1S-2J,,,,No Data,No Data,,Carton,,8,0.000
FRN1.5F1S-4A,21.5,32,23,3.9900,3.9900,,Carton,,4,0.016
FRN15F1S-4A,30,34,32,8.2400,8.2400,,Carton,,8,0.033
FRN1.5F1S-4E,21.5,32,23,4.0200,4.0200,,Carton,,4,0.016
FRN15F1S-4E,30,34,32,8.1500,8.1500,,Carton,,8,0.033
FRN1.5F1S-4J,,,,No Data,No Data,,Carton,,4,0.000
FRN15F1S-4J,,,,No Data,No Data,,Carton,,8,0.000
FRN1.5G1E-4A,21.5,32,23,3.5120,3.5120,26/6/2023,Carton,,3.5,0.016
FRN15G1E-4A,32.5,47,30,13.0250,13.0250,29/9/2022,Carton,,12.3,0.046
FRN1.5G1E-4E,21.5,32,23,3.4680,3.4680,13/9/2022,Carton,,3.5,0.016
FRN15G1E-4E,32.5,47,30,12.8700,12.8700,15/9/2022,Carton,,12.3,0.046
FRN1.5G1E-4EAQ,,,,No Data,No Data,,Carton,,0,0.000
FRN15G1E-4EAQ,,,,No Data,No Data,,Carton,,0,0.000
FRN1.5G1S-2A,21.5,32,23,3.3200,3.3200,9/3/2023,Carton,,3.6,0.016
FRN15G1S-2A,32.5,47,30,12.4930,12.4930,21/12/2023,Carton,,11.3,0.046
FRN1.5G1S-2T,,,,No Data,No Data,,Carton,,3.6,0.000
FRN15G1S-2T,32.5,47,30,No Data,No Data,,Carton,,11.3,0.046
FRN1.5G1S-4A,21.5,32,23,3.3600,3.3600,10/7/2023,Carton,7,3.4,0.016
FRN15G1S-4A,32.5,47,30,12.0970,12.0970,12/6/2023,Carton,7,11.3,0.046
FRN1.5G1S-4T,,,,No Data,No Data,,Carton,,3.4,0.000
FRN15G1S-4T,32.5,47,30,No Data,No Data,,Carton,,11.3,0.046
FRN15G2S-2J,32.5,47,30,11.8920,11.8920,14/5/2025,Carton,5,,0.046
FRN1.5G2S-2J,21.5,32,23,3.0840,3.0840,2/9/2025,Carton,5,,0.016
FRN15G2S-4J,32.5,47,30,11.4100,11.4100,9/6/2025,Carton,6,,0.046
FRN1.5G2S-4J,21.5,32,23,3.1080,3.1080,9/6/2025,Carton Case,6,,0.016
FRN15LM1S-2EA,32.5,47,30,12.4830,12.4830,28/11/2025,Carton,,13,0.046
FRN15LM1S-2SD,32.5,47,30,No Data,No Data,,Carton,,13,0.046
FRN15LM1S-4AA,32.5,47,30,12.3610,12.3610,9/10/2025,Carton,,13,0.046
FRN15LM1S-4E,32.5,47,30,12.4250,12.4250,29/10/2024,Carton,5,13,0.046
FRN15LM1S-4EA,32.5,47,30,12.3700,12.3700,,Carton,,13,0.046
FRN15LM1S-4SD,32.5,47,30,12.4200,12.4200,,Carton,,13,0.046
FRN160AQ1S-4A,75,155,60,117.0000,138.0000,24/7/2023,Carton Case,2,117,0.698
FRN160AQ1S-4E,75,155,60,117.0000,144.0000,25/4/2024,Carton Case,2,117,0.698
FRN160AR1S-4A,68,153,57,117.0000,135.0000,15/1/2025,Carton Case,2,117,0.593
FRN160AR1S-4E,75,155,60,117.0000,139.0000,25/4/2024,Carton Case,,117,0.698
FRN160F1S-4A,65,130,55,94.0000,104.0000,,Carton Case,,105,0.465
FRN160F1S-4E,65,130,55,No Data,No Data,,Carton Case,,,0.465
FRN160F1S-4J,65,130,55,94.0000,104.0000,,Carton Case,,105,0.465
FRN160G1E-4A,65,110,50,96.0000,105.0000,2/9/2022,Carton Case,,106,0.358
FRN160G1E-4E,75,155,60,107.0000,115.0000,16/6/2023,Carton Case,,121,0.698
FRN160G1E-4EAQ,,,,No Data,No Data,,Carton Case,,0,0.000
FRN160G1E-4EBU,,,,No Data,No Data,,Carton Case,,,0.000
FRN160G1S-4A,65,110,50,103.0000,105.0000,20/9/2023,Carton Case,,103,0.358
FRN160G1S-4T,65,153,55,No Data,No Data,,Carton Case,,140,0.547
FRN18.5AQ1L-4A,31,68,37,18.4200,18.4200,,Carton,,20,0.078
FRN18.5AQ1L-4E,31,68,37,18.4250,18.4250,4/9/2023,Carton,3,20,0.078
FRN18.5AQ1M-4A,31,68,37,18.4430,18.4430,3/12/2025,Carton,,20,0.078
FRN18.5AQ1M-4E,31,68,37,18.3970,18.3970,17/10/2023,Carton,3,20,0.078
FRN18.5AR1K-4DSL,31,68,37,18.5500,18.5500,,Carton,,,0.078
FRN18.5AR1L-2J,31,74,37,23.5000,23.5000,,Carton,,25,0.085
FRN18.5AR1L-4A,31,68,37,18.5600,18.5600,9/9/2024,Carton,,21,0.078
FRN18.5AR1L-4E,31,68,37,18.5940,18.5940,3/12/2024,Carton,3,20,0.078
FRN18.5AR1L-4J,31,68,37,18.5000,18.5000,,Carton,,20,0.078
FRN18.5AR1L-4TX,31,68,37,19.9900,19.9900,,Carton,,21,0.078
FRN18.5AR1M-4A,31,68,37,18.4610,18.4610,25/9/2025,Carton,3,20,0.078
FRN18.5AR1M-4E,31,68,37,18.4240,18.4240,2/6/2025,Carton,,20,0.078
FRN18.5F1S-2J,32.5,47,30,11.2400,11.2400,,Carton,,12,0.046
FRN18.5F1S-4A,32.5,47,30,10.9000,10.9000,,Carton,,12,0.046
FRN18.5F1S-4E,32.5,47,30,11.0400,11.0400,,Carton,,12,0.046
FRN18.5F1S-4J,,,,No Data,No Data,,Carton,,,0.000
FRN18.5G1E-4A,32.5,47,30,12.8000,13.0230,14/10/2022,Carton,,12.3,0.046
FRN18.5G1E-4E,32.5,47,30,13.0560,13.0560,14/2/2023,Carton,,12.3,0.046
FRN18.5G1E-4EAQ,,,,No Data,No Data,,Carton,,0,0.000
FRN18.5G1S-2A,32.5,47,30,12.6800,12.6800,21/10/2022,Carton,,11.3,0.046
FRN18.5G1S-2BM1,32.5,47,30,12.2000,12.2000,,Carton,,11.3,0.046
FRN18.5G1S-2T,,,,No Data,No Data,,Carton,,11.3,0.000
FRN18.5G1S-4A,32.5,47,30,12.2050,12.2050,19/10/2023,Carton,,11.3,0.046
FRN18.5G1S-4BM1,32.5,47,30,12.3330,12.3330,7/6/2022,Carton,,11.3,0.046
FRN18.5G1S-4T,,,,No Data,No Data,,Carton,,11.3,0.000
FRN18.5G2S-2J,32.5,47,30,12.0110,12.0110,7/5/2025,Carton,,,0.046
FRN18.5G2S-4J,32.5,47,30,11.5910,11.5910,25/9/2025,Carton,,,0.046
FRN18.5LM1S-2EA,32.5,47,30,12.6810,12.6810,2/12/2025,Carton,,13,0.046
FRN18.5LM1S-2SD,,,,No Data,No Data,,Carton,,13,0.000
FRN18.5LM1S-4AA,32.5,47,30,12.6810,12.6810,14/12/2025,Carton,,13,0.046
FRN18.5LM1S-4E,32.5,47,30,12.6430,12.6430,16/7/2024,Carton,,13,0.046
FRN18.5LM1S-4EA,32.5,47,30,12.6400,12.6400,,Carton,,13,0.046
FRN18.5LM1S-4SD,32.5,47,30,12.5500,12.5500,,Carton,,13,0.046
FRN200AQ1S-4A,75,155,60,121.0000,141.0000,,Carton Case,,121,0.698
FRN200AQ1S-4E,75,155,60,121.0000,145.0000,29/10/2024,Carton Case,2,121,0.698
FRN200AR1S-4A,75,155,60,121.0000,143.0000,4/9/2025,Carton Case,2,121,0.698
FRN200AR1S-4E,75,155,60,121.0000,143.0000,5/1/2024,Carton Case,2,121,0.698
FRN200AR1S-4U,68,131,60,83.0000,110.0000,23/1/2024,Carton Case,2,83,0.534
FRN200F1S-4A,75,155,60,119.0000,139.0000,,Carton Case,,150,0.698
FRN200F1S-4DY,65,130,55,108.0000,115.0000,,Carton Case,,108,0.465
FRN200F1S-4E,,,,No Data,No Data,,Carton Case,,,0.000
FRN200F1S-4J,65,155,60,No Data,No Data,,Carton Case,,150,0.605
FRN200F1S-4U,65,130,55,108.0000,113.0000,,Carton Case,,108,0.465
FRN200G1E-4A,76,110,50,136.0000,141.0000,18/3/2022,Carton Case,,136,0.418
FRN200G1E-4E,85,155,60,138.0000,155.0000,22/1/2024,Carton Case,2,155,0.791
FRN200G1E-4EAQ,,,,No Data,No Data,,Carton Case,,0,0.000
FRN200G1S-4A,76,110,50,115.0000,140.0000,22/4/2025,Carton Case,2,136,0.418
FRN200G1S-4T,75,155,60,157.0000,172.0000,,Carton Case,,180,0.698
FRN200G1S-4U,68,131,60,94.0000,110.0000,8/10/2024,Carton Case,2,111,0.534
FRN200G1S-4U P,68,131,60,100.0000,110.0000,16/7/2024,Carton Case,,,0.534
FRN220AQ1S-4A,85,155,60,155.0000,182.0000,,Carton Case,,155,0.791
FRN220AQ1S-4E,85,155,60,155.0000,185.0000,16/7/2025,Carton Case,2,155,0.791
FRN220AR1S-4A,85,155,60,155.0000,183.0000,15/1/2025,Carton Case,2,155,0.791
FRN220AR1S-4E,75,155,60,121.0000,144.0000,,Carton Case,,121,0.698
FRN220F1S-4A,65,153,55,128.0000,143.0000,,Carton Case,,150,0.547
FRN220F1S-4E,,,,No Data,No Data,,Carton Case,,-,0.000
FRN220F1S-4J,65,153,55,No Data,No Data,,Carton Case,,150,0.547
FRN220G1E-4A,76,110,50,132.2500,150.0000,30/11/2021,Carton Case,,149,0.418
FRN220G1E-4E,85,155,60,155.0000,159.0000,4/4/2024,Carton Case,2,155,0.791
FRN220G1E-4EAQ,,,,No Data,No Data,,Carton Case,,0,0.000
FRN220G1S-4A,76,110,50,133.0000,147.0000,7/4/2023,Carton Case,,149,0.418
FRN220G1S-4T,75,155,60,180.0000,195.0000,,Carton Case,,195,0.698
FRN2.2AQ1L-4A,23.5,55,34.5,10.3500,10.3500,,Carton,,11,0.045
FRN22AQ1L-4A,31,68,37,No Data,No Data,,Carton,,20,0.078
FRN2.2AQ1L-4E,23.5,55,34.5,10.2600,10.2600,29/10/2024,Carton,3,11,0.045
FRN22AQ1L-4E,31,68,37,18.8910,18.8910,3/12/2024,Carton,3,20,0.078
FRN2.2AQ1M-4A,23.5,55,34.5,10.2150,10.2150,17/4/2024,Carton,5,11,0.045
FRN22AQ1M-4A,31,68,37,18.8750,18.8750,6/11/2024,Carton,5,20,0.078
FRN2.2AQ1M-4E,23.5,55,34.5,10.2410,10.2410,16/7/2025,Carton,,11,0.045
FRN22AQ1M-4E,31,68,37,18.8540,18.8540,3/12/2024,Carton,,20,0.078
FRN22AR1K-4DSL,31,68,37,19.1670,19.1670,10/11/2020,Carton,,,0.078
FRN2.2AR1L-2J,23.5,55,34.5,11.0000,11.0000,,Carton,,11,0.045
FRN22AR1L-2J,40,88,50,43.0000,48.0000,,Carton Case,,54,0.176
FRN2.2AR1L-4A,23.5,55,34.5,10.1050,10.1050,14/1/2025,Carton,3,11,0.045
FRN22AR1L-4A,31,68,37,19.0000,19.0000,9/9/2024,Carton,3,20,0.078
FRN2.2AR1L-4E,23.5,55,34.5,10.3180,10.3180,16/1/2024,Carton,3,11,0.045
FRN22AR1L-4E,31,68,37,18.9380,18.9380,7/9/2023,Carton,3,20,0.078
FRN22AR1L-4J,31,68,37,19.0000,19.0000,,Carton,,20,0.078
FRN22AR1L-4TX,31,74,37,24.3800,24.3800,,Carton,,26,0.085
FRN2.2AR1M-4A,23.5,55,34.5,10.2860,10.2860,29/9/2025,Carton,,11,0.045
FRN22AR1M-4A,31,68,37,18.9210,18.9210,25/9/2025,Carton,,20,0.078
FRN2.2AR1M-4E,23.5,55,34.5,10.2600,10.2600,7/6/2024,Carton,3,11,0.045
FRN22AR1M-4E,31,68,37,18.9430,18.9430,2/6/2025,Carton,3,20,0.078
FRN2.2C2S-2J,14.5,19.5,20.5,1.8920,1.8920,25/9/2025,Carton,,,0.006
FRN2.2C2S-4J,14.5,19.5,20.5,1.9430,1.9430,22/4/2024,Carton,7,,0.006
FRN2.2C2S-7J,16.5,22,19.5,2.1720,2.1720,30/1/2023,Carton,,,0.007
FRN2.2E1E-4A,16.5,22,27.5,3.7300,3.7300,,Carton,,3.7,0.010
FRN2.2E1E-4E,16.5,22,27.5,3.7200,3.7200,,Carton,,3.7,0.010
FRN2.2E1E-7A,16.5,22,27.5,3.6700,3.6700,,Carton,,3.6,0.010
FRN2.2E1E-7E,16.5,22,27.5,3.6800,3.6800,,Carton,,3.6,0.010
FRN2.2E1S-2A,14.5,19.5,20.5,2.1600,2.1600,,Carton,,2,0.006
FRN2.2E1S-2BM1,14.5,19.5,20.5,2.1500,2.1500,,Carton,,2,0.006
FRN2.2E1S-2QB1,,,,No Data,No Data,,Carton,,2,0.000
FRN2.2E1S-4A,14.5,19.5,20.5,2.1600,2.1600,,Carton,,2,0.006
FRN2.2E1S-4BM1,14.5,19.5,20.5,2.1700,2.1700,,Carton,,2,0.006
FRN2.2E1S-4E,14.5,19.5,20.5,2.1700,2.1700,,Carton,,2,0.006
FRN2.2E1S-4JSF1E,14.5,19.5,20.5,2.1700,2.1700,,Carton,,2,0.006
FRN2.2E1S-4LM,,,,No Data,No Data,,Carton,,2,0.000
FRN2.2E1S-4LM3,14.5,19.5,20.5,2.1500,2.1500,,Carton,,2,0.006
FRN2.2E1S-4QB1,,,,No Data,No Data,,Carton,,2,0.000
FRN2.2E1S-7A,16.5,22,22,2.9200,2.9200,,Carton,,3,0.008
FRN2.2E1S-7BM1,16.5,22,22,2.9400,2.9400,,Carton,,3,0.008
FRN2.2E1S-7E,16.5,22,22,2.9200,2.9200,,Carton,,3,0.008
FRN2.2E1S-7JSF1E,16.5,22,22,2.9300,2.9300,,Carton,,3,0.008
FRN2.2E1S-7QB1,,,,No Data,No Data,,Carton,,3,0.000
FRN2.2E2S-2J,14.5,19.5,20.5,1.7700,1.7700,27/12/2024,Carton,,,0.006
FRN2.2F1S-2J,,,,No Data,No Data,,Carton,,4,0.000
FRN22F1S-2J,,,,No Data,No Data,,Carton,,12,0.000
FRN2.2F1S-4A,21.5,32,23,4.1800,4.1800,,Carton,,4,0.016
FRN22F1S-4A,32.5,47,30,11.6700,11.6700,,Carton,,12,0.046
FRN2.2F1S-4E,21.5,32,23,4.1800,4.1800,,Carton,,4,0.016
FRN22F1S-4E,32.5,47,30,11.6200,11.6200,,Carton,,12,0.046
FRN2.2F1S-4J,,,,No Data,No Data,,Carton,,4,0.000
FRN22F1S-4J,32.5,47,30,11.6900,11.6900,,Carton,,12,0.046
FRN2.2G1E-4A,21.5,32,23,3.6910,3.6910,3/11/2022,Carton,,3.7,0.016
FRN22G1E-4A,32.5,47,30,13.3700,13.3700,3/2/2023,Carton,,13,0.046
FRN2.2G1E-4E,21.5,32,23,3.5410,3.5410,15/6/2023,Carton,,3.7,0.016
FRN22G1E-4E,32.5,47,30,13.2000,13.2000,21/7/2023,Carton,,13,0.046
FRN2.2G1E-4EAQ,,,,No Data,No Data,,Carton,,0,0.000
FRN22G1E-4EAQ,,,,No Data,No Data,,Carton,,0,0.000
FRN2.2G1S-2A,21.5,32,23,3.7120,3.7120,25/3/2024,Carton,7,3.8,0.016
FRN22G1S-2A,32.5,47,30,13.2850,13.2850,19/9/2023,Carton,7,11.8,0.046
FRN22G1S-2BM1,32.5,47,30,13.4050,13.4050,11/1/2024,Carton,,11.8,0.046
FRN2.2G1S-2T,21.5,32,23,No Data,No Data,,Carton,,3.8,0.016
FRN22G1S-2T,32.5,47,30,No Data,No Data,,Carton,,11.8,0.046
FRN2.2G1S-4A,21.5,32,23,3.4950,3.4950,22/6/2023,Carton,,3.5,0.016
FRN22G1S-4A,32.5,47,30,12.0870,12.0870,9/8/2023,Carton,,11.8,0.046
FRN22G1S-4BM1,32.5,47,30,12.4870,12.4870,7/6/2022,Carton,,11.8,0.046
FRN22G1S-4T,,,,No Data,No Data,,Carton,,11.8,0.000
FRN2.2G1S-4T,21.5,32,23,3.6200,3.6200,,Carton,,3.5,0.016
FRN2.2G2S-2J,21.5,32,23,3.3410,3.3410,9/6/2025,Carton,,,0.016
FRN22G2S-2J,32.5,47,30,12.5520,12.5520,2/7/2025,Carton,,,0.046
FRN22G2S-4J,32.5,47,30,11.8170,11.8170,9/6/2025,Carton,,,0.046
FRN2.2G2S-4J,21.5,32,23,3.3760,3.3760,1/12/2025,Carton,,,0.016
FRN22LM1S-2EA,32.5,47,30,12.3710,12.3710,16/7/2025,Carton,,14,0.046
FRN22LM1S-2SD,32.5,47,30,No Data,No Data,,Carton,,14,0.046
FRN22LM1S-4AA,32.5,47,30,13.1660,13.1660,24/7/2025,Carton,,14,0.046
FRN22LM1S-4E,32.5,47,30,13.1910,13.1910,16/7/2025,Carton,,14,0.046
FRN22LM1S-4EA,32.5,47,30,13.1000,13.1000,,Carton,,14,0.046
FRN22LM1S-4SD,32.5,47,30,13.0000,13.0000,,Carton,,14,0.046
FRN2.2LM1S-7AA,21.5,32,23,3.2520,3.2520,23/12/2024,Carton,,3.8,0.016
FRN2.2LM1S-7EA,21.5,32,23,3.3110,3.3110,15/7/2025,Carton,,3.8,0.016
FRN2.2LM1S-7SD,21.5,32,23,3.2270,3.2270,22/10/2025,Carton,,3.8,0.016
FRN250AR1S-4U,75,155,60,117.0000,145.0000,,Carton Case,,117,0.698
FRN250F1S-4DY,65,155,60,160.0000,165.0000,,Carton Case,,160,0.605
FRN250F1S-4U,65,155,60,158.0000,166.0000,,Carton Case,,158,0.605
FRN250G1S-4U,75,155,60,128.0000,154.0000,25/10/2023,Carton Case,2,151,0.698
FRN280AQ1S-4A,85,155,60,166.0000,195.0000,,Carton Case,,166,0.791
FRN280AQ1S-4E,75,155,60,166.0000,196.0000,4/4/2024,Carton Case,2,166,0.698
FRN280AR1S-4A,85,155,60,166.0000,196.0000,9/10/2025,Carton Case,2,166,0.791
FRN280AR1S-4E,85,155,60,166.0000,196.0000,1/9/2023,Carton Case,2,166,0.791
FRN280F1S-4A,85,155,60,179.5000,194.5000,,Carton Case,,225,0.791
FRN280F1S-4E,,,,No Data,No Data,,Carton Case,,-,0.000
FRN280F1S-4J,85,155,60,181.0000,196.0000,,Carton Case,,225,0.791
FRN280G1E-4A,89,185,62,266.0000,298.0000,18/6/2021,Carton Case,,266,1.021
FRN280G1E-4E,89,185,62,266.0000,298.0000,16/6/2023,Carton Case,,266,1.021
FRN280G1S-4A,89,185,62,266.0000,295.0000,2/8/2023,Carton Case,,266,1.021
FRN280G1S-4T,89,185,62,297.0000,327.0000,,Carton Case,,266,1.021
FRN280G2S-4J,89,185,62,223.0000,275.0000,30/11/2024,Carton Case,,,1.021
FRN300AR1S-4U,75,155,60,120.0000,159.0000,25/6/2024,Carton Case,,120,0.698
FRN300F1S-4DY,65,155,60,160.0000,163.0000,,Carton Case,,160,0.605
FRN300F1S-4U,65,155,60,160.0000,165.0000,,Carton Case,,160,0.605
FRN300G1S-4U,75,155,60,151.0000,160.0000,29/8/2023,Carton Case,2,151,0.698
FRN300G1S-4U P,75,155,60,148.0000,158.0000,27/6/2024,Carton Case,,,0.698
FRN30AQ1L-4A,31,74,37,No Data,No Data,,Carton,,25,0.085
FRN30AQ1L-4E,31,74,37,23.1360,23.1360,22/10/2025,Carton,3,25,0.085
FRN30AQ1M-4A,31,74,37,23.1870,23.1870,27/3/2024,Carton,3,25,0.085
FRN30AQ1M-4E,31,74,37,23.1880,23.1880,9/4/2024,Carton,3,25,0.085
FRN30AR1L-2J,40,88,50,43.5000,48.5000,,Carton,,54,0.176
FRN30AR1L-4A,31,74,37,23.4900,23.4900,9/9/2024,Carton,3,25,0.085
FRN30AR1L-4E,31,74,37,23.1950,23.1950,2/6/2025,Carton,3,25,0.085
FRN30AR1L-4J,31,74,37,23.3600,23.3600,,Carton,,25,0.085
FRN30AR1L-4TX,31,74,37,24.6620,24.6620,20/7/2023,Carton,,26,0.085
FRN30AR1M-4A,31,74,37,23.1580,23.1580,2/9/2025,Carton,3,25,0.085
FRN30AR1M-4E,31,74,37,23.1430,23.1430,4/10/2024,Carton,3,25,0.085
FRN30F1S-2J,,,,No Data,No Data,,Carton,,14,0.000
FRN30F1S-4A,32.5,47,30,13.0500,13.0500,,Carton,,14,0.046
FRN30F1S-4E,32.5,47,30,13.0300,13.0300,,Carton,,14,0.046
FRN30F1S-4J,,,,No Data,No Data,,Carton,,14,0.000
FRN30G1E-4A,45,71,49,27.0000,32.0000,2/9/2022,Carton Case,,36,0.157
FRN30G1E-4E,49,80,51,31.0000,35.0000,15/2/2023,Carton Case,,38,0.200
FRN30G1E-4EAQ,,,,No Data,No Data,,,,0,0.000
FRN30G1E-4EBU,49,80,51,30.0000,35.0000,2/10/2023,Carton Case,,38,0.200
FRN30G1S-2A,45,71,49,27.0000,31.0000,14/7/2022,Carton Case,,36,0.157
FRN30G1S-2BM1,45,71,49,27.0000,32.0000,,Carton Case,,36,0.157
FRN30G1S-2T,45,71,49,27.0000,32.0000,,Carton Case,,36,0.157
FRN30G1S-4A,45,71,49,27.0000,32.0000,26/6/2023,Carton Case,3,36,0.157
FRN30G1S-4BM1,45,71,49,27.0000,32.0000,,Carton Case,,36,0.157
FRN30G1S-4T,45,71,49,No Data,No Data,,Carton Case,,34,0.157
FRN30G2S-2J,45,71,49,24.0000,29.0000,2/9/2025,Carton Case,,,0.157
FRN30G2S-4J,45,71,49,24.0000,29.0000,2/7/2025,Carton Case,,,0.157
FRN30LM1S-4AA,42,70,38,26.4210,26.4210,9/10/2025,Carton,3,28,0.112
FRN30LM1S-4E,42,70,38,26.4760,26.4760,15/7/2025,Carton,,28,0.112
FRN30LM1S-4EA,42,70,38,26.3510,26.3510,2/12/2025,Carton,,28,0.112
FRN30LM1S-4SD,42,70,38,26.2840,26.2840,3/2/2026,Carton,,28,0.112
FRN315AQ1S-4A,89,185,62,266.0000,300.0000,,Carton Case,,266,1.021
FRN315AQ1S-4E,89,185,62,301.0000,331.0000,,Carton Case,,266,1.021
FRN315AR1S-4A,89,185,62,245.0000,333.0000,15/1/2025,Carton Case,1,266,1.021
FRN315AR1S-4E,89,185,62,301.0000,331.0000,,Carton Case,,266,1.021
FRN315F1S-4A,,,,No Data,No Data,,Carton Case,,205,0.000
FRN315F1S-4E,,,,No Data,No Data,,,,0,0.000
FRN315F1S-4J,,,,No Data,No Data,,,,0,0.000
FRN315G1E-4A,89,185,62,262.0000,296.0000,28/11/2023,Carton Case,,262,1.021
FRN315G1E-4E,89,185,62,262.0000,296.0000,7/10/2022,Carton Case,,262,1.021
FRN315G1S-4A,89,185,62,262.0000,297.0000,11/1/2024,Carton Case,1,262,1.021
FRN315G1S-4T,90,185,58,285.0000,332.0000,,Carton Case,,285,0.966
FRN315G2S-4J,89,185,62,221.0000,268.0000,22/11/2024,Carton Case,,,1.021
FRN350AR1S-4U,,,,No Data,No Data,,,,0,0.000
FRN350F1S-4DY,65,155,60,164.0000,167.0000,,Carton Case,,164,0.605
FRN350F1S-4U,65,155,60,164.0000,165.0000,,Carton Case,,164,0.605
FRN350G1S-4U,85,155,60,135.0000,204.0000,7/2/2024,Carton Case,2,190,0.791
FRN350G1S-4U P,85,155,60,190.0000,200.0000,27/6/2024,Carton Case,,,0.791
FRN355AQ1S-4A,89,185,62,308.0000,338.0000,,Carton Case,,266,1.021
FRN355AQ1S-4E,89,185,62,337.0000,367.0000,25/4/2024,Carton Case,1,266,1.021
FRN355AR1S-4A,89,185,62,290.0000,342.0000,10/9/2024,Carton Case,1,266,1.021
FRN355AR1S-4E,89,185,62,308.0000,338.0000,,Carton Case,,266,1.021
FRN355F1S-4A,89,185,62,316.0000,326.0000,,Carton Case,,316,1.021
FRN355F1S-4E,,,,No Data,No Data,,,,0,0.000
FRN355F1S-4J,,,,No Data,No Data,,,,0,0.000
FRN355G1E-4A,110,186,62,350.0000,393.0000,29/9/2022,Carton Case,,350,1.269
FRN355G1E-4E,110,186,62,350.0000,387.0000,18/5/2023,Carton Case,,350,1.269
FRN355G1S-4A,110,184,62,322.0000,391.0000,26/7/2023,Carton Case,,350,1.255
FRN355G1S-4T,,,,No Data,No Data,,,,0,0.000
FRN355G2S-4J,110,186,62,294.0000,352.0000,22/11/2024,Carton Case,,,1.269
FRN37AQ1L-4A,31,74,37,No Data,No Data,,,,0,0.085
FRN3.7AQ1L-4A,23.5,55,34.5,10.4250,10.4250,9/10/2024,Carton,,11,0.045
FRN37AQ1L-4E,31,74,37,23.4460,23.4460,3/11/2025,Carton,3,25,0.085
FRN3.7AQ1M-4A,23.5,55,34.5,10.4060,10.4060,1/8/2025,Carton,3,11,0.045
FRN37AQ1M-4A,31,74,37,23.5100,23.5100,20/7/2023,Carton,3,25,0.085
FRN37AQ1M-4E,31,74,37,23.3910,23.3910,18/9/2025,Carton,,25,0.085
FRN3.7AR1L-2J,23.5,55,34.5,11.0000,11.0000,,Carton,,11,0.045
FRN37AR1L-2J,45,103,60,67.0000,72.0000,,Carton Case,,,0.278
FRN3.7AR1L-4A,23.5,55,34.5,10.4610,10.4610,13/5/2025,Carton,3,11,0.045
FRN37AR1L-4A,31,74,37,23.5630,23.5630,22/8/2024,Carton,3,25,0.085
FRN37AR1L-4E,31,74,37,23.5930,23.5930,22/10/2025,Carton,,25,0.085
FRN3.7AR1L-4J,23.5,55,34.5,11.0000,11.0000,,Carton,,11,0.045
FRN37AR1L-4J,31,74,37,23.6000,23.6000,,Carton,,25,0.085
FRN37AR1L-4TX,40,88,50,45.0000,50.0000,,Carton Case,,55,0.176
FRN3.7AR1M-4A,23.5,55,34.5,10.5230,10.5230,5/9/2025,Carton,3,11,0.045
FRN37AR1M-4A,31,74,37,23.3590,23.3590,4/9/2025,Carton,3,25,0.085
FRN37AR1M-4E,31,74,37,23.4860,23.4860,29/1/2026,Carton,4,25,0.085
FRN3.7C2S-2J,16.5,22,19.5,2.1870,2.1870,14/5/2025,Carton,7,,0.007
FRN3.7C2S-4J,16.5,22,19.5,2.2200,2.2200,9/6/2025,Carton,7,,0.007
FRN3.7E1E-4A,16.5,22,27.5,3.8100,3.8100,,Carton,,3.8,0.010
FRN3.7E1S-2A,16.5,22,22,2.9000,2.9000,,Carton,,3,0.008
FRN3.7E1S-2BM1,16.5,22,22,2.9000,2.9000,,Carton,,3,0.008
FRN3.7E1S-2QB1,,,,No Data,No Data,,Carton,,3,0.000
FRN3.7E1S-4A,16.5,22,22,2.9600,2.9600,,Carton,,3,0.008
FRN3.7E1S-4BM1,16.5,22,22,2.9600,2.9600,13/11/2020,Carton,,3,0.008
FRN3.7E1S-4LM,,,,No Data,No Data,,Carton,,3,0.000
FRN3.7E1S-4LM3,16.5,22,22,2.9600,2.9600,,Carton,,3,0.008
FRN3.7E1S-4QB1,,,,No Data,No Data,,Carton,,3,0.000
FRN3.7E2S-4J,16.5,22,22,2.2250,2.2250,19/2/2025,Carton,,,0.008
FRN3.7F1S-2J,,,,No Data,No Data,,Carton,,4,0.000
FRN37F1S-2J,45,71,49,No Data,No Data,,Carton Case,,34,0.157
FRN3.7F1S-4A,21.5,32,23,4.2500,4.2500,,Carton,,4,0.016
FRN37F1S-4A,45,71,49,24.0000,29.0000,,Carton Case,,34,0.157
FRN37F1S-4E,49,80,53,26.0000,31.0000,,Carton Case,,39,0.208
FRN3.7F1S-4J,,,,No Data,No Data,,Carton,,4,0.000
FRN37F1S-4J,45,71,49,No Data,No Data,,Carton Case,,28,0.157
FRN3.7G1E-4A,21.5,32,23,3.8600,3.8600,20/12/2022,Carton,,4,0.016
FRN37G1E-4A,45,71,49,28.0000,33.0000,14/10/2022,Carton Case,,37,0.157
FRN37G1E-4E,49,80,51,33.0000,35.0000,6/9/2023,Carton Case,,39,0.200
FRN37G1E-4EAQ,,,,No Data,No Data,,,,0,0.000
FRN37G1E-4EBU,49,80,51,32.0000,36.0000,21/9/2022,Carton Case,,39,0.200
FRN3.7G1S-2A,21.5,32,23,3.7030,3.7030,1/2/2023,Carton,,3.8,0.016
FRN37G1S-2A,49,80,53,34.0000,38.0000,22/12/2022,Carton Case,,44,0.208
FRN3.7G1S-2T,,,,No Data,No Data,,,,3.8,0.000
FRN37G1S-2T,49,80,53,No Data,No Data,,Carton Case,,44,0.208
FRN3.7G1S-4A,21.5,32,23,3.7240,3.7240,2/8/2023,Carton,3,3.8,0.016
FRN37G1S-4A,45,71,49,28.0000,31.0000,20/6/2023,Carton Case,3,37,0.157
FRN3.7G1S-4T,,,,No Data,No Data,,,,3.8,0.000
FRN37G1S-4T,45,71,49,No Data,No Data,,Carton Case,,35,0.157
FRN3.7G2S-2J,21.5,32,23,3.4250,3.4250,17/1/2025,Carton,5,,0.016
FRN37G2S-2J,49,80,51,25.0000,38.0000,14/5/2025,Carton Case,5,,0.200
FRN37G2S-4J,45,71,49,25.0000,29.0000,17/10/2025,Carton Case,,,0.157
FRN3.7G2S-4J,21.5,32,23,3.5260,3.5260,1/12/2025,Carton,,,0.016
FRN37LM1S-4AA,46,76,40,36.3900,36.3900,22/4/2025,Carton,3,37,0.140
FRN37LM1S-4E,46,76,40,36.6450,36.6450,18/4/2022,Carton,,37,0.140
FRN37LM1S-4EA,46,76,40,36.4710,36.4710,24/12/2024,Carton,,37,0.140
FRN37LM1S-4SD,46,76,40,36.3400,36.3400,,Carton,,37,0.140
FRN400AQ1S-4A,89,184,62,322.0000,352.0000,,Carton Case,,266,1.015
FRN400AQ1S-4E,89,185,62,322.0000,348.0000,16/1/2024,Carton Case,,266,1.021
FRN400AR1S-4A,89,185,62,319.0000,346.0000,8/11/2024,Carton Case,,266,1.021
FRN400AR1S-4E,89,185,62,319.0000,348.0000,16/1/2024,Carton Case,1,266,1.021
FRN400F1S-4A,,,,No Data,No Data,,Carton Case,,0,0.000
FRN400F1S-4DY,85,155,60,189.0000,209.0000,,Carton Case,,215,0.791
FRN400F1S-4E,,,,No Data,No Data,,,,0,0.000
FRN400F1S-4J,,,,No Data,No Data,,,,0,0.000
FRN400F1S-4U,85,155,60,213.0000,227.0000,,Carton Case,,213,0.791
FRN400G1E-4A,110,186,62,359.0000,396.0000,3/11/2022,Carton Case,,359,1.269
FRN400G1E-4E,110,186,62,359.0000,398.0000,14/12/2022,Carton Case,,359,1.269
FRN400G1S-4A,110,186,62,329.0000,391.0000,8/2/2024,Carton Case,,359,1.269
FRN400G1S-4T,,,,No Data,No Data,,,,0,0.000
FRN400G2S-4J,110,186,62,298.0000,361.0000,28/12/2024,Carton Case,,,1.269
FRN4.0AQ1L-4E,23.5,55,34.5,10.4270,10.4270,22/10/2025,Carton,3,11,0.045
FRN4.0AQ1M-4E,23.5,55,34.5,10.2950,10.2950,25/4/2024,Carton,3,11,0.045
FRN4.0AR1L-4E,23.5,55,34.5,10.5180,10.5180,1/9/2025,Carton,,11,0.045
FRN4.0AR1M-4E,23.5,55,34.5,10.5220,10.5220,5/8/2024,Carton,,11,0.045
FRN4.0E1E-2LM1,16.5,22,27.5,3.6300,3.6300,2/6/2021,Carton,,3.7,0.010
FRN4.0E1E-4E,16.5,22,27.5,3.7900,3.7900,,Carton,,3.7,0.010
FRN4.0E1E-4HLE,,,,No Data,No Data,,,,3.7,0.000
FRN4.0E1E-4LM1,16.5,22,27.5,3.7430,3.7430,16/7/2021,Carton,,3.7,0.010
FRN4.0E1S-4E,16.5,22,22,2.9500,2.9500,,Carton,,3,0.008
FRN4.0E1S-4JSF1E,16.5,22,22,2.9400,2.9400,,Carton,,3,0.008
FRN4.0F1S-4E,21.5,32,23,4.2600,4.2600,,Carton,,4,0.016
FRN4.0G1E-4E,21.5,32,23,3.7860,3.7860,3/3/2023,Carton,,4,0.016
FRN4.0G1E-4EAQ,,,,No Data,No Data,,,,0,0.000
FRN4.0G1E-4ELF,21.5,32,23,3.5930,3.5930,9/11/2022,Carton,,4,0.016
FRN4.0LM1S-4AA,21.5,32,23,3.2830,3.2830,11/7/2023,Carton,,3.8,0.016
FRN4.0LM1S-4E,21.5,32,23,3.2960,3.2960,24/12/2024,Carton,,3.8,0.016
FRN4.0LM1S-4EA,21.5,32,23,3.3800,3.3800,,Carton,,3.8,0.016
FRN4.0LM1S-4SD,21.5,32,23,3.2920,3.2920,24/7/2023,Carton,,3.8,0.016
FRN450AR1S-4U,,,,No Data,No Data,,,,0,0.000
FRN450F1S-4A,110,186,62,369.0000,429.0000,,Carton Case,,0,1.269
FRN450F1S-4DY,85,155,60,213.0000,220.0000,,Carton Case,,213,0.791
FRN450F1S-4E,,,,No Data,No Data,,,,0,0.000
FRN450F1S-4J,,,,No Data,No Data,,,,0,0.000
FRN450F1S-4U,85,155,60,162.0000,182.0000,,Carton Case,,213,0.791
FRN450G1S-4U,85,155,60,185.0000,214.0000,13/2/2024,Carton Case,2,210,0.791
FRN450G1S-4U P,85,155,60,203.0000,213.0000,27/6/2024,Carton Case,,,0.791
FRN45AQ1L-4A,41,88,50,No Data,No Data,,,,0,0.180
FRN45AQ1L-4E,41,88,50,45.0000,51.0000,2/7/2024,Carton Case,3,54,0.180
FRN45AQ1M-4A,41,88,50,45.0000,50.0000,19/12/2023,Carton Case,,54,0.180
FRN45AQ1M-4E,41,88,50,44.0000,50.0000,3/11/2025,Carton Case,,54,0.180
FRN45AR1L-2J,46.5,100,58,66.0000,71.0000,27/12/2024,Carton Case,,76,0.270
FRN45AR1L-4A,41,88,50,48.0000,51.0000,22/8/2024,Carton Case,3,54,0.180
FRN45AR1L-4E,41,88,50,48.0000,50.0000,8/11/2023,Carton Case,4,54,0.180
FRN45AR1L-4J,41,88,50,45.0000,50.0000,,Carton Case,,54,0.180
FRN45AR1L-4TX,41,88,50,45.0000,50.0000,,Carton Case,,55,0.180
FRN45AR1M-4A,41,88,50,45.0000,50.0000,24/12/2025,Carton Case,3,54,0.180
FRN45AR1M-4E,41,88,50,46.0000,50.0000,18/9/2025,Carton Case,3,54,0.180
FRN45F1S-2J,49,80,53,34.0000,39.0000,,Carton Case,,46,0.208
FRN45F1S-4A,45,71,49,25.0000,30.0000,,Carton Case,,35,0.157
FRN45F1S-4E,49,80,53,27.0000,32.0000,,Carton Case,,40,0.208
FRN45F1S-4J,45,71,49,No Data,No Data,,Carton Case,,28,0.157
FRN45G1E-4A,49,80,51,34.0000,38.0000,3/2/2023,Carton Case,,44,0.200
FRN45G1E-4E,49,80,51,35.0000,40.0000,8/12/2023,Carton Case,,43,0.200
FRN45G1E-4EAQ,,,,No Data,No Data,,,,0,0.000
FRN45G1E-4EBU,49,80,51,35.0000,40.0000,14/12/2022,Carton Case,,43,0.200
FRN45G1S-2A,50,87,46,44.0000,47.0000,7/6/2023,Carton Case,,52,0.200
FRN45G1S-2T,50,87,46,45.0000,50.0000,,Carton Case,,52,0.200
FRN45G1S-4A,49,80,51,33.0000,36.0000,1/8/2022,Carton Case,,44,0.200
FRN45G1S-4T,49,80,51,33.0000,38.0000,,Carton Case,,44,0.200
FRN45G2S-2J,50,87,46,47.0000,48.0000,9/6/2025,Carton,,,0.200
FRN45G2S-4J,49,80,51,30.0000,35.0000,17/10/2025,Carton Case,,,0.200
FRN45LM1S-4AA,46,76,40,38.2510,38.2510,13/5/2025,Carton,,39,0.140
FRN45LM1S-4E,46,76,40,No Data,No Data,,Carton,,39,0.140
FRN45LM1S-4EA,46,76,40,38.2510,38.2510,2/9/2024,Carton,,39,0.140
FRN500AQ1S-4A,110,186,62,331.0000,461.0000,22/6/2022,Carton Case,,,1.269
FRN500AQ1S-4E,110,186,62,331.0000,458.0000,25/4/2024,Carton Case,1,359,1.269
FRN500AR1S-4A,110,186,62,331.0000,462.0000,22/6/2022,Carton Case,,359,1.269
FRN500AR1S-4E,110,186,62,331.0000,459.0000,7/6/2024,Carton Case,1,359,1.269
FRN500F1S-4A,,,,No Data,No Data,,,,0,0.000
FRN500F1S-4DY,,,,No Data,No Data,,Wooden Case,,0,0.000
FRN500F1S-4E,,,,No Data,No Data,,,,0,0.000
FRN500F1S-4J,,,,No Data,No Data,,,,0,0.000
FRN500F1S-4U,96,219,83,332.0000,372.0000,,Wooden Case,,435,1.745
FRN500G1E-4A,127,176,75,593.0000,639.0000,22/5/2021,Carton Case,,593,1.676
FRN500G1E-4E,127,176,75,590.0000,630.0000,2/2/2023,Carton Case,,590,1.676
FRN500G1S-4A,127,176,75,552.0000,624.0000,3/4/2024,Carton Case,1,590,1.676
FRN500G1S-4T,,,,No Data,No Data,,,,0,0.000
FRN500G1S-4U,96,219,83,242.0000,454.0000,5/3/2024,Wooden Case,wooden case,430.35,1.745
FRN500G2S-4J,127,176,75,451.0000,524.0000,22/11/2024,Carton Case,,,1.676
FRN5.5AQ1L-4A,23.5,55,34.5,10.8100,10.8100,,Carton,,11,0.045
FRN55AQ1L-4A,41,88,50,No Data,No Data,,,,0,0.180
FRN5.5AQ1L-4E,23.5,55,34.5,10.5070,10.5070,17/9/2024,Carton,3,11,0.045
FRN55AQ1L-4E,41,88,50,47.0000,51.0000,3/9/2025,Carton Case,3,54,0.180
FRN5.5AQ1M-4A,23.5,55,34.5,10.5210,10.5210,25/9/2025,Carton,3,11,0.045
FRN55AQ1M-4A,41,88,50,46.0000,50.0000,20/2/2024,Carton Case,3,54,0.180
FRN5.5AQ1M-4E,23.5,55,34.5,10.4860,10.4860,15/7/2025,Carton,3,11,0.045
FRN55AQ1M-4E,41,88,50,45.0000,50.0000,3/11/2025,Carton Case,3,54,0.180
FRN5.5AR1K-4DSL,23.5,55,34.5,10.8950,10.8950,,Carton,,,0.045
FRN5.5AR1L-2J,31,68,37,18.5000,18.5000,,Carton,,20,0.078
FRN5.5AR1L-4A,23.5,55,34.5,10.5450,10.5450,17/5/2024,Carton,3,11,0.045
FRN55AR1L-4A,41,88,50,46.0000,51.0000,22/8/2024,Carton Case,3,54,0.180
FRN5.5AR1L-4E,23.5,55,34.5,10.6110,10.6110,3/9/2025,Carton,3,11,0.045
FRN55AR1L-4E,41,88,50,46.0000,51.0000,22/10/2025,Carton Case,3,54,0.180
FRN5.5AR1L-4J,23.5,55,34.5,11.0000,11.0000,,Carton,,11,0.045
FRN55AR1L-4J,41,88,50,46.0000,51.0000,,Carton Case,,54,0.180
FRN55AR1L-4TX,42,102,57,69.0000,74.0000,,Carton Case,,77,0.244
FRN5.5AR1M-4A,23.5,55,34.5,10.5610,10.5610,2/9/2025,Carton,3,11,0.045
FRN55AR1M-4A,41,88,50,45.0000,50.0000,15/1/2025,Carton Case,3,54,0.180
FRN5.5AR1M-4E,23.5,55,34.5,10.5910,10.5910,15/7/2025,Carton,3,11,0.045
FRN55AR1M-4E,41,88,50,49.0000,50.0000,24/12/2024,Carton Case,3,54,0.180
FRN55AR1S-2J,44,122,50,42.0000,59.0000,,Carton Case,,42,0.268
FRN5.5C2S-2J,25.5,30,25.5,4.2770,4.2770,2/9/2025,Carton,5,,0.020
FRN5.5C2S-4J,25.5,30,25.5,4.1810,4.1810,3/7/2024,Carton,5,,0.020
FRN5.5E1E-4A,23,42,30,6.3200,6.3200,,Carton,,6,0.029
FRN5.5E1E-4E,23,42,30,6.2500,6.2500,,Carton,,6,0.029
FRN5.5E1S-2A,25.5,30,25.5,4.2700,4.2700,,Carton,,4.5,0.020
FRN5.5E1S-2BM1,25.5,30,25.5,4.2370,4.2370,2/11/2021,Carton,,4.5,0.020
FRN5.5E1S-2LM1,25.5,30,25.5,4.2330,4.2330,19/7/2021,Carton,,4.5,0.020
FRN5.5E1S-4A,25.5,30,25.5,4.2800,4.2800,,Carton,,4.5,0.020
FRN5.5E1S-4BM1,25.5,30,25.5,4.3000,4.3000,,Carton,,4.5,0.020
FRN5.5E1S-4E,25.5,30,25.5,4.3300,4.3300,,Carton,,4.5,0.020
FRN5.5E1S-4JSF1E,25.5,30,25.5,4.4400,4.4400,,Carton,,4.5,0.020
FRN5.5E1S-4LM,,,,No Data,No Data,,Carton,,4.5,0.000
FRN5.5E1S-4LM1,25.5,30,25.5,4.2790,4.2790,2/8/2022,Carton,,4.5,0.020
FRN5.5E1S-4LM2,,,,No Data,No Data,,Carton,,4.5,0.000
FRN5.5E1S-4LM3,25.5,30,25.5,4.3100,4.3100,,Carton,,4.5,0.020
FRN5.5F1S-2J,,,,No Data,No Data,,Carton,,4,0.000
FRN55F1S-2J,49,80,53,No Data,No Data,,Carton Case,,47,0.208
FRN5.5F1S-4A,21.5,32,23,4.3200,4.3200,,Carton,,4,0.016
FRN55F1S-4A,49,80,53,35.0000,40.0000,,Carton Case,,46,0.208
FRN5.5F1S-4E,21.5,32,23,4.3300,4.3300,,Carton,,4,0.016
FRN55F1S-4E,47,92,53,45.0000,50.0000,,Carton Case,,50,0.229
FRN5.5F1S-4J,,,,No Data,No Data,,Carton,,4,0.000
FRN55F1S-4J,49,80,53,No Data,No Data,,Carton Case,,38,0.208
FRN5.5G1E-4A,30,34,32,8.1030,8.1030,6/10/2022,Carton,,8.1,0.033
FRN55G1E-4A,50,87,46,36.0000,40.0000,1/12/2022,Carton Case,,45,0.200
FRN5.5G1E-4E,30,34,32,8.0400,8.0400,4/9/2023,Carton,6,8.1,0.033
FRN55G1E-4E,49,80,51,36.0000,40.0000,15/6/2023,Carton Case,6,44,0.200
FRN5.5G1E-4EAQ,,,,No Data,No Data,,,,0,0.000
FRN55G1E-4EAQ,,,,No Data,No Data,,,,0,0.000
FRN55G1E-4EBU,49,80,53,36.0000,41.0000,14/9/2023,Carton Case,,-,0.208
FRN5.5G1E-4ELF,30,34,32,7.3770,7.3770,8/12/2023,Carton,,8.1,0.033
FRN55G1S-2A,50,87,46,43.0000,49.0000,23/2/2023,Carton Case,,53,0.200
FRN5.5G1S-2A,30,34,32,7.3650,7.3700,3/4/2024,Carton,,7.8,0.033
FRN5.5G1S-2T,30,34,32,7.3900,7.3900,,Carton,,7.8,0.033
FRN55G1S-2T,50,87,46,35.0000,40.0000,,Carton Case,,45,0.200
FRN5.5G1S-4A,30,34,32,7.4750,7.4750,5/10/2023,Carton,,7.8,0.033
FRN55G1S-4A,50,87,46,35.0000,39.0000,6/2/2023,Carton Case,,45,0.200
FRN5.5G1S-4T,,,,No Data,No Data,,Carton,,7.8,0.000
FRN55G1S-4T,50,87,46,35.0000,40.0000,,Carton Case,,45,0.200
FRN55G2S-2J,50,87,46,49.0000,51.0000,2/7/2025,Carton Case,3,,0.200
FRN5.5G2S-2J,30,34,32,6.8260,6.8260,2/9/2025,Carton,3,,0.033
FRN55G2S-4J,50,87,46,35.0000,39.0000,15/3/2024,Carton Case,,,0.200
FRN5.5G2S-4J,30,34,32,6.9000,6.9000,1/7/2024,Carton,,,0.033
FRN5.5LM1S-2EA,30,34,32,6.7350,6.7350,29/10/2024,Carton,,7,0.033
FRN5.5LM1S-2SD,30,34,32,6.6330,6.6330,3/10/2025,Carton,,7,0.033
FRN5.5LM1S-4AA,30,34,32,6.7210,6.7210,27/1/2025,Carton,,7,0.033
FRN5.5LM1S-4E,30,34,32,6.7620,6.7620,24/12/2024,Carton,,7,0.033
FRN5.5LM1S-4EA,30,34,32,6.6700,6.7250,28/12/2020,Carton,,7,0.033
FRN5.5LM1S-4SD,30,34,32,6.6900,6.6900,,Carton,,7,0.033
FRN560F1S-4A,,,,No Data,No Data,,,,0,0.000
FRN560F1S-4E,,,,No Data,No Data,,,,0,0.000
FRN560F1S-4J,,,,No Data,No Data,,,,0,0.000
FRN600F1S-4DY,96,219,83,390.0000,430.0000,,Wooden Case,,443,1.745
FRN600F1S-4U,96,219,83,392.0000,432.0000,,Wooden Case,,444,1.745
FRN600G1S-4U,96,219,83,328.0000,441.0000,22/11/2023,Wooden Case,wooden case,453,1.745
FRN600G1S-4U P,96,219,83,328.0000,441.0000,16/7/2024,Wooden Case,wooden case,453,1.745
FRN630AQ1S-4A,127,217,75,694.0000,724.0000,,Carton Case,,593,2.067
FRN630AQ1S-4E,127,217,75,702.0000,732.0000,,Carton Case,,593,2.067
FRN630AR1S-4A,127,217,75,548.0000,736.0000,5/1/2024,Carton Case,,593,2.067
FRN630AR1S-4E,127,217,75,702.0000,732.0000,,Carton Case,,593,2.067
FRN630G1E-4A,127,176,75,594.5000,624.5000,,Carton Case,,595,1.676
FRN630G1E-4E,127,176,75,593.0000,635.0000,15/2/2023,Carton Case,,595,1.676
FRN630G1S-4A,127,176,75,550.0000,629.0000,16/6/2025,Carton Case,1,595,1.676
FRN630G1S-4T,,,,No Data,No Data,,,,0,0.000
FRN630G2S-4J,127,176,75,450.0000,525.0000,30/11/2024,Carton,,,1.676
FRN700F1S-4DY,,,,No Data,No Data,,,,0,0.000
FRN700F1S-4U,118,219,83,538.0000,562.0000,,Wooden Case,,0,2.145
FRN700G1S-4U,118,219,83,492.0000,588.0000,6/12/2023,Wooden Case,,532,2.145
FRN710AQ1S-4A,127,217,75,593.0000,748.0000,27/9/2022,Carton Case,,593,2.067
FRN710AQ1S-4E,127,217,75,719.5000,749.5000,,Carton Case,,593,2.067
FRN710AR1S-4A,127,217,75,689.0000,719.0000,,Carton Case,,0,2.067
FRN710AR1S-4E,127,217,75,724.0000,757.0000,29/12/2020,Carton Case,2,593,2.067
FRN7.5AQ1L-4A,23.5,55,34.5,10.7000,10.7000,3/3/2021,Carton,,11,0.045
FRN75AQ1L-4A,45,103,60,No Data,No Data,,,,0,0.278
FRN7.5AQ1L-4E,23.5,55,34.5,10.6600,10.6600,5/8/2024,Carton,3,11,0.045
FRN75AQ1L-4E,45,103,60,69.0000,74.0000,3/7/2024,Carton Case,3,76,0.278
FRN7.5AQ1M-4A,23.5,55,34.5,10.7110,10.7110,25/9/2025,Carton,3,11,0.045
FRN75AQ1M-4A,45,103,60,70.0000,74.0000,29/11/2023,Carton Case,3,76,0.278
FRN7.5AQ1M-4E,23.5,55,34.5,10.6630,10.6630,24/12/2024,Carton,,11,0.045
FRN75AQ1M-4E,45,103,60,70.0000,75.0000,2/12/2025,Carton Case,,76,0.278
FRN7.5AR1K-4DSL,23.5,55,34.5,10.9650,10.9650,2/6/2021,Carton,,,0.045
FRN7.5AR1L-2J,31,68,37,20.0000,20.0000,,Carton,,20,0.078
FRN7.5AR1L-4A,23.5,55,34.5,10.9260,10.9260,14/1/2025,Carton,3,11,0.045
FRN75AR1L-4A,45,103,60,70.0000,74.0000,8/11/2024,Carton Case,3,76,0.278
FRN7.5AR1L-4E,23.5,55,34.5,10.8590,10.8590,3/9/2025,Carton,3,11,0.045
FRN75AR1L-4E,45,103,60,69.0000,74.0000,8/11/2023,Carton Case,3,76,0.278
FRN7.5AR1L-4J,23.5,55,34.5,11.0000,11.0000,,Carton,,11,0.045
FRN75AR1L-4J,45,103,60,69.0000,74.0000,,Carton Case,,76,0.278
FRN7.5AR1M-4A,23.5,55,34.5,10.7460,10.7460,4/9/2025,Carton,4,11,0.045
FRN75AR1M-4A,45,103,60,69.0000,74.0000,22/9/2025,Carton Case,4,76,0.278
FRN7.5AR1M-4E,23.5,55,34.5,10.7630,10.7630,16/7/2025,Carton,3,11,0.045
FRN75AR1M-4E,45,103,60,70.0000,73.0000,5/9/2023,Carton Case,3,76,0.278
FRN7.5C2S-2J,25.5,30,25.5,4.3670,4.3670,14/5/2025,Carton,5,,0.020
FRN7.5C2S-4J,25.5,30,25.5,4.2330,4.2330,3/7/2024,Carton,5,,0.020
FRN7.5E1E-4A,23,42,30,6.3400,6.3400,,Carton,,6.1,0.029
FRN7.5E1E-4E,23,42,30,6.3700,6.3700,,Carton,,6,0.029
FRN7.5E1S-2A,25.5,30,25.5,4.3400,4.3400,,Carton,,4.5,0.020
FRN7.5E1S-2BM1,25.5,30,25.5,4.3600,4.3600,,Carton,,4.5,0.020
FRN7.5E1S-2LM1,25.5,30,25.5,4.3250,4.3250,16/11/2021,Carton,,4.5,0.020
FRN7.5E1S-2QB1,,,,No Data,No Data,,Carton,,4.5,0.000
FRN7.5E1S-4A,25.5,30,25.5,4.4100,4.4100,,Carton,,4.5,0.020
FRN7.5E1S-4BM1,25.5,30,25.5,4.3700,4.3700,,Carton,,4.5,0.020
FRN7.5E1S-4E,25.5,30,25.5,4.3900,4.3900,,Carton,,4.5,0.020
FRN7.5E1S-4JSF1E,25.5,30,25.5,4.3600,4.3600,,Carton,,4.5,0.020
FRN7.5E1S-4LM,,,,No Data,No Data,,Carton,,4.5,0.000
FRN7.5E1S-4LM1,25.5,30,25.5,4.3730,4.3730,16/6/2021,Carton,,4.5,0.020
FRN7.5E1S-4LM3,25.5,30,25.5,4.3900,4.3900,,Carton,,4.5,0.020
FRN7.5E1S-4QB1,,,,No Data,No Data,,Carton,,4.5,0.000
FRN7.5F1S-2J,,,,No Data,No Data,,Carton,,7,0.000
FRN75F1S-2J,47,125,48,56.0000,61.0000,,Carton Case,,63,0.282
FRN7.5F1S-4A,30,34,32,7.1700,7.1700,,Carton,,7,0.033
FRN75F1S-4A,47,125,48,54.0000,55.0000,,Carton Case,,54,0.282
FRN75F1S-4E,,,,No Data,No Data,,Carton Case,,-,0.000
FRN7.5F1S-4E,30,34,32,7.0300,7.0300,,Carton,,7,0.033
FRN7.5F1S-4J,,,,No Data,No Data,,Carton,,7,0.000
FRN75F1S-4J,44,122,50,No Data,No Data,,Carton Case,,54,0.268
FRN7.5G1E-4A,30,34,32,8.1550,8.1550,13/12/2021,Carton,,8.2,0.033
FRN75G1E-4A,50,87,46,45.0000,48.0000,22/9/2022,Carton Case,,52,0.200
FRN7.5G1E-4E,30,34,32,8.1250,8.1250,4/9/2023,Carton,,8.2,0.033
FRN75G1E-4E,51,96,53,47.0000,52.0000,6/9/2023,Carton Case,,54,0.259
FRN7.5G1E-4EAQ,,,,No Data,No Data,,Carton,,0,0.000
FRN75G1E-4EAQ,,,,No Data,No Data,,Carton Case,,0,0.000
FRN75G1E-4EBU,47,92,53,48.0000,53.0000,,Carton Case,,-,0.229
FRN7.5G1E-4ELF,30,34,30,7.5110,7.5110,17/3/2023,Carton,,8.2,0.031
FRN7.5G1E-4ETD,30,34,30,8.2630,8.2630,3/7/2024,Carton,,8.2,0.031
FRN7.5G1S-2A,30,34,32,7.6500,7.6500,27/1/2023,Carton,,7.8,0.033
FRN75G1S-2A,65,85,46,69.0000,72.0000,16/12/2020,Carton Case,,69,0.254
FRN7.5G1S-2T,,,,No Data,No Data,,Carton,,7.8,0.000
FRN75G1S-2T,65,127,47,75.5000,85.5000,,Carton Case,,90,0.388
FRN7.5G1S-4A,30,34,32,7.5680,7.5680,9/8/2023,Carton,3,7.8,0.033
FRN75G1S-4A,50,87,46,40.0000,48.0000,25/3/2024,Carton Case,3,52,0.200
FRN7.5G1S-4T,,,,No Data,No Data,,Carton,,7.8,0.000
FRN75G1S-4T,47,127,48,52.0000,62.0000,,Carton Case,,67,0.287
FRN7.5G2S-2J,30,34,32,7.0100,7.0100,9/6/2025,Carton,5,,0.033
FRN75G2S-2J,65,85,46,62.0000,68.0000,9/6/2025,Carton Case,5,,0.254
FRN7.5G2S-4J,30,34,32,7.1600,7.1600,9/6/2025,Carton,6,,0.033
FRN75G2S-4J,50,87,46,45.0000,47.0000,14/5/2025,Carton Case,6,,0.200
FRN7.5LM1S-2EA,30,34,32,6.7880,6.7880,2/12/2025,Carton,,7,0.033
FRN7.5LM1S-2SD,30,34,32,6.6400,6.6400,,Carton,,7,0.033
FRN7.5LM1S-4AA,30,34,32,6.8100,6.8100,18/8/2025,Carton,5,7,0.033
FRN7.5LM1S-4E,30,34,32,6.7930,6.7930,24/12/2024,Carton,,7,0.033
FRN7.5LM1S-4EA,30,34,32,6.8110,6.8110,23/8/2023,Carton,,7,0.033
FRN7.5LM1S-4SD,30,34,32,6.8000,6.8000,,Carton,,7,0.033
FRN800F1S-4DY,118,219,83,459.0000,499.0000,,Wooden Case,,559,2.145
FRN800F1S-4U,118,219,83,459.0000,499.0000,,Wooden Case,,559,2.145
FRN800G1S-4U,118,219,83,331.0000,599.0000,29/11/2023,Wooden Case,wooden case,589,2.145
FRN800G1S-4U P,118,219,83,331.0000,599.0000,16/7/2024,Wooden Case,,589,2.145
FRN900F1S-4DY,,,,No Data,No Data,,Wooden Case,,0,0.000
FRN900F1S-4U,130,230,89,578.0000,628.0000,,Wooden Case,,578,2.661
FRN900G1S-4U,130,230,89,546.0000,886.0000,15/12/2023,Wooden Case,wooden case,851,2.661
FRN90AQ1L-4A,42,100,59,64.0000,74.0000,,Carton Case,,,0.248
FRN90AQ1L-4E,45,103,60,66.0000,75.0000,3/9/2025,Carton Case,3,76,0.278
FRN90AQ1M-4A,45,103,57,65.0000,74.0000,20/2/2024,Carton Case,,76,0.264
FRN90AQ1M-4E,45,103,60,66.0000,75.0000,18/9/2025,Carton Case,3,76,0.278
FRN90AR1L-4A,45,103,60,64.0000,75.0000,27/9/2024,Carton Case,3,76,0.278
FRN90AR1L-4E,45,103,60,66.0000,74.0000,24/12/2024,Carton Case,3,76,0.278
FRN90AR1L-4J,42,102,57,74.5000,74.5000,,Carton Case,,76,0.244
FRN90AR1M-4A,45,103,60,63.0000,75.0000,10/10/2025,Carton Case,3,76,0.278
FRN90AR1M-4E,45,103,60,66.0000,75.0000,5/1/2024,Carton Case,3,76,0.278
FRN90F1S-2J,65,130,55,94.0000,104.0000,,Carton Case,,105,0.465
FRN90F1S-4A,47,125,48,58.0000,68.0000,,Carton Case,,73,0.282
FRN90F1S-4E,,,,No Data,No Data,,Carton Case,,-,0.000
FRN90F1S-4J,47,125,48,No Data,No Data,,Carton Case,,70,0.282
FRN90G1E-4A,65,85,46,59.0000,69.0000,1/11/2021,Carton Case,,69,0.254
FRN90G1E-4E,68,131,60,69.0000,80.0000,18/5/2023,Carton Case,2,81,0.534
FRN90G1E-4EAQ,73,109,50,No Data,No Data,,Carton Case,,0,0.398
FRN90G1E-4EBU,68,131,60,70.0000,82.0000,5/1/2024,Carton Case,,81,0.534
FRN90G1S-2A,73,109,50,114.0000,115.0000,,Carton Case,,114,0.398
FRN90G1S-2T,75,155,60,120.0000,135.0000,,Carton Case,,140,0.698
FRN90G1S-4A,65,85,46,69.0000,70.0000,4/8/2023,Carton Case,,76,0.254
FRN90G1S-4T,65,130,51,No Data,No Data,,Carton,,95,0.431
FRN90G2S-2J,76,110,50,97.0000,107.0000,30/9/2024,Carton Case,,,0.418
FRN90G2S-4J,65,85,46,65.0000,67.0000,17/10/2025,Carton Case,,,0.254
FRNF12E1S-2U,11,19.5,15.5,0.9600,0.9600,,Carton,,1,0.003
FRNF12E1S-7U,,,,No Data,No Data,,Carton,,1,0.000
FRNF25E1S-2U,11,19.5,15.5,0.9600,0.9600,,Carton,,1,0.003
FRNF25E1S-7U,11,19.5,15.5,0.9800,0.9800,,Carton,,1,0.003
FRNF50E1S-2U,11,19.5,15.5,1.0400,1.0400,,Carton,,1,0.003
FRNF50E1S-4U,11,19.5,15.5,1.0400,1.0400,,Carton,,1,0.003
FRNF50E1S-7U,11,19.5,15.5,1.0600,1.0600,,Carton,,1.5,0.003
FRNF50G1S-2U,19,31.5,23,3.2950,3.2950,8/10/2024,Carton,,2.4,0.014
FRNF50G1S-4U,19,31.5,23,3.2240,3.2240,21/12/2022,Carton,,2.4,0.014
NEMA1-0.4G1-24,19.5,31,11.5,0.9600,0.9600,,Carton,,1,0.007
NEMA1-0.75G1-24,19.5,31,11.5,0.9710,0.9710,24/6/2024,Carton,,1,0.007
NEMA1-110G1-4,24,56,35,4.4100,4.4100,3/9/2024,Carton,,5,0.047
NEMA1-11G1-24,27,30,16,1.4750,1.4750,12/9/2023,Carton,,1.6,0.013
NEMA1-160G1-4,24,56,35,6.3610,6.3610,1/10/2025,Carton,,6.8,0.047
NEMA1-220G1-24,27,72,40,8.1360,8.1360,27/4/2022,Carton,,8.6,0.078
NEMA1-22G1-2,27,30,16,2.1350,2.1350,20/11/2025,Carton,,2.3,0.013
NEMA1-22G1-24,27,30,16,1.6870,1.6870,21/5/2025,Carton,,1.8,0.013
NEMA1-315G1-4,27,72,40,8.8350,8.8350,2/6/2021,Carton,,10,0.078
NEMA1-3.7G1-24,19.5,31,11.5,1.1630,1.1630,2/11/2022,Carton,,1.2,0.007
NEMA1-37G1-24,14.7,40,22,2.2500,2.2500,2/11/2022,Carton,,2.4,0.013
NEMA1-400G1-4,27,104,33,11.0480,11.0480,24/1/2025,Carton,,10.9,0.093
NEMA1-630G1-4,27,104,33,8.5600,8.5600,,Carton,,10,0.093
NEMA1-75G1-2,24,56,35,5.1600,5.1600,,Carton,,5.4,0.047
NEMA1-75G1-24,14.7,40,22,2.4400,2.4400,22/3/2023,Carton,,2.6,0.013
P55ARQ-37,20.5,30,14,0.4640,0.5250,8/3/2024,Carton,-,0,0.009
P55ARQ-55,27,75.5,31.5,4.6480,4.6480,26/10/2023,Carton,-,0,0.064
P55ARQ-7.5,20.5,30,14,0.4560,0.4560,7/12/2023,Carton,-,0,0.009
P55ARQ-90,27,89.5,35.5,6.1330,6.1330,26/10/2023,Carton,,0,0.086
RYH152F5-VV2,22,26,10.5,1.6540,1.6540,24/7/2025,Carton,9,1.7,0.006
RYH201F5-VV2,22,26,10.5,1.0670,1.0670,19/12/2025,Carton,,1.2,0.006
RYH202F5-VV2,29,30,15,2.7590,2.7590,15/7/2024,Carton,7,3.2,0.013
RYH302F5-VV2,29,30,15,2.8510,2.8510,27/6/2025,Carton,,3.2,0.013
RYH401F5-VV2,22,26,10.5,1.0900,1.0900,27/6/2024,Carton,9,1.2,0.006
RYH402F5-VV2,23.5,32,28,4.7880,4.7880,27/6/2025,Carton,6,4.8,0.021
RYH502F5-VV2,23.5,32,28,4.7780,4.7780,27/6/2025,Carton,,4.8,0.021
RYH751F5-VV2,22,26,10.5,1.6030,1.6030,4/7/2025,Carton,9,1.7,0.006
TKE-1-13.5,30,34,32,6.6900,6.6900,,Carton,,7,0.033
TKE-1-18.5,30,34,32,6.8000,6.8000,,Carton,,7,0.033
TKE-1-24.5,30,34,32,8.4600,8.4600,,Carton,,9,0.033
TKE-1-32,32.5,47,30,12.4700,12.4700,,Carton,,13,0.046
TKE-1-39,32.5,47,30,12.6300,12.6300,,Carton,,13,0.046
TKE-1-45,32.5,47,30,13.1500,13.1500,,Carton,,14,0.046
TKE-1-60,45,103,60,26.6700,26.6700,,Carton,,28,0.278
TKE-1-75,46,76,40,36.4600,36.4600,,Carton,,37,0.140
TKE-1-9.0,21.5,32,23,3.2900,3.2900,,Carton,,3.8,0.016
TKE-1-91,46,76,40,38.2100,38.2100,,Carton,,39,0.140
VF1A-G02A1S4,14.5,19.5,20.5,1.5380,1.5380,16/8/2023,Carton,,,0.006
VF1A-G04A1S4,14.5,19.5,20.5,1.7710,1.7710,16/8/2023,Carton,,,0.006
VF1A-G05A5S4,14.5,19.5,20.5,1.8050,1.8050,16/8/2023,Carton,,,0.006
VF1A-G06A9S4,14.5,19.5,20.5,1.8200,1.8200,16/8/2023,Carton,,,0.006
VF1A-G105AS4,49,80,51,30.0000,31.0000,11/1/2024,Carton Case,,,0.200
VF1A-G12A0S4,16.5,22,22,2.2190,2.2190,13/11/2023,Carton,,,0.008
VF1A-G139AS4,49,80,51,35.0000,36.0000,13/11/2023,Carton Case,,,0.200
VF1A-G21A5S4,25.5,30,25.5,4.2700,4.2700,16/8/2023,Carton,,,0.020
VF1A-G28A5S4,25.5,30,25.5,4.3340,4.3340,16/8/2023,Carton,,,0.020
VF1A-G37A0S4,30,34,32,6.0080,6.0080,16/8/2023,Carton,,,0.033
VF1A-G44A0S4,30,34,30,6.1420,6.1420,13/11/2023,Carton,,,0.031
VF1A-G59A0S4,35,50,33,12.5230,12.5230,13/11/2023,Carton,5,,0.058
VF1A-G72A0S4,35,50,33,12.8550,12.8550,23/5/2023,Carton,,,0.058
VF1A-G85A0S4,45,71,49,25.0000,30.0000,16/8/2023,Carton Case,,,0.157
VXH112L-4E,40,88,50,45.0000,50.0000,,Carton Case,,54,0.176
VXH13A5L-4E,23.5,55,34.5,10.6100,10.6100,,Carton,,11,0.045
VXH13A5M-4E,23.5,55,34.5,10.6200,10.6200,,Carton,,11,0.045
VXH150L-4E,45,103,60,69.0000,74.0000,,Carton Case,,76,0.278
VXH176L-4E,45,103,60,70.0000,75.0000,,Carton Case,,76,0.278
VXH18A5L-4E,23.5,55,34.5,10.8200,10.8200,,Carton,,11,0.045
VXH18A5M-4E,23.5,55,34.5,10.8200,10.8200,,Carton,,11,0.045
VXH24A5L-4E,31,68,37,17.6800,17.6800,,Carton,,20,0.078
VXH24A5M-4E,31,68,37,17.6100,17.6100,,Carton,,20,0.078
VXH2A5L-4E,,,,No Data,No Data,,Carton,,11,0.000
VXH32L-4E,31,68,37,18.3800,18.3800,,Carton,,20,0.078
VXH32M-4E,31,68,37,18.2400,18.2400,,Carton,,20,0.078
VXH39L-4E,31,68,37,18.3600,18.3600,,Carton,,20,0.078
VXH39M-4E,31,68,37,18.3700,18.3700,,Carton,,20,0.078
VXH45L-4E,31,68,37,18.8000,18.8000,,Carton,,20,0.078
VXH45M-4E,31,68,37,18.7200,18.7200,,Carton,,20,0.078
VXH4A1L-4E,23.5,55,34.5,9.8000,9.8000,,Carton,,11,0.045
VXH5A5L-4E,23.5,55,34.5,10.3300,10.3300,,Carton,,11,0.045
VXH60L-4E,31,74,37,23.2000,23.2000,,Carton,,25,0.085
VXH60M-4E,31,74,37,23.1600,23.1600,,Carton,,25,0.085
VXH75L-4E,31,74,37,23.5000,23.5000,,Carton,,25,0.085
VXH91L-4E,40,88,50,45.0000,50.0000,,Carton Case,,0,0.176
VXH9L-4E,23.5,55,34.5,10.4700,10.4700,,Carton,,11,0.045
VXR11A-1,,,,No Data,No Data,,Carton,,3,0.000
VXR11A-1E,,,,No Data,No Data,,Carton,,3.6,0.000
VXR13A-4,,,,No Data,No Data,,Carton,,4.5,0.000
VXR13A-4E,,,,No Data,No Data,,Carton,,6,0.000
VXR18A-4,,,,No Data,No Data,,Carton,,4.5,0.000
VXR18A-4E,,,,No Data,No Data,,Carton,,6,0.000
VXR1A5-4,,,,No Data,No Data,,Carton,,2,0.000
VXR1A5-4E,,,,No Data,No Data,,Carton,,2,0.000
VXR24A-4,,,,No Data,No Data,,Carton,,7,0.000
VXR24A-4E,,,,No Data,No Data,,Carton,,9,0.000
VXR2A5-4,,,,No Data,No Data,,Carton,,2,0.000
VXR2A5-4E,,,,No Data,No Data,,Carton,,2.1,0.000
VXR30A-4,,,,No Data,No Data,,Carton,,8,0.000
VXR30A-4E,,,,No Data,No Data,,Carton,,10,0.000
VXR3A-1,,,,No Data,No Data,,Carton,,1.5,0.000
VXR3A-1E,,,,No Data,No Data,,Carton,,1.2,0.000
VXR3A7-4,,,,No Data,No Data,,Carton,,2,0.000
VXR3A7-4E,,,,No Data,No Data,,Carton,,3.6,0.000
VXR5A-1,,,,No Data,No Data,,Carton,,1.5,0.000
VXR5A-1E,,,,No Data,No Data,,Carton,,2,0.000
VXR5A5-4,,,,No Data,No Data,,Carton,,2,0.000
VXR5A5-4E,,,,No Data,No Data,,Carton,,3.7,0.000
VXR8A-1,,,,No Data,No Data,,Carton,,2,0.000
VXR8A-1E,,,,No Data,No Data,,Carton,,3.6,0.000
VXR9A-4,,,,No Data,No Data,,Carton,,3,0.000
VXR9A-4E,,,,No Data,No Data,,Carton,,3.7,0.000
FRN0139G2E-4G,49,80,53,33.0000,38.0000,28/5/2025,Carton Case,,,0.208
FRN1.5E2S-2J,14.5,19.5,20.5,1.7750,1.7750,30/5/2025,Carton,,,0.006
FRN3.7E2S-2J,16.5,22,22,2.1950,2.1950,30/5/2025,Carton,,,0.008
FRN220G2S-4J,76,110,50,129.0000,134.0000,2/6/2025,Carton Case,,,0.418
FRN0547G2E-4G,85,155,60,128.0000,138.0000,9/6/2025,Carton Case,,,0.791
FRN0041G2S-4GU,32.5,47,30,11.5350,11.5350,16/6/2025,Carton,,,0.046
FRN0139G2S-4GU,48,78,53,37.0000,42.0000,16/6/2025,Carton Case,4,,0.198
FRN1169G2S-4G,110,186,62,298.0000,364.0000,24/6/2025,Carton Case,2,,1.269
FRN0261G2E-4G,68,131,60,68.0000,78.0000,30/6/2025,Carton Case,,,0.534
FRN0002G2S-4GU,17,31,22,2.1550,2.1550,15/7/2025,Carton,,,0.012
FRN0075G2S-2GU,32.5,47,30,11.8900,11.8900,15/7/2025,Carton,,,0.046
FRN0018G2S-4GU,30,34,31,6.9700,6.9700,25/7/2025,Carton,,,0.032
FRN0180G2S-2GU,48,78,53,40.0000,45.0000,29/7/2025,Carton Case,,,0.198
FRN0085G2S-4GU,45,72,51,32.0000,37.0000,29/7/2025,Carton Case,4,,0.165
FRN0105G2S-4GU,45,72,51,32.0000,37.0000,29/7/2025,Carton Case,,,0.165
FRN0023G2S-4GU,30,34,31,7.0850,7.0850,1/8/2025,Carton,,,0.032
FRN0146G2S-2GU,45,72,51,32.0000,37.0000,4/8/2025,Carton Case,,,0.165
FRN1480G2S-4G,127,176,75,451.0000,547.0000,5/9/2025,Carton Case,,,1.676
FRN1385G2E-4GAP,127,176,75,454.0000,527.0000,7/11/2025,Carton Case,,,1.676
FRN0290G2E-4G,68,131,60,87.0000,97.0000,11/11/2025,Carton Case,,,0.534
NEMA1-ST-FK1,24,57,36,4.5300,4.5300,14/11/2025,Carton,,,0.049
NEMA1-ST-FH1,15,39,22,2.4700,2.4700,17/11/2025,Carton,,,0.013
NEMA1-ST-FC1,27,31,17,1.4700,1.4700,18/11/2025,Carton,,,0.014
NEMA1-ST-FP1,26,71,40,9.1100,9.1100,21/11/2025,Carton,,,0.074
NEMA1-ST-FL1,24,56,36,6.1900,6.1900,21/11/2025,Carton,,,0.048
NEMA1-ST-FS1,26,103,34,9.1100,9.1100,21/11/2025,Carton,,,0.091
NEMA1-ST-FN1,26,71,40,8.3650,8.3650,21/11/2025,Carton,,,0.074
NEMA1-ST-FR1,26,103,34,11.4950,11.4950,21/11/2025,Carton,,,0.091
NEMA1-ST-FA1,19.5,31,12,0.9750,0.9750,24/11/2025,Carton,,,0.007
NEMA1-ST-FA2,19.5,21,12,0.9800,0.0980,24/11/2025,Carton,,,0.005
NEMA1-ST-FJ1,24,56,37,5.4050,5.4050,24/11/2025,Carton,,,0.050
NEMA1-ST-FB1,19.5,21,12,1.1500,1.1500,24/11/2025,Carton,,,0.005
FRN0840G2W-4GU,96,219,83,222.0000,376.0000,28/11/2025,Carton Case,,,1.745
FRN0431G2W-4GU,64,157,62,147.0000,157.0000,28/11/2025,Carton Case,,,0.623
FRN0547G2W-4GU,87,155,60,177.0000,187.0000,28/11/2025,Carton Case,,,0.809
FRN1480G2E-4GAP,127,176,75,451.0000,550.0000,8/12/2025,Carton Case,,,1.676
NEMA1-ST-FD1,27,31,17,1.6650,1.6650,9/12/2025,Carton,,,0.014
NEMA1-ST-FE1,15,39,23,2.3150,2.3150,17/12/2025,Carton,,,0.013
NEMA1-ST-FD2,27,31,17,2.1000,2.1000,17/12/2025,Carton,,,0.014
FRN0431G2E-4G,69,154,56,97.0000,107.0000,14/1/2026,,,,0.595
FRN0288G2W-2GU,47,125,53,100.0000,110.0000,28/1/2026,,,,0.311
FRN1385G2E-4G,127,176,75,454.0000,527.0000,30/1/2026,,,,1.676
FRN0376G2W-4GU,64,157,62,143.0000,153.0000,30/1/2026,,,,0.623