Date,Shipment,Mode,Product,SI QTY,QTY,Total Packages,Standard Total,Boxes Total,Warp Total,Returnable Total,Ratio Standard,Ratio Boxes,Ratio Warp,Ratio Returnable,110x110x115 QTY,110x110x90 QTY,110x110x65 QTY,80X120X115 QTY,80X120X90 QTY,80X120X65 QTY,42X46X68 QTY,47X66X68 QTY,53X53X58 QTY,57X64X84 QTY,68X74X86 QTY,70X100X90 QTY,27X27X22 QTY,53X53X19 QTY,WARP QTY,UNIT QTY,RETURNABLE QTY,Remark
04-01-2021,FAP,VESSEL,INVERTER,1,1,1,0,1,0,0,0.00,0.33,0.00,0.00,0,0,0,0,0,0,1,0,0,0,0,0,0,0,0,0,0,P & M
04-01-2021,FEF,AIRCRAFT,TEMPERATURE CONTROL,8,620,16,1,15,0,0,1.00,5.00,0.00,0.00,0,1,0,0,0,0,5,0,5,0,2,0,1,2,0,0,0,
05-01-2021,FEA NJ,AIRCRAFT,INVERTER,2,7,2,0,2,0,0,0.00,0.67,0.00,0.00,0,0,0,0,0,0,1,0,0,0,1,0,0,0,0,0,0,
05-01-2021,FEA NJ,VESSEL,INVERTER,4,114,7,3,4,0,0,3.00,1.33,0.00,0.00,0,0,0,1,2,0,2,2,0,0,0,0,0,0,0,0,0,
05-01-2021,FEA FRE,VESSEL,INVERTER,2,11,10,0,1,9,0,0.00,0.33,0.90,0.00,0,0,0,0,0,0,0,1,0,0,0,0,0,0,9,0,0,
05-01-2021,FEK,AIRCRAFT,TEMPERATURE CONTROL,1,7,1,0,1,0,0,0.00,0.33,0.00,0.00,0,0,0,0,0,0,0,0,0,0,0,0,1,0,0,0,0,
06-01-2021,FAP,AIRCRAFT,TEMPERATURE CONTROL,1,328,4,0,4,0,0,0.00,1.33,0.00,0.00,0,0,0,0,0,0,1,0,3,0,0,0,0,0,0,0,0,
06-01-2021,FEE,VESSEL,INVERTER,6,786,18,0,0,10,8,0.00,0.00,1.00,4.00,0,0,0,0,0,0,0,0,0,0,0,0,0,0,10,0,8,
06-01-2021,FEI,AIRCRAFT,INVERTER,9,266,23,4,7,12,0,4.00,2.33,1.20,0.00,2,2,0,0,0,0,3,0,0,0,3,1,0,0,12,0,0,
06-01-2021,FEID,VESSEL,INVERTER,11,163,11,0,11,0,0,0.00,3.67,0.00,0.00,0,0,0,0,0,0,7,0,0,1,2,1,0,0,0,0,0,
06-01-2021,FEI,AIRCRAFT,INVERTER,8,957,11,6,5,0,0,6.00,1.67,0.00,0.00,3,3,0,0,0,0,1,1,0,1,1,1,0,0,0,0,0,
07-01-2021,FEI,AIRCRAFT,INVERTER,2,5,5,0,0,5,0,0.00,0.00,0.50,0.00,0,0,0,0,0,0,0,0,0,0,0,0,0,0,5,0,0,
07-01-2021,FEI,VESSEL,INVERTER,29,978,66,19,24,23,0,19.00,8.00,2.30,0.00,7,12,0,0,0,0,6,0,0,5,5,8,0,0,23,0,0,
08-01-2021,FEI,AIRCRAFT,TEMPERATURE CONTROL,3,833,7,0,7,0,0,0.00,2.33,0.00,0.00,0,0,0,0,0,0,0,2,4,0,0,0,0,1,0,0,0,
08-01-2021,FAP,VESSEL,INVERTER,10,151,21,4,8,9,0,4.00,2.67,0.90,0.00,0,3,1,0,0,0,1,1,0,1,4,1,0,0,9,0,0,
11-01-2021,FEC,VESSEL,TEMPERATURE CONTROL,2,5801,16,9,7,0,0,9.00,2.33,0.00,0.00,9,0,0,0,0,0,2,0,5,0,0,0,0,0,0,0,0,
11-01-2021,FAP,VESSEL,INVERTER,13,124,26,4,9,13,0,4.00,3.00,1.30,0.00,1,3,0,0,0,0,1,0,0,1,3,4,0,0,13,0,0,
12-01-2021,FEA TWMC,VESSEL,INVERTER,1,1,1,0,0,1,0,0.00,0.00,0.10,0.00,0,0,0,0,0,0,0,0,0,0,0,0,0,0,1,0,0,
12-01-2021,FAP,COURIER,INVERTER,1,13,1,0,1,0,0,0.00,0.33,0.00,0.00,0,0,0,0,0,0,0,1,0,0,0,0,0,0,0,0,0,
12-01-2021,FEF,AIRCRAFT,TEMPERATURE CONTROL,4,68,7,0,7,0,0,0.00,2.33,0.00,0.00,0,0,0,0,0,0,0,0,0,2,0,0,4,1,0,0,0,
12-01-2021,FEE,VESSEL,INVERTER,10,3336,116,0,5,68,43,0.00,1.67,6.80,21.50,0,0,0,0,0,0,0,0,0,0,3,2,0,0,68,0,43,
12-01-2021,FEA NJ,VESSEL,INVERTER,1,1642,25,24,1,0,0,24.00,0.33,0.00,0.00,0,0,0,11,13,0,0,1,0,0,0,0,0,0,0,0,0,
13-01-2021,FAP,COURIER,INVERTER,1,99,3,0,3,0,0,0.00,1.00,0.00,0.00,0,0,0,0,0,0,0,1,0,0,2,0,0,0,0,0,0,
13-01-2021,FEI,AIRCRAFT,TEMPERATURE CONTROL,3,1672,9,1,8,0,0,1.00,2.67,0.00,0.00,1,0,0,0,0,0,2,0,6,0,0,0,0,0,0,0,0,
13-01-2021,FEID,AIRCRAFT,INVERTER,2,12,2,0,2,0,0,0.00,0.67,0.00,0.00,0,0,0,0,0,0,0,2,0,0,0,0,0,0,0,0,0,
13-01-2021,FEID,VESSEL,INVERTER,20,253,21,2,18,1,0,2.00,6.00,0.10,0.00,1,1,0,0,0,0,8,5,0,0,4,1,0,0,1,0,0,
14-01-2021,FEC,VESSEL,INVERTER,2,61,3,2,1,0,0,2.00,0.33,0.00,0.00,1,1,0,0,0,0,1,0,0,0,0,0,0,0,0,0,0,
14-01-2021,FEA,COURIER,TEMPERATURE CONTROL,3,198,4,0,4,0,0,0.00,1.33,0.00,0.00,0,0,0,0,0,0,1,0,0,0,0,0,2,1,0,0,0,
14-01-2021,FEA,VESSEL,TEMPERATURE CONTROL,3,871,7,0,7,0,0,0.00,2.33,0.00,0.00,0,0,0,0,0,0,0,4,2,0,0,0,0,1,0,0,0,
15-01-2021,FET,COURIER,VENDING MACHINE,1,5,5,0,0,5,0,0.00,0.00,0.50,0.00,0,0,0,0,0,0,0,0,0,0,0,0,0,0,0,5,0,
15-01-2021,WuXi,AIRCRAFT,TEMPERATURE CONTROL,5,163,6,3,3,0,0,3.00,1.00,0.00,0.00,3,0,0,0,0,0,0,0,0,0,0,2,0,1,0,0,0,
18-01-2021,FAP,VESSEL,INVERTER,9,166,9,0,7,2,0,0.00,2.33,0.20,0.00,0,0,0,0,0,0,1,2,0,2,0,2,0,0,2,0,0,
18-01-2021,FEA,VESSEL,TEMPERATURE CONTROL,1,368,4,0,4,0,0,0.00,1.33,0.00,0.00,0,0,0,0,0,0,0,0,3,0,0,0,0,1,0,0,0,
18-01-2021,FEF,AIRCRAFT,TEMPERATURE CONTROL,5,24,6,0,6,0,0,0.00,2.00,0.00,0.00,0,0,0,0,0,0,1,0,0,1,0,0,4,0,0,0,0,
18-01-2021,FEC,VESSEL,TEMPERATURE CONTROL,1,245,5,0,5,0,0,0.00,1.67,0.00,0.00,0,0,0,0,0,0,0,0,5,0,0,0,0,0,0,0,0,
18-01-2021,FET,COURIER,VENDING MACHINE,5,230,230,0,0,230,0,0.00,0.00,23.00,0.00,0,0,0,0,0,0,0,0,0,0,0,0,0,0,0,230,0,
19-01-2021,FEA NJ,VESSEL,INVERTER,2,19,3,0,1,2,0,0.00,0.33,0.20,0.00,0,0,0,0,0,0,0,0,0,0,0,1,0,0,2,0,0,
19-01-2021,FEE,VESSEL,INVERTER,3,22,6,0,5,1,0,0.00,1.67,0.10,0.00,0,0,0,0,0,0,1,2,0,0,0,2,0,0,1,0,0,
19-01-2021,FEE,VESSEL,INVERTER,1,100,1,0,0,0,1,0.00,0.00,0.00,0.50,0,0,0,0,0,0,0,0,0,0,0,0,0,0,0,0,1,
19-01-2021,FEK,VESSEL,INVERTER,4,26,25,0,1,24,0,0.00,0.33,2.40,0.00,0,0,0,0,0,0,0,0,0,1,0,0,0,0,24,0,0,
19-01-2021,FEE,AIRCRAFT,INVERTER,3,63,3,0,3,0,0,0.00,1.00,0.00,0.00,0,0,0,0,0,0,0,0,0,1,2,0,0,0,0,0,0,
20-01-2021,FEID,VESSEL,INVERTER,5,162,6,0,5,1,0,0.00,1.67,0.10,0.00,0,0,0,0,0,0,2,0,0,1,1,1,0,0,1,0,0,
20-01-2021,FEE,VESSEL,INVERTER,1,10,10,0,0,10,0,0.00,0.00,1.00,0.00,0,0,0,0,0,0,0,0,0,0,0,0,0,0,10,0,0,
20-01-2021,FEI,AIRCRAFT,INVERTER,12,1710,25,16,8,1,0,16.00,2.67,0.10,0.00,9,6,1,0,0,0,4,0,0,2,0,2,0,0,1,0,0,
20-01-2021,FET,COURIER,VENDING MACHINE,1,15,15,0,0,15,0,0.00,0.00,1.50,0.00,0,0,0,0,0,0,0,0,0,0,0,0,0,0,0,15,0,
20-01-2021,FEI,VESSEL,INVERTER,23,2943,95,43,18,34,0,43.00,6.00,3.40,0.00,18,22,3,0,0,0,2,3,0,5,4,4,0,0,34,0,0,
21-01-2021,FEI,AIRCRAFT,TEMPERATURE CONTROL,2,2178,6,2,4,0,0,2.00,1.33,0.00,0.00,2,0,0,0,0,0,0,4,0,0,0,0,0,0,0,0,0,
22-01-2021,FAP,VESSEL,INVERTER,4,46,13,1,3,9,0,1.00,1.00,0.90,0.00,0,1,0,0,0,0,1,0,0,0,0,2,0,0,9,0,0,
22-01-2021,FEID,AIRCRAFT,TEMPERATURE CONTROL,1,53,1,0,1,0,0,0.00,0.33,0.00,0.00,0,0,0,0,0,0,0,0,1,0,0,0,0,0,0,0,0,
25-01-2021,FEA NJ,VESSEL,INVERTER,1,25,25,0,0,25,0,0.00,0.00,2.50,0.00,0,0,0,0,0,0,0,0,0,0,0,0,0,0,25,0,0,
25-01-2021,FAP,VESSEL,INVERTER,3,28,3,1,2,0,0,1.00,0.67,0.00,0.00,0,1,0,0,0,0,1,0,0,0,0,1,0,0,0,0,0,
25-01-2021,FEI,AIRCRAFT,TEMPERATURE CONTROL,4,342,4,0,4,0,0,0.00,1.33,0.00,0.00,0,0,0,0,0,0,1,0,1,0,0,0,0,2,0,0,0,
25-01-2021,FEI,VESSEL,TEMPERATURE CONTROL,3,1309,12,0,12,0,0,0.00,4.00,0.00,0.00,0,0,0,0,0,0,3,0,9,0,0,0,0,0,0,0,0,
25-01-2021,FEF,AIRCRAFT,TEMPERATURE CONTROL,3,72,3,0,3,0,0,0.00,1.00,0.00,0.00,0,0,0,0,0,0,1,0,0,1,0,0,0,1,0,0,0,
26-01-2021,FEA TWMC,VESSEL,INVERTER,1,6,3,0,1,2,0,0.00,0.33,0.20,0.00,0,0,0,0,0,0,0,0,0,0,1,0,0,0,2,0,0,
26-01-2021,FEA NJ,VESSEL,INVERTER,7,284,47,2,3,42,0,2.00,1.00,4.20,0.00,0,0,0,2,0,0,0,1,0,0,1,1,0,0,42,0,0,
27-01-2021,FEA NJ,VESSEL,INVERTER,2,3,2,0,2,0,0,0.00,0.67,0.00,0.00,0,0,0,0,0,0,1,1,0,0,0,0,0,0,0,0,0,
27-01-2021,FEE,VESSEL,INVERTER,7,650,31,0,2,12,17,0.00,0.67,1.20,8.50,0,0,0,0,0,0,0,0,0,0,2,0,0,0,12,0,17,
27-01-2021,FEID,VESSEL,INVERTER,5,135,5,0,5,0,0,0.00,1.67,0.00,0.00,0,0,0,0,0,0,2,0,0,2,0,1,0,0,0,0,0,
28-01-2021,FEE,VESSEL,INVERTER,1,51,2,0,0,0,2,0.00,0.00,0.00,1.00,0,0,0,0,0,0,0,0,0,0,0,0,0,0,0,0,2,Combine Air & Sea
28-01-2021,FEE,AIRCRAFT,INVERTER,1,20,1,1,0,0,0,1.00,0.00,0.00,0.00,0,0,0,0,1,0,0,0,0,0,0,0,0,0,0,0,0,Combine Air & Sea
28-01-2021,FEI,AIRCRAFT,INVERTER,24,1951,77,15,15,47,0,15.00,5.00,4.70,0.00,6,8,1,0,0,0,1,3,0,3,6,2,0,0,47,0,0,
28-01-2021,FEI,VESSEL,INVERTER,47,2342,174,33,36,105,0,33.00,12.00,10.50,0.00,22,11,0,0,0,0,12,2,0,3,7,12,0,0,105,0,0,
29-01-2021,FAP,COURIER,INVERTER,1,100,1,1,0,0,0,1.00,0.00,0.00,0.00,0,1,0,0,0,0,0,0,0,0,0,0,0,0,0,0,0,
01-02-2021,FAP,VESSEL,INVERTER,14,952,71,18,10,43,0,18.00,3.33,4.30,0.00,9,9,0,0,0,0,3,1,0,0,2,4,0,0,43,0,0,
01-02-2021,FAP,AIRCRAFT,INVERTER,1,100,1,1,0,0,0,1.00,0.00,0.00,0.00,0,1,0,0,0,0,0,0,0,0,0,0,0,0,0,0,0,
01-02-2021,FEF,AIRCRAFT,TEMPERATURE CONTROL,4,649,11,0,11,0,0,0.00,3.67,0.00,0.00,0,0,0,0,0,0,5,3,0,0,0,0,2,1,0,0,0,
02-02-2021,FEA NJ,VESSEL,INVERTER,7,674,17,11,3,3,0,11.00,1.00,0.30,0.00,0,0,0,3,4,4,2,0,0,0,0,1,0,0,3,0,0,
02-02-2021,FEA FRE,VESSEL,INVERTER,1,1,1,0,0,1,0,0.00,0.00,0.10,0.00,0,0,0,0,0,0,0,0,0,0,0,0,0,0,1,0,0,
02-02-2021,FEA TWMC,VESSEL,INVERTER,1,6,1,0,1,0,0,0.00,0.33,0.00,0.00,0,0,0,0,0,0,0,0,0,0,0,1,0,0,0,0,0,
02-02-2021,FEE,VESSEL,INVERTER,7,3177,87,0,3,39,45,0.00,1.00,3.90,22.50,0,0,0,0,0,0,2,0,0,0,1,0,0,0,39,0,45,
03-02-2021,FEI,AIRCRAFT,INVERTER,8,2391,21,16,4,1,0,16.00,1.33,0.10,0.00,14,1,1,0,0,0,1,0,0,1,1,1,0,0,1,0,0,
03-02-2021,FEI,VESSEL,INVERTER,7,257,15,2,3,10,0,2.00,1.00,1.00,0.00,0,2,0,0,0,0,0,1,0,0,1,1,0,0,10,0,0,
05-02-2021,FEC,VESSEL,TEMPERATURE CONTROL,2,7145,14,12,2,0,0,12.00,0.67,0.00,0.00,12,0,0,0,0,0,0,0,2,0,0,0,0,0,0,0,0,
08-02-2021,FAP,VESSEL,INVERTER,19,380,46,6,19,21,0,6.00,6.33,2.10,0.00,2,4,0,0,0,0,4,2,0,3,2,8,0,0,21,0,0,
09-02-2021,FEID,VESSEL,INVERTER,15,212,20,3,13,4,0,3.00,4.33,0.40,0.00,1,2,0,0,0,0,8,1,0,2,1,1,0,0,4,0,0,
09-02-2021,FEA NJ,VESSEL,INVERTER,5,1284,53,25,3,25,0,25.00,1.00,2.50,0.00,0,0,0,17,8,0,0,2,0,0,0,1,0,0,25,0,0,
09-02-2021,FEA,AIRCRAFT,INVERTER,1,6,1,0,1,0,0,0.00,0.33,0.00,0.00,0,0,0,0,0,0,1,0,0,0,0,0,0,0,0,0,0,FEA DRIVE ROA
09-02-2021,FEC,VESSEL,TEMPERATURE CONTROL,1,595,4,1,3,0,0,1.00,1.00,0.00,0.00,1,0,0,0,0,0,0,0,2,0,0,0,0,1,0,0,0,
10-02-2021,FEE,AIRCRAFT,INVERTER,1,75,1,1,0,0,0,1.00,0.00,0.00,0.00,0,0,0,1,0,0,0,0,0,0,0,0,0,0,0,0,0,
10-02-2021,FEE,VESSEL,INVERTER,12,439,38,0,4,24,10,0.00,1.33,2.40,5.00,0,0,0,0,0,0,1,1,0,1,0,1,0,0,24,0,10,
10-02-2021,FEC,AIRCRAFT,TEMPERATURE CONTROL,1,15,1,0,1,0,0,0.00,0.33,0.00,0.00,0,0,0,0,0,0,0,0,0,0,0,0,0,1,0,0,0,
10-02-2021,FEI,AIRCRAFT,INVERTER,3,690,7,5,2,0,0,5.00,0.67,0.00,0.00,4,1,0,0,0,0,2,0,0,0,0,0,0,0,0,0,0,
10-02-2021,FEID,VESSEL,INVERTER,2,20,2,0,2,0,0,0.00,0.67,0.00,0.00,0,0,0,0,0,0,0,1,0,1,0,0,0,0,0,0,0,
11-02-2021,FEI,AIRCRAFT,INVERTER,9,1298,20,11,9,0,0,11.00,3.00,0.00,0.00,7,4,0,0,0,0,2,2,0,1,1,3,0,0,0,0,0,
11-02-2021,FEI,VESSEL,INVERTER,4,12,5,0,3,2,0,0.00,1.00,0.20,0.00,0,0,0,0,0,0,0,1,0,1,1,0,0,0,2,0,0,
12-02-2021,FAP,VESSEL,INVERTER,8,82,11,1,10,0,0,1.00,3.33,0.00,0.00,1,0,0,0,0,0,2,1,0,0,0,7,0,0,0,0,0,
15-02-2021,FAP,VESSEL,INVERTER,7,112,14,5,4,5,0,5.00,1.33,0.50,0.00,5,0,0,0,0,0,2,0,0,0,2,0,0,0,5,0,0,
15-02-2021,FET,COURIER,VENDING MACHINE,1,1,1,0,0,1,0,0.00,0.00,0.10,0.00,0,0,0,0,0,0,0,0,0,0,0,0,0,0,0,1,0,
15-02-2021,FEF,AIRCRAFT,TEMPERATURE CONTROL,2,4,2,0,2,0,0,0.00,0.67,0.00,0.00,0,0,0,0,0,0,0,0,0,0,0,0,2,0,0,0,0,
15-02-2021,FEE,AIRCRAFT,INVERTER,1,60,2,2,0,0,0,2.00,0.00,0.00,0.00,0,0,0,2,0,0,0,0,0,0,0,0,0,0,0,0,0,
16-02-2021,FEA NJ,VESSEL,INVERTER,6,188,15,2,3,10,0,2.00,1.00,1.00,0.00,0,0,0,0,2,0,2,1,0,0,0,0,0,0,10,0,0,
16-02-2021,FEE,VESSEL,INVERTER,5,36,25,0,2,23,0,0.00,0.67,2.30,0.00,0,0,0,0,0,0,0,1,0,0,1,0,0,0,23,0,0,
17-02-2021,FEI,AIRCRAFT,TEMPERATURE CONTROL,5,305,9,0,9,0,0,0.00,3.00,0.00,0.00,0,0,0,0,0,0,0,0,1,0,0,0,2,6,0,0,0,
17-02-2021,FEI,VESSEL,TEMPERATURE CONTROL,2,38,3,0,3,0,0,0.00,1.00,0.00,0.00,0,0,0,0,0,0,0,0,0,0,0,0,2,1,0,0,0,
17-02-2021,FEI,AIRCRAFT,INVERTER,26,2499,99,22,17,60,0,22.00,5.67,6.00,0.00,17,4,1,0,0,0,10,2,0,0,0,5,0,0,60,0,0,
17-02-2021,FEA NJ,VESSEL,INVERTER,1,29,1,0,1,0,0,0.00,0.33,0.00,0.00,0,0,0,0,0,0,0,0,0,0,1,0,0,0,0,0,0,
17-02-2021,FEE,AIRCRAFT,INVERTER,1,3,1,0,1,0,0,0.00,0.33,0.00,0.00,0,0,0,0,0,0,0,1,0,0,0,0,0,0,0,0,0,
17-02-2021,FEI,VESSEL,INVERTER,30,1198,86,13,20,53,0,13.00,6.67,5.30,0.00,6,6,1,0,0,0,6,2,0,2,2,8,0,0,53,0,0,
17-02-2021,FEA NJ,AIRCRAFT,INVERTER,1,3,1,0,1,0,0,0.00,0.33,0.00,0.00,0,0,0,0,0,0,0,0,0,0,1,0,0,0,0,0,0,
17-02-2021,FEA,VESSEL,TEMPERATURE CONTROL,3,552,9,0,9,0,0,0.00,3.00,0.00,0.00,0,0,0,0,0,0,1,0,3,0,0,0,5,0,0,0,0,
18-02-2021,WuXi,AIRCRAFT,TEMPERATURE CONTROL,4,236,17,3,14,0,0,3.00,4.67,0.00,0.00,3,0,0,0,0,0,10,2,0,1,0,0,0,1,0,0,0,
18-02-2021,FEI,AIRCRAFT,TEMPERATURE CONTROL,1,162,2,0,2,0,0,0.00,0.67,0.00,0.00,0,0,0,0,0,0,0,0,1,0,0,0,0,1,0,0,0,
18-02-2021,FETW,AIRCRAFT,TEMPERATURE CONTROL,1,272,2,0,2,0,0,0.00,0.67,0.00,0.00,0,0,0,0,0,0,0,0,2,0,0,0,0,0,0,0,0,
19-02-2021,FEA,COURIER,TEMPERATURE CONTROL,1,21,2,0,2,0,0,0.00,0.67,0.00,0.00,0,0,0,0,0,0,0,0,0,0,0,0,2,0,0,0,0,
19-02-2021,FEK,VESSEL,INVERTER,6,11,11,0,0,11,0,0.00,0.00,1.10,0.00,0,0,0,0,0,0,0,0,0,0,0,0,0,0,11,0,0,
19-02-2021,FEC,VESSEL,TEMPERATURE CONTROL,1,994,6,1,5,0,0,1.00,1.67,0.00,0.00,1,0,0,0,0,0,0,0,3,0,0,0,2,0,0,0,0,
19-02-2021,FEA,COURIER,TEMPERATURE CONTROL,1,10,2,0,2,0,0,0.00,0.67,0.00,0.00,0,0,0,0,0,0,0,0,0,0,0,0,2,0,0,0,0,
19-02-2021,FAP,AIRCRAFT,TEMPERATURE CONTROL,1,38,2,0,2,0,0,0.00,0.67,0.00,0.00,0,0,0,0,0,0,0,0,0,0,0,0,1,1,0,0,0,
22-02-2021,FEC,VESSEL,TEMPERATURE CONTROL,1,205,1,0,1,0,0,0.00,0.33,0.00,0.00,0,0,0,0,0,0,0,0,1,0,0,0,0,0,0,0,0,
22-02-2021,FEF,AIRCRAFT,TEMPERATURE CONTROL,3,531,4,0,4,0,0,0.00,1.33,0.00,0.00,0,0,0,0,0,0,2,0,1,0,0,0,0,1,0,0,0,
22-02-2021,FAP,VESSEL,INVERTER,19,726,45,12,14,19,0,12.00,4.67,1.90,0.00,4,8,0,0,0,0,4,3,0,1,0,6,0,0,19,0,0,
23-02-2021,FEA NJ,AIRCRAFT,INVERTER,1,14,2,1,1,0,0,1.00,0.33,0.00,0.00,0,0,0,0,1,0,0,0,0,0,0,1,0,0,0,0,0,
23-02-2021,FEA NJ,VESSEL,INVERTER,5,692,14,9,5,0,0,9.00,1.67,0.00,0.00,0,0,0,7,2,0,0,2,0,1,2,0,0,0,0,0,0,
24-02-2021,FEC,VESSEL,INVERTER,1,125,4,3,1,0,0,3.00,0.33,0.00,0.00,3,0,0,0,0,0,0,0,0,0,1,0,0,0,0,0,0,
24-02-2021,FEI,AIRCRAFT,INVERTER,13,1094,18,7,9,2,0,7.00,3.00,0.20,0.00,7,0,0,0,0,0,2,0,0,3,3,1,0,0,2,0,0,
24-02-2021,FEI,VESSEL,INVERTER,10,102,14,2,6,6,0,2.00,2.00,0.60,0.00,2,0,0,0,0,0,1,1,0,2,1,1,0,0,6,0,0,
25-02-2021,FAP,VESSEL,INVERTER,3,52,3,0,1,2,0,0.00,0.33,0.20,0.00,0,0,0,0,0,0,0,0,0,0,0,1,0,0,2,0,0,
25-02-2021,FEI,AIRCRAFT,INVERTER,1,1,1,0,0,1,0,0.00,0.00,0.10,0.00,0,0,0,0,0,0,0,0,0,0,0,0,0,0,1,0,0,
01-03-2021,FAP,VESSEL,INVERTER,11,129,26,3,7,16,0,3.00,2.33,1.60,0.00,3,0,0,0,0,0,1,1,0,1,1,3,0,0,16,0,0,
01-03-2021,FEF,AIRCRAFT,TEMPERATURE CONTROL,2,248,5,0,5,0,0,0.00,1.67,0.00,0.00,0,0,0,0,0,0,0,0,2,0,0,0,2,1,0,0,0,
02-03-2021,FEE,AIRCRAFT,INVERTER,3,134,4,4,0,0,0,4.00,0.00,0.00,0.00,0,0,0,0,4,0,0,0,0,0,0,0,0,0,0,0,0,
02-03-2021,FEA NJ,VESSEL,INVERTER,7,82,28,1,4,23,0,1.00,1.33,2.30,0.00,0,0,0,1,0,0,2,1,0,0,0,1,0,0,23,0,0,
02-03-2021,FEJP,VESSEL,INVERTER,1,279,12,9,3,0,0,9.00,1.00,0.00,0.00,9,0,0,0,0,0,1,0,0,1,0,1,0,0,0,0,0,Periodic Nagoya
03-03-2021,FEID,VESSEL,INVERTER,13,78,14,0,10,4,0,0.00,3.33,0.40,0.00,0,0,0,0,0,0,6,1,0,0,1,2,0,0,4,0,0,
03-03-2021,FEI,AIRCRAFT,INVERTER,22,1545,49,10,10,29,0,10.00,3.33,2.90,0.00,5,5,0,0,0,0,1,2,0,1,3,3,0,0,29,0,0,
03-03-2021,FEI,VESSEL,INVERTER,6,28,28,0,0,28,0,0.00,0.00,2.80,0.00,0,0,0,0,0,0,0,0,0,0,0,0,0,0,28,0,0,
03-03-2021,FEE,VESSEL,INVERTER,10,1394,116,0,1,84,31,0.00,0.33,8.40,15.50,0,0,0,0,0,0,0,0,0,0,1,0,0,0,84,0,31,
03-03-2021,FEC,VESSEL,TEMPERATURE CONTROL,1,716,5,0,5,0,0,0.00,1.67,0.00,0.00,0,0,0,0,0,0,0,0,5,0,0,0,0,0,0,0,0,
04-03-2021,FEI,AIRCRAFT,TEMPERATURE CONTROL,2,139,2,0,2,0,0,0.00,0.67,0.00,0.00,0,0,0,0,0,0,2,0,0,0,0,0,0,0,0,0,0,
05-03-2021,FAP,AIRCRAFT,INVERTER,3,293,3,3,0,0,0,3.00,0.00,0.00,0.00,0,3,0,0,0,0,0,0,0,0,0,0,0,0,0,0,0,
05-03-2021,FAP,VESSEL,INVERTER,6,210,6,1,4,1,0,1.00,1.33,0.10,0.00,0,1,0,0,0,0,1,0,0,0,0,3,0,0,1,0,0,
05-03-2021,FAP,VESSEL,INVERTER,8,95,13,1,6,6,0,1.00,2.00,0.60,0.00,1,0,0,0,0,0,0,1,0,0,2,2,1,0,6,0,0,
08-03-2021,FEC,VESSEL,TEMPERATURE CONTROL,2,7133,13,9,4,0,0,9.00,1.33,0.00,0.00,9,0,0,0,0,0,0,0,1,0,0,0,2,1,0,0,0,
08-03-2021,FEF,AIRCRAFT,TEMPERATURE CONTROL,2,55,3,1,2,0,0,1.00,0.67,0.00,0.00,0,1,0,0,0,0,0,0,0,1,0,0,1,0,0,0,0,
08-03-2021,WuXi,AIRCRAFT,TEMPERATURE CONTROL,2,63,4,1,3,0,0,1.00,1.00,0.00,0.00,1,0,0,0,0,0,2,0,0,0,1,0,0,0,0,0,0,
08-03-2021,FEE,AIRCRAFT,INVERTER,7,606,15,9,6,0,0,9.00,2.00,0.00,0.00,0,0,0,5,4,0,1,0,0,2,1,2,0,0,0,0,0,
09-03-2021,FEA NJ,VESSEL,INVERTER,4,1489,65,33,3,29,0,33.00,1.00,2.90,0.00,0,0,0,11,22,0,1,1,0,1,0,0,0,0,29,0,0,
11-03-2021,FEID,VESSEL,INVERTER,3,12,3,0,3,0,0,0.00,1.00,0.00,0.00,0,0,0,0,0,0,1,2,0,0,0,0,0,0,0,0,0,
11-03-2021,FEID,VESSEL,INVERTER,1,22,1,0,1,0,0,0.00,0.33,0.00,0.00,0,0,0,0,0,0,0,0,0,1,0,0,0,0,0,0,0,
11-03-2021,FEE,AIRCRAFT,INVERTER,1,70,1,0,1,0,0,0.00,0.33,0.00,0.00,0,0,0,0,0,0,0,0,0,0,0,1,0,0,0,0,0,
12-03-2021,FEA,COURIER,TEMPERATURE CONTROL,1,118,1,0,1,0,0,0.00,0.33,0.00,0.00,0,0,0,0,0,0,1,0,0,0,0,0,0,0,0,0,0,
12-03-2021,FAP,VESSEL,INVERTER,4,25,7,0,3,4,0,0.00,1.00,0.40,0.00,0,0,0,0,0,0,0,1,0,1,0,0,1,0,4,0,0,
12-03-2021,FEC,AIRCRAFT,TEMPERATURE CONTROL,1,314,4,0,4,0,0,0.00,1.33,0.00,0.00,0,0,0,0,0,0,0,0,4,0,0,0,0,0,0,0,0,
12-03-2021,FEC,VESSEL,TEMPERATURE CONTROL,1,1873,3,3,0,0,0,3.00,0.00,0.00,0.00,3,0,0,0,0,0,0,0,0,0,0,0,0,0,0,0,0,
15-03-2021,FAP,VESSEL,INVERTER,6,88,16,4,8,4,0,4.00,2.67,0.40,0.00,2,2,0,0,0,0,2,0,0,0,3,3,0,0,4,0,0,
15-03-2021,FEE,AIRCRAFT,INVERTER,2,110,5,3,2,0,0,3.00,0.67,0.00,0.00,0,0,0,3,0,0,0,1,0,0,1,0,0,0,0,0,0,
15-03-2021,FEF,AIRCRAFT,TEMPERATURE CONTROL,3,73,4,0,4,0,0,0.00,1.33,0.00,0.00,0,0,0,0,0,0,3,0,0,0,1,0,0,0,0,0,0,
15-03-2021,FEC,VESSEL,TEMPERATURE CONTROL,1,12,2,0,2,0,0,0.00,0.67,0.00,0.00,0,0,0,0,0,0,0,0,0,0,0,0,2,0,0,0,0,
15-03-2021,FAP,VESSEL,TEMPERATURE CONTROL,1,200,1,0,1,0,0,0.00,0.33,0.00,0.00,0,0,0,0,0,0,1,0,0,0,0,0,0,0,0,0,0,
16-03-2021,FET,COURIER,VENDING MACHINE,18,905,905,0,0,905,0,0.00,0.00,90.50,0.00,0,0,0,0,0,0,0,0,0,0,0,0,0,0,0,905,0,
16-03-2021,FEA NJ,AIRCRAFT,INVERTER,1,6,6,0,0,6,0,0.00,0.00,0.60,0.00,0,0,0,0,0,0,0,0,0,0,0,0,0,0,6,0,0,
16-03-2021,FEA NJ,VESSEL,INVERTER,4,223,7,3,2,2,0,3.00,0.67,0.20,0.00,0,0,0,1,2,0,1,0,0,0,0,1,0,0,2,0,0,
16-03-2021,FEA TWMC,VESSEL,INVERTER,1,19,15,0,1,14,0,0.00,0.33,1.40,0.00,0,0,0,0,0,0,0,0,0,0,1,0,0,0,14,0,0,
16-03-2021,FEA,COURIER,TEMPERATURE CONTROL,3,83,4,0,4,0,0,0.00,1.33,0.00,0.00,0,0,0,0,0,0,0,0,0,0,0,0,3,1,0,0,0,
16-03-2021,FEA,VESSEL,TEMPERATURE CONTROL,1,2,1,0,1,0,0,0.00,0.33,0.00,0.00,0,0,0,0,0,0,0,0,0,0,0,0,1,0,0,0,0,
16-03-2021,FEI,AIRCRAFT,INVERTER,1,5,5,0,0,5,0,0.00,0.00,0.50,0.00,0,0,0,0,0,0,0,0,0,0,0,0,0,0,5,0,0,
17-03-2021,FEE,AIRCRAFT,INVERTER,5,169,6,0,6,0,0,0.00,2.00,0.00,0.00,0,0,0,0,0,0,1,0,0,0,3,2,0,0,0,0,0,
17-03-2021,FEA,VESSEL,TEMPERATURE CONTROL,3,595,6,0,6,0,0,0.00,2.00,0.00,0.00,0,0,0,0,0,0,0,1,3,0,0,0,1,1,0,0,0,
18-03-2021,FEE,AIRCRAFT,INVERTER,1,200,2,1,1,0,0,1.00,0.33,0.00,0.00,0,0,0,1,0,0,0,0,0,0,0,1,0,0,0,0,0,
18-03-2021,FAP,COURIER,TEMPERATURE CONTROL,1,4,1,0,1,0,0,0.00,0.33,0.00,0.00,0,0,0,0,0,0,0,0,0,0,0,0,1,0,0,0,0,
18-03-2021,FEID,COURIER,TEMPERATURE CONTROL,1,29,1,0,1,0,0,0.00,0.33,0.00,0.00,0,0,0,0,0,0,0,0,0,0,0,0,0,1,0,0,0,
19-03-2021,FEI,AIRCRAFT,TEMPERATURE CONTROL,8,2995,28,1,27,0,0,1.00,9.00,0.00,0.00,1,0,0,0,0,0,1,0,17,0,0,0,6,3,0,0,0,
19-03-2021,FEE,AIRCRAFT,INVERTER,1,30,1,1,0,0,0,1.00,0.00,0.00,0.00,0,0,0,0,1,0,0,0,0,0,0,0,0,0,0,0,0,
22-03-2021,FAP,VESSEL,INVERTER,12,180,25,2,11,12,0,2.00,3.67,1.20,0.00,1,1,0,0,0,0,3,1,0,1,1,5,0,0,12,0,0,
22-03-2021,FEF,AIRCRAFT,TEMPERATURE CONTROL,2,34,6,0,6,0,0,0.00,2.00,0.00,0.00,0,0,0,0,0,0,4,0,0,0,1,0,0,1,0,0,0,
22-03-2021,FETW,AIRCRAFT,TEMPERATURE CONTROL,1,278,3,0,3,0,0,0.00,1.00,0.00,0.00,0,0,0,0,0,0,1,0,2,0,0,0,0,0,0,0,0,
23-03-2021,FEA NJ,VESSEL,INVERTER,7,149,16,2,4,10,0,2.00,1.33,1.00,0.00,0,0,0,0,2,0,0,1,0,0,2,1,0,0,10,0,0,
23-03-2021,FEID,VESSEL,INVERTER,17,251,17,0,17,0,0,0.00,5.67,0.00,0.00,0,0,0,0,0,0,11,0,0,4,1,1,0,0,0,0,0,
23-03-2021,FAP,VESSEL,INVERTER,1,50,1,0,1,0,0,0.00,0.33,0.00,0.00,0,0,0,0,0,0,0,0,0,0,1,0,0,0,0,0,0,
24-03-2021,FEI,AIRCRAFT,INVERTER,2,74,2,0,2,0,0,0.00,0.67,0.00,0.00,0,0,0,0,0,0,0,0,0,1,0,1,0,0,0,0,0,
24-03-2021,FET,COURIER,VENDING MACHINE,1,40,40,0,0,40,0,0.00,0.00,4.00,0.00,0,0,0,0,0,0,0,0,0,0,0,0,0,0,0,40,0,
25-03-2021,FEE,AIRCRAFT,INVERTER,1,28,28,0,0,28,0,0.00,0.00,2.80,0.00,0,0,0,0,0,0,0,0,0,0,0,0,0,0,28,0,0,
25-03-2021,FEE,VESSEL,INVERTER,26,3575,104,0,13,30,61,0.00,4.33,3.00,30.50,0,0,0,0,0,0,1,3,0,3,3,3,0,0,30,0,61,
25-03-2021,FEF,AIRCRAFT,TEMPERATURE CONTROL,7,226,10,1,9,0,0,1.00,3.00,0.00,0.00,0,1,0,0,0,0,2,1,0,0,1,1,3,1,0,0,0,
29-03-2021,FEI,AIRCRAFT,TEMPERATURE CONTROL,7,1328,15,0,15,0,0,0.00,5.00,0.00,0.00,0,0,0,0,0,0,4,2,6,0,0,0,1,2,0,0,0,
29-03-2021,FAP,VESSEL,INVERTER,18,754,54,10,23,21,0,10.00,7.67,2.10,0.00,3,5,2,0,0,0,3,1,0,2,1,16,0,0,21,0,0,
29-03-2021,FEF,VESSEL,TEMPERATURE CONTROL,1,38,1,0,1,0,0,0.00,0.33,0.00,0.00,0,0,0,0,0,0,0,0,0,0,0,0,0,1,0,0,0,
29-03-2021,FEE,AIRCRAFT,INVERTER,1,25,3,2,1,0,0,2.00,0.33,0.00,0.00,0,0,0,0,2,0,0,1,0,0,0,0,0,0,0,0,0,
30-03-2021,FEA NJ,VESSEL,INVERTER,5,294,8,2,3,3,0,2.00,1.00,0.30,0.00,0,0,0,2,0,0,1,0,0,1,1,0,0,0,3,0,0,
30-03-2021,FEID,VESSEL,INVERTER,10,102,11,1,10,0,0,1.00,3.33,0.00,0.00,0,1,0,0,0,0,8,2,0,0,0,0,0,0,0,0,0,
30-03-2021,FEE,VESSEL,INVERTER,2,89,2,0,2,0,0,0.00,0.67,0.00,0.00,0,0,0,0,0,0,0,0,0,1,1,0,0,0,0,0,0,
30-03-2021,FEID,VESSEL,INVERTER,2,22,2,0,2,0,0,0.00,0.67,0.00,0.00,0,0,0,0,0,0,1,0,0,0,1,0,0,0,0,0,0,
31-03-2021,FEA,COURIER,TEMPERATURE CONTROL,1,52,1,0,1,0,0,0.00,0.33,0.00,0.00,0,0,0,0,0,0,0,0,0,0,0,0,0,1,0,0,0,
01-04-2021,FAP,VESSEL,INVERTER,18,316,23,1,16,6,0,1.00,5.33,0.60,0.00,0,1,0,0,0,0,7,1,0,0,2,6,0,0,6,0,0,
01-04-2021,FEE,VESSEL,INVERTER,4,21,21,0,0,21,0,0.00,0.00,2.10,0.00,0,0,0,0,0,0,0,0,0,0,0,0,0,0,21,0,0,
01-04-2021,FEI,AIRCRAFT,INVERTER,29,2210,131,20,25,86,0,20.00,8.33,8.60,0.00,17,3,0,0,0,0,9,5,0,3,2,6,0,0,86,0,0,
01-04-2021,FEI,VESSEL,INVERTER,46,6025,143,46,35,62,0,46.00,11.67,6.20,0.00,38,7,1,0,0,0,17,2,0,2,4,10,0,0,62,0,0,
02-04-2021,FEE,VESSEL,INVERTER,1,2,1,0,1,0,0,0.00,0.33,0.00,0.00,0,0,0,0,0,0,0,0,0,0,0,1,0,0,0,0,0,
02-04-2021,FEA NJ,VESSEL,INVERTER,1,6,6,0,0,6,0,0.00,0.00,0.60,0.00,0,0,0,0,0,0,0,0,0,0,0,0,0,0,6,0,0,
05-04-2021,FEF,AIRCRAFT,TEMPERATURE CONTROL,4,591,7,0,7,0,0,0.00,2.33,0.00,0.00,0,0,0,0,0,0,2,0,3,1,0,0,1,0,0,0,0,
05-04-2021,FEE,AIRCRAFT,INVERTER,1,37,1,0,1,0,0,0.00,0.33,0.00,0.00,0,0,0,0,0,0,0,0,0,0,1,0,0,0,0,0,0,
05-04-2021,FEE,VESSEL,INVERTER,1,187,68,0,0,63,5,0.00,0.00,6.30,2.50,0,0,0,0,0,0,0,0,0,0,0,0,0,0,63,0,5,
07-04-2021,FEA,COURIER,TEMPERATURE CONTROL,1,1067,1,1,0,0,0,1.00,0.00,0.00,0.00,1,0,0,0,0,0,0,0,0,0,0,0,0,0,0,0,0,
07-04-2021,FEE,AIRCRAFT,INVERTER,1,1,1,0,0,1,0,0.00,0.00,0.10,0.00,0,0,0,0,0,0,0,0,0,0,0,0,0,0,1,0,0,
07-04-2021,FEA NJ,VESSEL,INVERTER,8,1011,86,17,3,66,0,17.00,1.00,6.60,0.00,0,0,0,8,9,0,0,0,0,0,1,2,0,0,66,0,0,
07-04-2021,FEA,VESSEL,INVERTER,1,97,1,1,0,0,0,1.00,0.00,0.00,0.00,0,0,0,1,0,0,0,0,0,0,0,0,0,0,0,0,0,DRIVE ROA
07-04-2021,FEC,VESSEL,TEMPERATURE CONTROL,2,7545,14,12,2,0,0,12.00,0.67,0.00,0.00,12,0,0,0,0,0,1,0,1,0,0,0,0,0,0,0,0,
07-04-2021,FEK,VESSEL,INVERTER,2,13,13,0,0,13,0,0.00,0.00,1.30,0.00,0,0,0,0,0,0,0,0,0,0,0,0,0,0,13,0,0,
07-04-2021,WuXi,AIRCRAFT,TEMPERATURE CONTROL,2,95,3,2,1,0,0,2.00,0.33,0.00,0.00,0,2,0,0,0,0,0,0,0,0,0,1,0,0,0,0,0,
07-04-2021,FEE,AIRCRAFT,INVERTER,1,10,2,0,2,0,0,0.00,0.67,0.00,0.00,0,0,0,0,0,0,0,1,0,0,0,1,0,0,0,0,0,
08-04-2021,FEF,AIRCRAFT,TEMPERATURE CONTROL,4,411,6,0,6,0,0,0.00,2.00,0.00,0.00,0,0,0,0,0,0,1,0,3,0,0,0,2,0,0,0,0,
08-04-2021,FEI,AIRCRAFT,INVERTER,11,761,18,9,9,0,0,9.00,3.00,0.00,0.00,8,1,0,0,0,0,5,1,0,0,3,0,0,0,0,0,0,
08-04-2021,FEI,VESSEL,INVERTER,9,201,11,1,8,2,0,1.00,2.67,0.20,0.00,0,1,0,0,0,0,2,1,0,1,3,1,0,0,2,0,0,
08-04-2021,FEID,VESSEL,INVERTER,9,55,9,0,9,0,0,0.00,3.00,0.00,0.00,0,0,0,0,0,0,5,1,0,2,1,0,0,0,0,0,0,
08-04-2021,FEE,AIRCRAFT,INVERTER,12,801,28,7,10,11,0,7.00,3.33,1.10,0.00,0,0,0,3,4,0,3,1,0,1,2,3,0,0,11,0,0,
09-04-2021,FEC,VESSEL,TEMPERATURE CONTROL,1,1545,6,2,4,0,0,2.00,1.33,0.00,0.00,2,0,0,0,0,0,0,0,4,0,0,0,0,0,0,0,0,
09-04-2021,FEI,AIRCRAFT,TEMPERATURE CONTROL,2,85,2,0,2,0,0,0.00,0.67,0.00,0.00,0,0,0,0,0,0,0,0,0,0,0,0,0,2,0,0,0,
09-04-2021,FEK,VESSEL,INVERTER,1,1,1,0,0,1,0,0.00,0.00,0.10,0.00,0,0,0,0,0,0,0,0,0,0,0,0,0,0,1,0,0,
12-04-2021,FAP,VESSEL,INVERTER,12,207,14,1,12,1,0,1.00,4.00,0.10,0.00,1,0,0,0,0,0,2,1,0,2,2,5,0,0,1,0,0,
12-04-2021,FEI,AIRCRAFT,TEMPERATURE CONTROL,1,225,1,0,1,0,0,0.00,0.33,0.00,0.00,0,0,0,0,0,0,1,0,0,0,0,0,0,0,0,0,0,
16-04-2021,FEE,AIRCRAFT,INVERTER,24,1510,66,23,27,16,0,23.00,9.00,1.60,0.00,0,0,0,13,7,3,6,6,0,4,1,10,0,0,16,0,0,
16-04-2021,FEC,VESSEL,INVERTER,1,110,4,3,1,0,0,3.00,0.33,0.00,0.00,2,1,0,0,0,0,0,0,0,1,0,0,0,0,0,0,0,
16-04-2021,FEV,COURIER,TEMPERATURE CONTROL,1,4,1,0,1,0,0,0.00,0.33,0.00,0.00,0,0,0,0,0,0,0,0,0,0,0,0,1,0,0,0,0,
19-04-2021,FEF,AIRCRAFT,TEMPERATURE CONTROL,3,206,3,0,3,0,0,0.00,1.00,0.00,0.00,0,0,0,0,0,0,0,1,0,0,0,0,2,0,0,0,0,
19-04-2021,FEE,VESSEL,INVERTER,32,4921,243,2,12,144,85,2.00,4.00,14.40,42.50,0,0,0,1,1,0,1,4,0,2,1,4,0,0,144,0,85,
21-04-2021,FEA TWMC,VESSEL,INVERTER,1,1,1,0,0,1,0,0.00,0.00,0.10,0.00,0,0,0,0,0,0,0,0,0,0,0,0,0,0,1,0,0,
21-04-2021,FEA NJ,VESSEL,INVERTER,8,115,21,1,9,11,0,1.00,3.00,1.10,0.00,0,0,0,1,0,0,2,0,0,0,1,6,0,0,11,0,0,
21-04-2021,FEID,VESSEL,INVERTER,13,284,13,0,12,1,0,0.00,4.00,0.10,0.00,0,0,0,0,0,0,4,4,0,2,0,2,0,0,1,0,0,
21-04-2021,FAP,AIRCRAFT,INVERTER,1,171,2,1,1,0,0,1.00,0.33,0.00,0.00,0,1,0,0,0,0,0,0,0,0,0,1,0,0,0,0,0,
21-04-2021,FEA,VESSEL,TEMPERATURE CONTROL,3,1173,9,0,9,0,0,0.00,3.00,0.00,0.00,0,0,0,0,0,0,1,0,7,0,0,0,0,1,0,0,0,
21-04-2021,FEI,AIRCRAFT,INVERTER,25,2890,72,40,14,18,0,40.00,4.67,1.80,0.00,31,9,0,0,0,0,4,0,0,3,5,2,0,0,18,0,0,
22-04-2021,FEI,COURIER,INVERTER,1,14,2,0,2,0,0,0.00,0.67,0.00,0.00,0,0,0,0,0,0,0,0,0,2,0,0,0,0,0,0,0,
22-04-2021,FEI,VESSEL,INVERTER,33,2374,167,26,20,121,0,26.00,6.67,12.10,0.00,9,15,2,0,0,0,6,3,0,3,2,6,0,0,121,0,0,
23-04-2021,FEA,COURIER,TEMPERATURE CONTROL,3,45,4,0,4,0,0,0.00,1.33,0.00,0.00,0,0,0,0,0,0,0,0,0,0,0,0,4,0,0,0,0,
23-04-2021,FEE,VESSEL,INVERTER,5,202,40,0,0,28,12,0.00,0.00,2.80,6.00,0,0,0,0,0,0,0,0,0,0,0,0,0,0,28,0,12,
24-04-2021,FAP,VESSEL,INVERTER,21,321,39,5,17,17,0,5.00,5.67,1.70,0.00,3,2,0,0,0,0,1,3,0,4,5,4,0,0,17,0,0,
24-04-2021,FEID,VESSEL,INVERTER,4,17,4,0,3,1,0,0.00,1.00,0.10,0.00,0,0,0,0,0,0,0,1,0,2,0,0,0,0,1,0,0,
26-04-2021,FEF,AIRCRAFT,TEMPERATURE CONTROL,8,557,10,1,9,0,0,1.00,3.00,0.00,0.00,1,0,0,0,0,0,1,1,2,0,0,0,2,3,0,0,0,
26-04-2021,FEF,VESSEL,TEMPERATURE CONTROL,1,22,1,0,1,0,0,0.00,0.33,0.00,0.00,0,0,0,0,0,0,0,0,0,0,0,0,0,1,0,0,0,
27-04-2021,FEA NJ,VESSEL,INVERTER,7,165,10,3,5,2,0,3.00,1.67,0.20,0.00,0,0,0,1,2,0,0,0,0,1,3,1,0,0,2,0,0,
27-04-2021,FEI,AIRCRAFT,INVERTER,10,255,14,4,8,2,0,4.00,2.67,0.20,0.00,3,1,0,0,0,0,2,3,0,1,1,1,0,0,2,0,0,
27-04-2021,FEI,VESSEL,INVERTER,6,23,6,0,5,1,0,0.00,1.67,0.10,0.00,0,0,0,0,0,0,3,2,0,0,0,0,0,0,1,0,0,
27-04-2021,FEC,VESSEL,TEMPERATURE CONTROL,4,11624,18,16,2,0,0,16.00,0.67,0.00,0.00,16,0,0,0,0,0,1,0,1,0,0,0,0,0,0,0,0,
27-04-2021,FEK,VESSEL,INVERTER,3,5,5,0,0,5,0,0.00,0.00,0.50,0.00,0,0,0,0,0,0,0,0,0,0,0,0,0,0,5,0,0,
28-04-2021,FEC,VESSEL,INVERTER,1,100,3,3,0,0,0,3.00,0.00,0.00,0.00,2,1,0,0,0,0,0,0,0,0,0,0,0,0,0,0,0,
29-04-2021,FEE,AIRCRAFT,INVERTER,1,50,1,0,1,0,0,0.00,0.33,0.00,0.00,0,0,0,0,0,0,0,0,0,0,1,0,0,0,0,0,0,
29-04-2021,FET,COURIER,VENDING MACHINE,1,10,10,0,0,10,0,0.00,0.00,1.00,0.00,0,0,0,0,0,0,0,0,0,0,0,0,0,0,0,10,0,
05-05-2021,FAP,VESSEL,INVERTER,19,927,80,14,23,43,0,14.00,7.67,4.30,0.00,6,8,0,0,0,0,3,2,0,0,3,15,0,0,43,0,0,
05-05-2021,FEE,VESSEL,INVERTER,1,2,2,0,0,2,0,0.00,0.00,0.20,0.00,0,0,0,0,0,0,0,0,0,0,0,0,0,0,2,0,0,
05-05-2021,FEC,VESSEL,TEMPERATURE CONTROL,1,187,3,0,3,0,0,0.00,1.00,0.00,0.00,0,0,0,0,0,0,0,0,2,0,0,0,0,1,0,0,0,
06-05-2021,FEA,COURIER,TEMPERATURE CONTROL,1,200,2,0,2,0,0,0.00,0.67,0.00,0.00,0,0,0,0,0,0,1,0,1,0,0,0,0,0,0,0,0,
10-05-2021,FEC,VESSEL,TEMPERATURE CONTROL,1,450,1,1,0,0,0,1.00,0.00,0.00,0.00,1,0,0,0,0,0,0,0,0,0,0,0,0,0,0,0,0,
10-05-2021,FEF,VESSEL,TEMPERATURE CONTROL,1,26,1,0,1,0,0,0.00,0.33,0.00,0.00,0,0,0,0,0,0,0,0,0,0,0,0,0,1,0,0,0,
10-05-2021,FETW,AIRCRAFT,TEMPERATURE CONTROL,1,201,2,0,2,0,0,0.00,0.67,0.00,0.00,0,0,0,0,0,0,1,0,1,0,0,0,0,0,0,0,0,
10-05-2021,FEF,AIRCRAFT,TEMPERATURE CONTROL,6,82,6,0,6,0,0,0.00,2.00,0.00,0.00,0,0,0,0,0,0,2,0,0,1,0,0,2,1,0,0,0,
10-05-2021,FEK,AIRCRAFT,INVERTER,1,1,1,0,0,1,0,0.00,0.00,0.10,0.00,0,0,0,0,0,0,0,0,0,0,0,0,0,0,1,0,0,
11-05-2021,FEA,VESSEL,INVERTER,1,3,1,0,1,0,0,0.00,0.33,0.00,0.00,0,0,0,0,0,0,1,0,0,0,0,0,0,0,0,0,0,ROA
11-05-2021,FEK,VESSEL,INVERTER,3,6,6,0,0,6,0,0.00,0.00,0.60,0.00,0,0,0,0,0,0,0,0,0,0,0,0,0,0,6,0,0,
11-05-2021,FEA NJ,VESSEL,INVERTER,5,994,72,22,5,45,0,22.00,1.67,4.50,0.00,0,0,0,12,10,0,2,1,0,0,0,2,0,0,45,0,0,
11-05-2021,FEE,AIRCRAFT,INVERTER,16,837,43,15,13,15,0,15.00,4.33,1.50,0.00,0,0,0,14,1,0,1,2,0,2,3,5,0,0,15,0,0,
11-05-2021,FAP,VESSEL,INVERTER,21,557,41,8,18,15,0,8.00,6.00,1.50,0.00,6,1,1,0,0,0,2,1,0,2,6,7,0,0,15,0,0,
12-05-2021,WuXi,AIRCRAFT,TEMPERATURE CONTROL,2,52,10,0,10,0,0,0.00,3.33,0.00,0.00,0,0,0,0,0,0,8,0,0,1,0,0,0,1,0,0,0,
12-05-2021,FEI,AIRCRAFT,TEMPERATURE CONTROL,7,917,11,0,11,0,0,0.00,3.67,0.00,0.00,0,0,0,0,0,0,4,0,4,0,0,0,0,3,0,0,0,
12-05-2021,FEE,VESSEL,INVERTER,40,5140,284,0,13,175,96,0.00,4.33,17.50,48.00,0,0,0,0,0,0,5,3,0,1,1,3,0,0,175,0,96,
13-05-2021,FEC,VESSEL,INVERTER,1,120,4,3,1,0,0,3.00,0.33,0.00,0.00,3,0,0,0,0,0,0,1,0,0,0,0,0,0,0,0,0,
13-05-2021,WuXi,AIRCRAFT,TEMPERATURE CONTROL,2,55,9,0,9,0,0,0.00,3.00,0.00,0.00,0,0,0,0,0,0,6,0,0,1,1,0,0,1,0,0,0,
13-05-2021,FEI,AIRCRAFT,INVERTER,22,719,39,9,15,15,0,9.00,5.00,1.50,0.00,7,2,0,0,0,0,6,4,0,1,1,3,0,0,15,0,0,
13-05-2021,FEI,VESSEL,INVERTER,4,27,10,0,3,7,0,0.00,1.00,0.70,0.00,0,0,0,0,0,0,0,0,0,1,1,1,0,0,7,0,0,
17-05-2021,FEF,AIRCRAFT,TEMPERATURE CONTROL,5,27,5,0,5,0,0,0.00,1.67,0.00,0.00,0,0,0,0,0,0,0,0,0,0,0,1,4,0,0,0,0,
17-05-2021,FEF,VESSEL,TEMPERATURE CONTROL,1,20,2,0,2,0,0,0.00,0.67,0.00,0.00,0,0,0,0,0,0,0,0,0,0,0,0,2,0,0,0,0,
17-05-2021,FEV,COURIER,TEMPERATURE CONTROL,1,1,1,0,1,0,0,0.00,0.33,0.00,0.00,0,0,0,0,0,0,0,0,0,0,0,0,1,0,0,0,0,
18-05-2021,FEA NJ,VESSEL,INVERTER,4,32,4,0,4,0,0,0.00,1.33,0.00,0.00,0,0,0,0,0,0,1,2,0,0,0,1,0,0,0,0,0,
18-05-2021,FEA TWMC,VESSEL,INVERTER,1,2,2,0,0,2,0,0.00,0.00,0.20,0.00,0,0,0,0,0,0,0,0,0,0,0,0,0,0,2,0,0,
18-05-2021,FEA,COURIER,TEMPERATURE CONTROL,2,43,3,0,3,0,0,0.00,1.00,0.00,0.00,0,0,0,0,0,0,0,0,0,0,0,0,3,0,0,0,0,
18-05-2021,FEID,VESSEL,INVERTER,17,188,17,0,17,0,0,0.00,5.67,0.00,0.00,0,0,0,0,0,0,6,6,0,4,0,1,0,0,0,0,0,
18-05-2021,FEE,AIRCRAFT,INVERTER,12,209,17,1,12,4,0,1.00,4.00,0.40,0.00,0,0,0,1,0,0,5,0,0,2,2,3,0,0,4,0,0,
19-05-2021,FEID,VESSEL,INVERTER,2,3,2,0,2,0,0,0.00,0.67,0.00,0.00,0,0,0,0,0,0,2,0,0,0,0,0,0,0,0,0,0,
19-05-2021,FEE,VESSEL,INVERTER,12,91,28,0,7,19,2,0.00,2.33,1.90,1.00,0,0,0,0,0,0,4,0,0,2,0,1,0,0,19,0,2,
20-05-2021,FEI,AIRCRAFT,INVERTER,13,414,20,3,9,8,0,3.00,3.00,0.80,0.00,1,2,0,0,0,0,6,1,0,1,1,0,0,0,8,0,0,
20-05-2021,FAP,VESSEL,INVERTER,18,661,36,16,15,5,0,16.00,5.00,0.50,0.00,15,1,0,0,0,0,8,3,0,2,1,1,0,0,5,0,0,
20-05-2021,FEF,AIRCRAFT,TEMPERATURE CONTROL,1,4,1,0,1,0,0,0.00,0.33,0.00,0.00,0,0,0,0,0,0,0,0,0,1,0,0,0,0,0,0,0,
24-05-2021,FEA,VESSEL,INVERTER,1,400,4,3,1,0,0,3.00,0.33,0.00,0.00,0,0,0,3,0,0,0,0,0,0,0,1,0,0,0,0,0,ROA
24-05-2021,FEA NJ,VESSEL,INVERTER,4,38,37,0,1,36,0,0.00,0.33,3.60,0.00,0,0,0,0,0,0,0,1,0,0,0,0,0,0,36,0,0,
24-05-2021,FEF,AIRCRAFT,TEMPERATURE CONTROL,2,2,2,0,2,0,0,0.00,0.67,0.00,0.00,0,0,0,0,0,0,0,0,0,0,0,0,1,1,0,0,0,
25-05-2021,FEA,COURIER,TEMPERATURE CONTROL,2,38,4,0,4,0,0,0.00,1.33,0.00,0.00,0,0,0,0,0,0,0,0,0,0,0,0,4,0,0,0,0,
25-05-2021,FEE,AIRCRAFT,INVERTER,6,430,10,5,5,0,0,5.00,1.67,0.00,0.00,0,0,0,1,4,0,1,0,0,1,1,2,0,0,0,0,0,
25-05-2021,FEE,VESSEL,INVERTER,6,209,7,0,2,2,3,0.00,0.67,0.20,1.50,0,0,0,0,0,0,1,0,0,0,1,0,0,0,2,0,3,
25-05-2021,FEA,VESSEL,TEMPERATURE CONTROL,3,819,9,0,9,0,0,0.00,3.00,0.00,0.00,0,0,0,0,0,0,0,2,4,0,0,0,2,1,0,0,0,
25-05-2021,FEI,AIRCRAFT,INVERTER,20,2167,76,13,15,48,0,13.00,5.00,4.80,0.00,11,2,0,0,0,0,3,0,0,2,4,6,0,0,48,0,0,
25-05-2021,FEI,VESSEL,INVERTER,26,2378,92,15,18,59,0,15.00,6.00,5.90,0.00,12,1,2,0,0,0,4,4,0,3,2,5,0,0,59,0,0,
27-05-2021,FEID,VESSEL,INVERTER,1,8,2,0,1,1,0,0.00,0.33,0.10,0.00,0,0,0,0,0,0,1,0,0,0,0,0,0,0,1,0,0,
28-05-2021,FAP,VESSEL,INVERTER,16,74,25,3,10,12,0,3.00,3.33,1.20,0.00,2,1,0,0,0,0,3,2,0,1,2,2,0,0,12,0,0,
31-05-2021,FEE,AIRCRAFT,INVERTER,1,44,1,1,0,0,0,1.00,0.00,0.00,0.00,0,0,0,1,0,0,0,0,0,0,0,0,0,0,0,0,0,
31-05-2021,FEF,AIRCRAFT,TEMPERATURE CONTROL,3,325,4,1,3,0,0,1.00,1.00,0.00,0.00,0,1,0,0,0,0,1,1,1,0,0,0,0,0,0,0,0,
31-05-2021,FEI,AIRCRAFT,INVERTER,1,1,1,0,0,1,0,0.00,0.00,0.10,0.00,0,0,0,0,0,0,0,0,0,0,0,0,0,0,1,0,0,
01-06-2021,FEA NJ,AIRCRAFT,INVERTER,1,32,1,1,0,0,0,1.00,0.00,0.00,0.00,0,0,0,0,1,0,0,0,0,0,0,0,0,0,0,0,0,
01-06-2021,FEA NJ,VESSEL,INVERTER,4,287,7,3,4,0,0,3.00,1.33,0.00,0.00,0,0,0,2,1,0,0,1,0,1,0,2,0,0,0,0,0,
01-06-2021,FEA,VESSEL,INVERTER,1,65,1,1,0,0,0,1.00,0.00,0.00,0.00,0,0,0,0,1,0,0,0,0,0,0,0,0,0,0,0,0,ROA
01-06-2021,FEA TWMC,VESSEL,INVERTER,1,1,1,0,1,0,0,0.00,0.33,0.00,0.00,0,0,0,0,0,0,1,0,0,0,0,0,0,0,0,0,0,
01-06-2021,FEID,VESSEL,INVERTER,11,100,12,0,9,3,0,0.00,3.00,0.30,0.00,0,0,0,0,0,0,3,3,0,3,0,0,0,0,3,0,0,
02-06-2021,FEI,AIRCRAFT,INVERTER,26,1466,41,15,19,7,0,15.00,6.33,0.70,0.00,13,2,0,0,0,0,5,1,0,5,4,4,0,0,7,0,0,
02-06-2021,FEI,VESSEL,INVERTER,12,933,31,10,3,18,0,10.00,1.00,1.80,0.00,9,1,0,0,0,0,1,0,0,1,0,1,0,0,18,0,0,
02-06-2021,FEC,VESSEL,TEMPERATURE CONTROL,3,12985,23,20,3,0,0,20.00,1.00,0.00,0.00,20,0,0,0,0,0,1,0,2,0,0,0,0,0,0,0,0,
04-06-2021,FEK,VESSEL,INVERTER,2,5,4,0,1,3,0,0.00,0.33,0.30,0.00,0,0,0,0,0,0,0,0,0,1,0,0,0,0,3,0,0,
04-06-2021,FEI,AIRCRAFT,TEMPERATURE CONTROL,5,514,9,0,9,0,0,0.00,3.00,0.00,0.00,0,0,0,0,0,0,1,0,4,0,0,0,2,2,0,0,0,
04-06-2021,FEI,VESSEL,TEMPERATURE CONTROL,2,1934,3,2,1,0,0,2.00,0.33,0.00,0.00,2,0,0,0,0,0,0,0,0,0,0,0,1,0,0,0,0,
04-06-2021,FAP,VESSEL,INVERTER,25,1124,83,26,24,33,0,26.00,8.00,3.30,0.00,8,16,2,0,0,0,6,3,0,5,3,7,0,0,33,0,0,
07-06-2021,FEC,VESSEL,TEMPERATURE CONTROL,1,70,1,0,1,0,0,0.00,0.33,0.00,0.00,0,0,0,0,0,0,1,0,0,0,0,0,0,0,0,0,0,
07-06-2021,FEF,AIRCRAFT,TEMPERATURE CONTROL,6,467,8,1,7,0,0,1.00,2.33,0.00,0.00,0,1,0,0,0,0,2,1,1,1,0,0,1,1,0,0,0,
07-06-2021,FEF,VESSEL,TEMPERATURE CONTROL,2,201,2,0,2,0,0,0.00,0.67,0.00,0.00,0,0,0,0,0,0,0,1,0,0,0,0,1,0,0,0,0,
07-06-2021,FEE,AIRCRAFT,INVERTER,10,513,20,12,8,0,0,12.00,2.67,0.00,0.00,0,0,0,5,5,2,2,1,0,1,2,2,0,0,0,0,0,
08-06-2021,FEE,VESSEL,INVERTER,15,1966,64,0,6,34,24,0.00,2.00,3.40,12.00,0,0,0,0,0,0,2,0,0,1,1,2,0,0,34,0,24,
08-06-2021,FEV,AIRCRAFT,TEMPERATURE CONTROL,1,12,1,0,1,0,0,0.00,0.33,0.00,0.00,0,0,0,0,0,0,0,0,0,0,0,0,0,1,0,0,0,
08-06-2021,FEA,VESSEL,INVERTER,1,35,1,0,1,0,0,0.00,0.33,0.00,0.00,0,0,0,0,0,0,0,0,0,0,1,0,0,0,0,0,0,ROA
08-06-2021,FEA TWMC,VESSEL,INVERTER,1,2,2,0,0,2,0,0.00,0.00,0.20,0.00,0,0,0,0,0,0,0,0,0,0,0,0,0,0,2,0,0,
08-06-2021,FEE,VESSEL,INVERTER,8,1106,65,0,3,29,33,0.00,1.00,2.90,16.50,0,0,0,0,0,0,0,0,0,1,1,1,0,0,29,0,33,
08-06-2021,FEA NJ,VESSEL,INVERTER,5,1830,54,30,2,22,0,30.00,0.67,2.20,0.00,0,0,0,23,7,0,0,0,0,0,0,2,0,0,22,0,0,
09-06-2021,FEID,VESSEL,INVERTER,17,113,24,1,17,6,0,1.00,5.67,0.60,0.00,1,0,0,0,0,0,11,3,0,1,1,1,0,0,6,0,0,
10-06-2021,FEI,AIRCRAFT,INVERTER,6,131,6,0,6,0,0,0.00,2.00,0.00,0.00,0,0,0,0,0,0,3,0,0,1,1,1,0,0,0,0,0,
10-06-2021,FEI,VESSEL,INVERTER,3,50,5,3,2,0,0,3.00,0.67,0.00,0.00,1,2,0,0,0,0,1,0,0,1,0,0,0,0,0,0,0,
11-06-2021,FEC,VESSEL,TEMPERATURE CONTROL,1,489,4,1,3,0,0,1.00,1.00,0.00,0.00,1,0,0,0,0,0,0,0,1,0,0,0,0,2,0,0,0,
11-06-2021,FAP,VESSEL,INVERTER,13,99,24,0,10,14,0,0.00,3.33,1.40,0.00,0,0,0,0,0,0,5,1,0,3,1,0,0,0,14,0,0,
15-06-2021,FEI,AIRCRAFT,TEMPERATURE CONTROL,4,161,6,0,6,0,0,0.00,2.00,0.00,0.00,0,0,0,0,0,0,1,0,2,0,0,0,2,1,0,0,0,
15-06-2021,FEA NJ,AIRCRAFT,INVERTER,2,16,2,0,2,0,0,0.00,0.67,0.00,0.00,0,0,0,0,0,0,1,0,0,0,0,1,0,0,0,0,0,
15-06-2021,FEA NJ,VESSEL,INVERTER,2,125,6,4,2,0,0,4.00,0.67,0.00,0.00,0,0,0,0,4,0,0,0,0,1,0,1,0,0,0,0,0,
16-06-2021,FEF,AIRCRAFT,TEMPERATURE CONTROL,3,52,4,0,4,0,0,0.00,1.33,0.00,0.00,0,0,0,0,0,0,0,0,0,0,0,1,0,3,0,0,0,ASAP
16-06-2021,FEE,AIRCRAFT,INVERTER,6,535,9,3,6,0,0,3.00,2.00,0.00,0.00,0,0,0,2,1,0,2,0,0,1,1,2,0,0,0,0,0,
16-06-2021,FEE,VESSEL,INVERTER,14,1335,43,0,8,19,16,0.00,2.67,1.90,8.00,0,0,0,0,0,0,2,0,0,2,3,1,0,0,19,0,16,
17-06-2021,WuXi,AIRCRAFT,TEMPERATURE CONTROL,2,66,3,1,2,0,0,1.00,0.67,0.00,0.00,1,0,0,0,0,0,0,0,0,0,2,0,0,0,0,0,0,
17-06-2021,WuXi,AIRCRAFT,TEMPERATURE CONTROL,1,77,6,1,5,0,0,1.00,1.67,0.00,0.00,1,0,0,0,0,0,5,0,0,0,0,0,0,0,0,0,0,
17-06-2021,FEI,AIRCRAFT,INVERTER,11,443,18,3,9,6,0,3.00,3.00,0.60,0.00,2,1,0,0,0,0,2,0,0,1,1,5,0,0,6,0,0,
17-06-2021,FEI,VESSEL,INVERTER,6,156,7,0,7,0,0,0.00,2.33,0.00,0.00,0,0,0,0,0,0,1,0,0,0,1,5,0,0,0,0,0,
18-06-2021,FAP,VESSEL,INVERTER,18,355,34,6,12,16,0,6.00,4.00,1.60,0.00,0,6,0,0,0,0,4,1,0,2,3,2,0,0,16,0,0,
21-06-2021,FEA,AIRCRAFT,TEMPERATURE CONTROL,3,989,8,0,8,0,0,0.00,2.67,0.00,0.00,0,0,0,0,0,0,1,0,5,0,0,0,0,2,0,0,0,
21-06-2021,FEF,AIRCRAFT,TEMPERATURE CONTROL,1,3,1,0,1,0,0,0.00,0.33,0.00,0.00,0,0,0,0,0,0,0,0,0,1,0,0,0,0,0,0,0,
21-06-2021,FEF,VESSEL,TEMPERATURE CONTROL,2,32,2,0,2,0,0,0.00,0.67,0.00,0.00,0,0,0,0,0,0,0,0,0,0,0,0,1,1,0,0,0,
22-06-2021,FEA NJ,AIRCRAFT,INVERTER,1,49,2,1,1,0,0,1.00,0.33,0.00,0.00,0,0,0,0,1,0,0,0,0,0,0,1,0,0,0,0,0,
22-06-2021,FEA NJ,VESSEL,INVERTER,1,101,2,1,1,0,0,1.00,0.33,0.00,0.00,0,0,0,1,0,0,0,0,0,0,0,1,0,0,0,0,0,
22-06-2021,FEA TWMC,VESSEL,INVERTER,1,2,1,0,1,0,0,0.00,0.33,0.00,0.00,0,0,0,0,0,0,0,1,0,0,0,0,0,0,0,0,0,
22-06-2021,FEE,AIRCRAFT,INVERTER,3,75,6,1,2,3,0,1.00,0.67,0.30,0.00,0,0,0,1,0,0,1,0,0,0,1,0,0,0,3,0,0,
22-06-2021,FEE,VESSEL,INVERTER,8,583,49,0,3,36,10,0.00,1.00,3.60,5.00,0,0,0,0,0,0,0,0,0,1,2,0,0,0,36,0,10,
23-06-2021,FEE,VESSEL,INVERTER,1,107,2,0,1,0,1,0.00,0.33,0.00,0.50,0,0,0,0,0,0,0,1,0,0,0,0,0,0,0,0,1,
23-06-2021,FEE,VESSEL,INVERTER,1,10,2,0,0,0,2,0.00,0.00,0.00,1.00,0,0,0,0,0,0,0,0,0,0,0,0,0,0,0,0,2,
23-06-2021,FEE,AIRCRAFT,INVERTER,1,20,1,0,1,0,0,0.00,0.33,0.00,0.00,0,0,0,0,0,0,0,0,0,1,0,0,0,0,0,0,0,
23-06-2021,FEI,AIRCRAFT,INVERTER,14,1276,38,7,9,22,0,7.00,3.00,2.20,0.00,5,1,1,0,0,0,4,1,0,1,1,2,0,0,22,0,0,
24-06-2021,FEI,AIRCRAFT,INVERTER,5,158,9,4,4,1,0,4.00,1.33,0.10,0.00,4,0,0,0,0,0,0,2,0,0,1,1,0,0,1,0,0,
24-06-2021,FEI,VESSEL,INVERTER,22,1496,48,13,16,19,0,13.00,5.33,1.90,0.00,5,6,2,0,0,0,5,1,0,4,0,6,0,0,19,0,0,
24-06-2021,FEE,AIRCRAFT,INVERTER,2,114,5,3,2,0,0,3.00,0.67,0.00,0.00,0,0,0,3,0,0,0,0,0,1,0,1,0,0,0,0,0,
24-06-2021,FEI,AIRCRAFT,TEMPERATURE CONTROL,1,51,1,0,1,0,0,0.00,0.33,0.00,0.00,0,0,0,0,0,0,1,0,0,0,0,0,0,0,0,0,0,
25-06-2021,FAP,VESSEL,INVERTER,22,941,60,18,26,16,0,18.00,8.67,1.60,0.00,12,6,0,0,0,0,3,4,0,2,4,13,0,0,16,0,0,
25-06-2021,FEA,COURIER,TEMPERATURE CONTROL,2,68,4,0,4,0,0,0.00,1.33,0.00,0.00,0,0,0,0,0,0,0,0,0,0,0,0,3,1,0,0,0,
25-06-2021,FEA,AIRCRAFT,TEMPERATURE CONTROL,2,429,3,0,3,0,0,0.00,1.00,0.00,0.00,0,0,0,0,0,0,1,1,1,0,0,0,0,0,0,0,0,
25-06-2021,FEC,VESSEL,INVERTER,1,120,4,3,1,0,0,3.00,0.33,0.00,0.00,3,0,0,0,0,0,0,1,0,0,0,0,0,0,0,0,0,
26-06-2021,FETW,AIRCRAFT,TEMPERATURE CONTROL,1,363,5,0,5,0,0,0.00,1.67,0.00,0.00,0,0,0,0,0,0,0,0,3,0,0,0,1,1,0,0,0,
28-06-2021,FEC,VESSEL,INVERTER,1,5,1,0,1,0,0,0.00,0.33,0.00,0.00,0,0,0,0,0,0,0,0,0,1,0,0,0,0,0,0,0,
28-06-2021,FEA,VESSEL,TEMPERATURE CONTROL,2,338,4,0,4,0,0,0.00,1.33,0.00,0.00,0,0,0,0,0,0,2,0,2,0,0,0,0,0,0,0,0,
28-06-2021,FEF,AIRCRAFT,TEMPERATURE CONTROL,2,7,2,0,2,0,0,0.00,0.67,0.00,0.00,0,0,0,0,0,0,0,0,0,1,0,0,1,0,0,0,0,
28-06-2021,FEF,VESSEL,TEMPERATURE CONTROL,2,218,3,0,3,0,0,0.00,1.00,0.00,0.00,0,0,0,0,0,0,0,1,0,0,0,0,2,0,0,0,0,
29-06-2021,FEA NJ,AIRCRAFT,INVERTER,1,1,1,0,1,0,0,0.00,0.33,0.00,0.00,0,0,0,0,0,0,1,0,0,0,0,0,0,0,0,0,0,
29-06-2021,FEA NJ,VESSEL,INVERTER,4,88,31,1,2,28,0,1.00,0.67,2.80,0.00,0,0,0,0,1,0,0,0,0,0,0,2,0,0,28,0,0,
29-06-2021,FEA,VESSEL,INVERTER,1,50,1,0,1,0,0,0.00,0.33,0.00,0.00,0,0,0,0,0,0,0,0,0,0,0,1,0,0,0,0,0,ROA
30-06-2021,FEID,VESSEL,INVERTER,19,283,19,1,18,0,0,1.00,6.00,0.00,0.00,0,1,0,0,0,0,8,4,0,3,0,3,0,0,0,0,0,
30-06-2021,FEI,AIRCRAFT,INVERTER,12,485,20,8,9,3,0,8.00,3.00,0.30,0.00,5,2,1,0,0,0,3,2,0,1,1,2,0,0,3,0,0,
30-06-2021,FEI,VESSEL,INVERTER,15,370,21,3,14,4,0,3.00,4.67,0.40,0.00,1,1,1,0,0,0,4,1,0,2,3,4,0,0,4,0,0,
01-07-2021,FEE,AIRCRAFT,INVERTER,3,126,6,4,2,0,0,4.00,0.67,0.00,0.00,0,0,0,3,1,0,0,0,0,2,0,0,0,0,0,0,0,
01-07-2021,FEE,VESSEL,INVERTER,17,832,35,4,5,6,20,4.00,1.67,0.60,10.00,0,0,0,3,1,0,0,2,0,0,0,3,0,0,6,0,20,
01-07-2021,FEF,AIRCRAFT,TEMPERATURE CONTROL,1,10,2,0,2,0,0,0.00,0.67,0.00,0.00,0,0,0,0,0,0,0,0,0,0,0,0,2,0,0,0,0,
02-07-2021,FAP,VESSEL,INVERTER,16,223,26,2,13,11,0,2.00,4.33,1.10,0.00,1,1,0,0,0,0,1,1,0,7,0,4,0,0,11,0,0,
05-07-2021,FEF,AIRCRAFT,TEMPERATURE CONTROL,3,20,3,0,3,0,0,0.00,1.00,0.00,0.00,0,0,0,0,0,0,1,0,0,0,0,0,1,1,0,0,0,
05-07-2021,FAP,VESSEL,INVERTER,1,217,2,2,0,0,0,2.00,0.00,0.00,0.00,2,0,0,0,0,0,0,0,0,0,0,0,0,0,0,0,0,
06-07-2021,FEA NJ,AIRCRAFT,INVERTER,1,15,15,0,0,15,0,0.00,0.00,1.50,0.00,0,0,0,0,0,0,0,0,0,0,0,0,0,0,15,0,0,
06-07-2021,FEA NJ,VESSEL,INVERTER,9,256,98,2,2,94,0,2.00,0.67,9.40,0.00,0,0,0,2,0,0,0,1,0,0,0,1,0,0,94,0,0,
06-07-2021,FEA,VESSEL,INVERTER,1,346,3,3,0,0,0,3.00,0.00,0.00,0.00,0,0,0,3,0,0,0,0,0,0,0,0,0,0,0,0,0,ROA
06-07-2021,FEID,AIRCRAFT,TEMPERATURE CONTROL,1,213,3,0,3,0,0,0.00,1.00,0.00,0.00,0,0,0,0,0,0,1,0,2,0,0,0,0,0,0,0,0,
06-07-2021,FEID,VESSEL,INVERTER,9,36,11,0,10,1,0,0.00,3.33,0.10,0.00,0,0,0,0,0,0,5,2,0,3,0,0,0,0,1,0,0,
06-07-2021,FEC,VESSEL,TEMPERATURE CONTROL,3,12458,22,17,5,0,0,17.00,1.67,0.00,0.00,17,0,0,0,0,0,0,0,3,0,0,0,1,1,0,0,0,
07-07-2021,FEA TWMC,VESSEL,INVERTER,1,17,9,0,2,7,0,0.00,0.67,0.70,0.00,0,0,0,0,0,0,0,0,0,1,0,1,0,0,7,0,0,
07-07-2021,FEA NJ,VESSEL,INVERTER,4,172,10,6,4,0,0,6.00,1.33,0.00,0.00,0,0,0,5,1,0,0,2,0,1,1,0,0,0,0,0,0,
08-07-2021,FEE,AIRCRAFT,INVERTER,3,304,6,5,1,0,0,5.00,0.33,0.00,0.00,0,0,0,5,0,0,1,0,0,0,0,0,0,0,0,0,0,
08-07-2021,FEK,VESSEL,INVERTER,2,10,10,0,0,10,0,0.00,0.00,1.00,0.00,0,0,0,0,0,0,0,0,0,0,0,0,0,0,10,0,0,
08-07-2021,FEID,AIRCRAFT,TEMPERATURE CONTROL,1,3,1,0,1,0,0,0.00,0.33,0.00,0.00,0,0,0,0,0,0,0,0,0,0,0,0,1,0,0,0,0,
09-07-2021,FAP,VESSEL,INVERTER,12,472,30,14,12,4,0,14.00,4.00,0.40,0.00,0,14,0,0,0,0,0,3,0,4,3,2,0,0,4,0,0,
12-07-2021,FEK,VESSEL,INVERTER,1,3,3,0,0,3,0,0.00,0.00,0.30,0.00,0,0,0,0,0,0,0,0,0,0,0,0,0,0,3,0,0,
12-07-2021,FEF,AIRCRAFT,TEMPERATURE CONTROL,4,474,8,0,8,0,0,0.00,2.67,0.00,0.00,0,0,0,0,0,0,3,0,4,0,0,1,0,0,0,0,0,
13-07-2021,FEA NJ,AIRCRAFT,INVERTER,1,26,1,1,0,0,0,1.00,0.00,0.00,0.00,0,0,0,0,1,0,0,0,0,0,0,0,0,0,0,0,0,
13-07-2021,FEA,VESSEL,INVERTER,1,3,1,0,1,0,0,0.00,0.33,0.00,0.00,0,0,0,0,0,0,1,0,0,0,0,0,0,0,0,0,0,ROA
13-07-2021,FEA NJ,VESSEL,INVERTER,2,56,6,2,2,2,0,2.00,0.67,0.20,0.00,0,0,0,0,2,0,1,0,0,0,0,1,0,0,2,0,0,
13-07-2021,FEC,VESSEL,TEMPERATURE CONTROL,1,400,4,0,4,0,0,0.00,1.33,0.00,0.00,0,0,0,0,0,0,0,0,3,0,0,0,0,1,0,0,0,
14-07-2021,FEI,AIRCRAFT,TEMPERATURE CONTROL,4,723,10,0,10,0,0,0.00,3.33,0.00,0.00,0,0,0,0,0,0,1,0,7,0,0,0,1,1,0,0,0,
15-07-2021,FEV,AIRCRAFT,TEMPERATURE CONTROL,1,2,1,0,1,0,0,0.00,0.33,0.00,0.00,0,0,0,0,0,0,0,0,0,0,0,0,1,0,0,0,0,
15-07-2021,FEI,AIRCRAFT,INVERTER,18,896,50,6,17,27,0,6.00,5.67,2.70,0.00,3,3,0,0,0,0,7,0,0,1,1,8,0,0,27,0,0,
15-07-2021,FEI,VESSEL,INVERTER,13,720,77,8,10,59,0,8.00,3.33,5.90,0.00,6,2,0,0,0,0,4,1,0,1,2,2,0,0,59,0,0,
15-07-2021,FEE,AIRCRAFT,INVERTER,7,166,7,1,6,0,0,1.00,2.00,0.00,0.00,0,0,0,0,1,0,2,1,0,1,0,2,0,0,0,0,0,
15-07-2021,FEE,VESSEL,INVERTER,23,6100,194,0,8,92,94,0.00,2.67,9.20,47.00,0,0,0,0,0,0,1,0,0,3,3,1,0,0,92,0,94,
16-07-2021,FAP,VESSEL,INVERTER,4,114,12,1,2,9,0,1.00,0.67,0.90,0.00,0,1,0,0,0,0,2,0,0,0,0,0,0,0,9,0,0,
19-07-2021,FEF,AIRCRAFT,TEMPERATURE CONTROL,5,214,5,0,5,0,0,0.00,1.67,0.00,0.00,0,0,0,0,0,0,0,0,1,1,0,0,3,0,0,0,0,
19-07-2021,FEF,VESSEL,TEMPERATURE CONTROL,1,200,1,0,1,0,0,0.00,0.33,0.00,0.00,0,0,0,0,0,0,0,1,0,0,0,0,0,0,0,0,0,
19-07-2021,WuXi,AIRCRAFT,TEMPERATURE CONTROL,2,48,8,0,8,0,0,0.00,2.67,0.00,0.00,0,0,0,0,0,0,5,2,0,0,1,0,0,0,0,0,0,
19-07-2021,FAP,COURIER,INVERTER,1,1,1,0,1,0,0,0.00,0.33,0.00,0.00,0,0,0,0,0,0,0,1,0,0,0,0,0,0,0,0,0,CARTON 42X46
20-07-2021,FEA NJ,AIRCRAFT,INVERTER,1,24,2,2,0,0,0,2.00,0.00,0.00,0.00,0,0,0,0,2,0,0,0,0,0,0,0,0,0,0,0,0,
20-07-2021,FEA NJ,VESSEL,INVERTER,1,2,2,0,0,2,0,0.00,0.00,0.20,0.00,0,0,0,0,0,0,0,0,0,0,0,0,0,0,2,0,0,
20-07-2021,FEE,AIRCRAFT,INVERTER,6,546,19,16,3,0,0,16.00,1.00,0.00,0.00,0,0,0,9,7,0,1,1,0,1,0,0,0,0,0,0,0,
20-07-2021,FEK,VESSEL,TEMPERATURE CONTROL,1,200,2,0,2,0,0,0.00,0.67,0.00,0.00,0,0,0,0,0,0,1,0,1,0,0,0,0,0,0,0,0,
20-07-2021,FEID,VESSEL,INVERTER,13,136,13,0,12,1,0,0.00,4.00,0.10,0.00,0,0,0,0,0,0,7,3,0,1,0,1,0,0,1,0,0,
20-07-2021,FEE,VESSEL,INVERTER,12,1129,36,0,6,0,30,0.00,2.00,0.00,15.00,0,0,0,0,0,0,0,0,0,2,3,1,0,0,0,0,30,STICKER = 120
20-07-2021,FEA,VESSEL,TEMPERATURE CONTROL,3,1101,10,0,10,0,0,0.00,3.33,0.00,0.00,0,0,0,0,0,0,1,2,6,0,0,0,0,1,0,0,0,
20-07-2021,FET,VESSEL,VENDING MACHINE,1,22,22,0,0,22,0,0.00,0.00,2.20,0.00,0,0,0,0,0,0,0,0,0,0,0,0,0,0,0,22,0,
21-07-2021,FEE,VESSEL,INVERTER,4,1351,16,0,1,0,15,0.00,0.33,0.00,7.50,0,0,0,0,0,0,0,0,0,1,0,0,0,0,0,0,15,
21-07-2021,FEE,VESSEL,INVERTER,4,196,6,0,3,0,3,0.00,1.00,0.00,1.50,0,0,0,0,0,0,0,0,0,2,1,0,0,0,0,0,3,
22-07-2021,FAP,VESSEL,INVERTER,20,414,37,12,16,9,0,12.00,5.33,0.90,0.00,1,11,0,0,0,0,1,4,0,3,3,5,0,0,9,0,0,
22-07-2021,FEA NJ,VESSEL,INVERTER,1,16,16,0,0,16,0,0.00,0.00,1.60,0.00,0,0,0,0,0,0,0,0,0,0,0,0,0,0,16,0,0,
27-07-2021,FEF,AIRCRAFT,TEMPERATURE CONTROL,1,23,1,0,1,0,0,0.00,0.33,0.00,0.00,0,0,0,0,0,0,0,0,0,0,0,0,0,1,0,0,0,
27-07-2021,FEID,VESSEL,INVERTER,10,118,10,0,9,1,0,0.00,3.00,0.10,0.00,0,0,0,0,0,0,2,6,0,0,1,0,0,0,1,0,0,
27-07-2021,FEE,VESSEL,INVERTER,6,136,10,0,3,4,3,0.00,1.00,0.40,1.50,0,0,0,0,0,0,1,0,0,1,0,1,0,0,4,0,3,
27-07-2021,FEE,AIRCRAFT,INVERTER,3,45,3,0,3,0,0,0.00,1.00,0.00,0.00,0,0,0,0,0,0,2,0,0,0,1,0,0,0,0,0,0,
29-07-2021,FEE,VESSEL,INVERTER,2,201,9,0,0,8,1,0.00,0.00,0.80,0.50,0,0,0,0,0,0,0,0,0,0,0,0,0,0,8,0,1,
29-07-2021,WuXi,AIRCRAFT,TEMPERATURE CONTROL,3,29,5,0,5,0,0,0.00,1.67,0.00,0.00,0,0,0,0,0,0,2,1,0,0,0,1,0,1,0,0,0,
29-07-2021,FEA NJ,VESSEL,INVERTER,1,14,14,0,0,14,0,0.00,0.00,1.40,0.00,0,0,0,0,0,0,0,0,0,0,0,0,0,0,14,0,0,
29-07-2021,FEI,AIRCRAFT,INVERTER,22,1044,41,8,13,20,0,8.00,4.33,2.00,0.00,7,1,0,0,0,0,6,2,0,2,2,1,0,0,20,0,0,
29-07-2021,FEI,VESSEL,INVERTER,23,3590,60,32,16,12,0,32.00,5.33,1.20,0.00,21,10,1,0,0,0,5,4,0,3,2,2,0,0,12,0,0,
30-07-2021,WuXi,AIRCRAFT,TEMPERATURE CONTROL,1,8,2,0,2,0,0,0.00,0.67,0.00,0.00,0,0,0,0,0,0,1,0,0,0,0,0,0,1,0,0,0,
30-07-2021,FAP,VESSEL,INVERTER,8,451,12,5,7,0,0,5.00,2.33,0.00,0.00,2,3,0,0,0,0,2,0,0,3,2,0,0,0,0,0,0,
30-07-2021,FEC,VESSEL,INVERTER,1,110,3,3,0,0,0,3.00,0.00,0.00,0.00,3,0,0,0,0,0,0,0,0,0,0,0,0,0,0,0,0,
30-07-2021,FEA NJ,AIRCRAFT,TEMPERATURE CONTROL,1,150,1,0,1,0,0,0.00,0.33,0.00,0.00,0,0,0,0,0,0,0,0,1,0,0,0,0,0,0,0,0,
02-08-2021,FEF,AIRCRAFT,TEMPERATURE CONTROL,5,125,8,0,8,0,0,0.00,2.67,0.00,0.00,0,0,0,0,0,0,3,1,0,0,0,0,2,2,0,0,0,
03-08-2021,FEI,AIRCRAFT,INVERTER,1,3,3,0,0,3,0,0.00,0.00,0.30,0.00,0,0,0,0,0,0,0,0,0,0,0,0,0,0,3,0,0,
03-08-2021,FEA NJ,VESSEL,INVERTER,3,61,8,2,2,4,0,2.00,0.67,0.40,0.00,0,0,0,1,1,0,0,0,0,0,2,0,0,0,4,0,0,
03-08-2021,FEA TWMC,VESSEL,INVERTER,2,13,4,1,2,1,0,1.00,0.67,0.10,0.00,0,0,0,0,1,0,1,0,0,0,1,0,0,0,1,0,0,
03-08-2021,FEE,AIRCRAFT,INVERTER,1,10,1,0,1,0,0,0.00,0.33,0.00,0.00,0,0,0,0,0,0,1,0,0,0,0,0,0,0,0,0,0,
03-08-2021,FEE,VESSEL,INVERTER,4,174,13,0,1,0,12,0.00,0.33,0.00,6.00,0,0,0,0,0,0,0,0,0,0,1,0,0,0,0,0,12,
04-08-2021,FET,COURIER,VENDING MACHINE,1,10,10,0,0,10,0,0.00,0.00,1.00,0.00,0,0,0,0,0,0,0,0,0,0,0,0,0,0,0,10,0,
04-08-2021,FET,COURIER,VENDING MACHINE,1,7,7,0,0,7,0,0.00,0.00,0.70,0.00,0,0,0,0,0,0,0,0,0,0,0,0,0,0,0,7,0,
04-08-2021,FEI,AIRCRAFT,INVERTER,16,381,43,12,10,21,0,12.00,3.33,2.10,0.00,12,0,0,0,0,0,5,0,0,3,1,1,0,0,21,0,0,
04-08-2021,FEI,VESSEL,INVERTER,20,1164,39,20,13,6,0,20.00,4.33,0.60,0.00,16,4,0,0,0,0,3,1,0,5,1,3,0,0,6,0,0,
05-08-2021,FEA NJ,VESSEL,INVERTER,1,28,28,0,0,28,0,0.00,0.00,2.80,0.00,0,0,0,0,0,0,0,0,0,0,0,0,0,0,28,0,0,
05-08-2021,FEA TWMC,VESSEL,INVERTER,1,8,7,0,1,6,0,0.00,0.33,0.60,0.00,0,0,0,0,0,0,1,0,0,0,0,0,0,0,6,0,0,
05-08-2021,FEE,VESSEL,INVERTER,2,16,5,0,0,3,2,0.00,0.00,0.30,1.00,0,0,0,0,0,0,0,0,0,0,0,0,0,0,3,0,2,
05-08-2021,FAP,VESSEL,INVERTER,11,104,23,2,6,15,0,2.00,2.00,1.50,0.00,1,1,0,0,0,0,0,2,0,0,2,2,0,0,15,0,0,
05-08-2021,FEC,VESSEL,TEMPERATURE CONTROL,1,3686,10,4,6,0,0,4.00,2.00,0.00,0.00,4,0,0,0,0,0,1,0,5,0,0,0,0,0,0,0,0,
06-08-2021,FEC,VESSEL,TEMPERATURE CONTROL,1,285,1,1,0,0,0,1.00,0.00,0.00,0.00,1,0,0,0,0,0,0,0,0,0,0,0,0,0,0,0,0,
09-08-2021,FEA NJ,VESSEL,INVERTER,3,1699,46,28,0,18,0,28.00,0.00,1.80,0.00,0,0,0,20,8,0,0,0,0,0,0,0,0,0,18,0,0,
11-08-2021,FEA,AIRCRAFT,TEMPERATURE CONTROL,2,218,4,0,4,0,0,0.00,1.33,0.00,0.00,0,0,0,0,0,0,3,0,0,0,0,0,1,0,0,0,0,
11-08-2021,FEA,VESSEL,TEMPERATURE CONTROL,3,91,4,0,4,0,0,0.00,1.33,0.00,0.00,0,0,0,0,0,0,0,0,1,0,0,0,3,0,0,0,0,
11-08-2021,FEE,VESSEL,INVERTER,17,3115,69,36,11,22,0,36.00,3.67,2.20,0.00,0,0,0,23,13,0,1,1,0,1,0,8,0,0,22,0,0,STICKER = 100
11-08-2021,FEE,AIRCRAFT,INVERTER,10,572,17,6,11,0,0,6.00,3.67,0.00,0.00,0,0,0,4,2,0,1,2,0,1,2,5,0,0,0,0,0,
12-08-2021,FEE,VESSEL,INVERTER,5,728,16,12,2,2,0,12.00,0.67,0.20,0.00,0,0,0,7,5,0,0,2,0,0,0,0,0,0,2,0,0,
12-08-2021,FEI,AIRCRAFT,TEMPERATURE CONTROL,11,1471,12,1,11,0,0,1.00,3.67,0.00,0.00,1,0,0,0,0,0,4,1,2,0,0,0,0,4,0,0,0,
12-08-2021,FET,COURIER,VENDING MACHINE,1,8,8,0,0,8,0,0.00,0.00,0.80,0.00,0,0,0,0,0,0,0,0,0,0,0,0,0,0,0,8,0,
13-08-2021,FAP,VESSEL,INVERTER,5,51,10,0,2,8,0,0.00,0.67,0.80,0.00,0,0,0,0,0,0,0,0,0,2,0,0,0,0,8,0,0,
16-08-2021,FEF,AIRCRAFT,TEMPERATURE CONTROL,4,377,9,0,9,0,0,0.00,3.00,0.00,0.00,0,0,0,0,0,0,4,0,2,0,0,0,1,2,0,0,0,
17-08-2021,FAP,AIRCRAFT,TEMPERATURE CONTROL,1,445,5,0,5,0,0,0.00,1.67,0.00,0.00,0,0,0,0,0,0,0,0,4,0,0,0,1,0,0,0,0,
17-08-2021,FEA NJ,AIRCRAFT,INVERTER,2,14,8,0,1,7,0,0.00,0.33,0.70,0.00,0,0,0,0,0,0,1,0,0,0,0,0,0,0,7,0,0,
17-08-2021,FEA NJ,VESSEL,INVERTER,1,864,10,9,1,0,0,9.00,0.33,0.00,0.00,0,0,0,7,2,0,0,0,0,1,0,0,0,0,0,0,0,
17-08-2021,FEA ROA,VESSEL,INVERTER,2,150,3,1,2,0,0,1.00,0.67,0.00,0.00,0,0,0,1,0,0,1,0,0,0,1,0,0,0,0,0,0,
17-08-2021,FEA TWMC,VESSEL,INVERTER,2,4,2,0,1,1,0,0.00,0.33,0.10,0.00,0,0,0,0,0,0,0,0,0,1,0,0,0,0,1,0,0,
18-08-2021,FEA,AIRCRAFT,TEMPERATURE CONTROL,2,276,4,0,4,0,0,0.00,1.33,0.00,0.00,0,0,0,0,0,0,0,0,1,0,0,0,1,2,0,0,0,
18-08-2021,FEID,VESSEL,INVERTER,10,42,10,0,10,0,0,0.00,3.33,0.00,0.00,0,0,0,0,0,0,6,2,0,0,2,0,0,0,0,0,0,
18-08-2021,FEI,AIRCRAFT,INVERTER,12,754,21,7,8,6,0,7.00,2.67,0.60,0.00,3,4,0,0,0,0,3,1,0,1,1,2,0,0,6,0,0,
18-08-2021,FEI,VESSEL,INVERTER,2,117,2,1,1,0,0,1.00,0.33,0.00,0.00,1,0,0,0,0,0,1,0,0,0,0,0,0,0,0,0,0,
18-08-2021,FEK,VESSEL,TEMPERATURE CONTROL,1,200,2,0,2,0,0,0.00,0.67,0.00,0.00,0,0,0,0,0,0,1,0,1,0,0,0,0,0,0,0,0,
18-08-2021,FEE,VESSEL,INVERTER,35,4456,143,72,14,57,0,72.00,4.67,5.70,0.00,0,0,0,32,40,0,1,3,0,4,3,3,0,0,57,0,0,STICKER = 110
20-08-2021,FEE,AIRCRAFT,INVERTER,4,188,10,1,2,7,0,1.00,0.67,0.70,0.00,0,0,0,0,1,0,0,0,0,0,2,0,0,0,7,0,0,
23-08-2021,FEC,VESSEL,TEMPERATURE CONTROL,2,3955,7,6,1,0,0,6.00,0.33,0.00,0.00,6,0,0,0,0,0,0,0,0,0,0,0,0,1,0,0,0,
23-08-2021,FAP,VESSEL,INVERTER,14,351,23,5,12,6,0,5.00,4.00,0.60,0.00,3,2,0,0,0,0,5,2,0,4,1,0,0,0,6,0,0,
23-08-2021,FEF,AIRCRAFT,TEMPERATURE CONTROL,3,28,6,0,6,0,0,0.00,2.00,0.00,0.00,0,0,0,0,0,0,4,0,0,0,0,0,0,2,0,0,0,
24-08-2021,FEA NJ,VESSEL,INVERTER,5,223,10,3,5,2,0,3.00,1.67,0.20,0.00,0,0,0,1,2,0,4,0,0,0,0,1,0,0,2,0,0,
24-08-2021,FEA ROA,VESSEL,INVERTER,1,100,2,1,1,0,0,1.00,0.33,0.00,0.00,0,0,0,1,0,0,1,0,0,0,0,0,0,0,0,0,0,
24-08-2021,FEA TWMC,VESSEL,INVERTER,1,4,1,0,1,0,0,0.00,0.33,0.00,0.00,0,0,0,0,0,0,0,0,0,0,1,0,0,0,0,0,0,
24-08-2021,FEA NJ,AIRCRAFT,INVERTER,1,15,2,1,1,0,0,1.00,0.33,0.00,0.00,0,0,0,1,0,0,0,0,0,0,1,0,0,0,0,0,0,
24-08-2021,FEID,AIRCRAFT,INVERTER,2,5,2,0,2,0,0,0.00,0.67,0.00,0.00,0,0,0,0,0,0,1,1,0,0,0,0,0,0,0,0,0,
24-08-2021,FEE,VESSEL,INVERTER,25,889,82,18,21,43,0,18.00,7.00,4.30,0.00,0,0,0,10,4,4,3,8,0,4,2,4,0,0,43,0,0,
25-08-2021,FEE,AIRCRAFT,INVERTER,6,272,12,4,5,3,0,4.00,1.67,0.30,0.00,0,0,0,3,1,0,1,2,0,0,1,1,0,0,3,0,0,
25-08-2021,FEI,AIRCRAFT,INVERTER,16,641,42,7,12,23,0,7.00,4.00,2.30,0.00,5,1,1,0,0,0,1,3,0,3,1,4,0,0,23,0,0,
25-08-2021,FEI,VESSEL,INVERTER,3,157,4,0,4,0,0,0.00,1.33,0.00,0.00,0,0,0,0,0,0,1,0,0,1,1,1,0,0,0,0,0,
26-08-2021,FAP,COURIER,INVERTER,1,3,2,0,2,0,0,0.00,0.67,0.00,0.00,0,0,0,0,0,0,0,0,0,0,0,0,2,0,0,0,0,
27-08-2021,FEI,AIRCRAFT,TEMPERATURE CONTROL,9,2055,16,1,15,0,0,1.00,5.00,0.00,0.00,1,0,0,0,0,0,0,0,10,0,0,0,4,1,0,0,0,
27-08-2021,FAP,VESSEL,INVERTER,12,277,28,7,6,15,0,7.00,2.00,1.50,0.00,2,5,0,0,0,0,0,3,0,1,0,1,1,0,15,0,0,
27-08-2021,FEA,AIRCRAFT,TEMPERATURE CONTROL,1,259,3,0,3,0,0,0.00,1.00,0.00,0.00,0,0,0,0,0,0,1,0,2,0,0,0,0,0,0,0,0,
27-08-2021,FEA,VESSEL,TEMPERATURE CONTROL,2,1012,8,0,8,0,0,0.00,2.67,0.00,0.00,0,0,0,0,0,0,1,3,3,0,0,0,0,1,0,0,0,
30-08-2021,FETW,AIRCRAFT,TEMPERATURE CONTROL,1,147,2,0,2,0,0,0.00,0.67,0.00,0.00,0,0,0,0,0,0,1,0,1,0,0,0,0,0,0,0,0,
31-08-2021,FEF,AIRCRAFT,TEMPERATURE CONTROL,5,586,8,0,8,0,0,0.00,2.67,0.00,0.00,0,0,0,0,0,0,2,0,3,0,0,0,1,2,0,0,0,
31-08-2021,FEF,VESSEL,TEMPERATURE CONTROL,1,200,1,0,1,0,0,0.00,0.33,0.00,0.00,0,0,0,0,0,0,0,1,0,0,0,0,0,0,0,0,0,
31-08-2021,FEA NJ,VESSEL,INVERTER,4,76,8,0,6,2,0,0.00,2.00,0.20,0.00,0,0,0,0,0,0,1,1,0,2,1,1,0,0,2,0,0,
31-08-2021,FEA TWMC,VESSEL,INVERTER,2,11,2,0,2,0,0,0.00,0.67,0.00,0.00,0,0,0,0,0,0,0,0,0,2,0,0,0,0,0,0,0,
31-08-2021,FEA ROA,VESSEL,INVERTER,1,51,1,0,1,0,0,0.00,0.33,0.00,0.00,0,0,0,0,0,0,0,0,0,0,0,1,0,0,0,0,0,
31-08-2021,FEID,VESSEL,INVERTER,10,60,13,0,9,4,0,0.00,3.00,0.40,0.00,0,0,0,0,0,0,4,1,0,1,2,1,0,0,4,0,0,
31-08-2021,FEI,AIRCRAFT,INVERTER,14,620,71,3,9,59,0,3.00,3.00,5.90,0.00,2,1,0,0,0,0,4,0,0,2,0,3,0,0,59,0,0,
31-08-2021,FEI,VESSEL,INVERTER,3,115,3,1,2,0,0,1.00,0.67,0.00,0.00,0,1,0,0,0,0,1,0,0,1,0,0,0,0,0,0,0,
01-09-2021,WuXi,AIRCRAFT,TEMPERATURE CONTROL,3,77,6,1,5,0,0,1.00,1.67,0.00,0.00,1,0,0,0,0,0,2,1,0,2,0,0,0,0,0,0,0,
01-09-2021,FEID,VESSEL,INVERTER,1,33,3,1,1,1,0,1.00,0.33,0.10,0.00,0,1,0,0,0,0,0,0,0,0,0,1,0,0,1,0,0,
02-09-2021,FEID,AIRCRAFT,TEMPERATURE CONTROL,1,204,3,0,3,0,0,0.00,1.00,0.00,0.00,0,0,0,0,0,0,1,0,2,0,0,0,0,0,0,0,0,
03-09-2021,FAP,VESSEL,INVERTER,15,177,30,2,9,19,0,2.00,3.00,1.90,0.00,0,2,0,0,0,0,3,3,0,1,0,1,1,0,19,0,0,
06-09-2021,FEC,VESSEL,TEMPERATURE CONTROL,1,3892,7,7,0,0,0,7.00,0.00,0.00,0.00,7,0,0,0,0,0,0,0,0,0,0,0,0,0,0,0,0,
06-09-2021,FEK,VESSEL,INVERTER,4,9,9,0,0,9,0,0.00,0.00,0.90,0.00,0,0,0,0,0,0,0,0,0,0,0,0,0,0,9,0,0,
06-09-2021,FEF,AIRCRAFT,TEMPERATURE CONTROL,3,591,3,1,2,0,0,1.00,0.67,0.00,0.00,1,0,0,0,0,0,0,0,0,0,0,0,2,0,0,0,0,
06-09-2021,FEA,AIRCRAFT,TEMPERATURE CONTROL,1,31,2,0,2,0,0,0.00,0.67,0.00,0.00,0,0,0,0,0,0,0,0,0,0,0,0,2,0,0,0,0,
07-09-2021,FEA NJ,VESSEL,INVERTER,9,1191,92,12,8,72,0,12.00,2.67,7.20,0.00,0,0,0,11,1,0,1,2,0,2,0,3,0,0,72,0,0,
07-09-2021,FEE,AIRCRAFT,INVERTER,16,470,89,3,7,79,0,3.00,2.33,7.90,0.00,0,0,0,2,1,0,1,1,0,1,2,2,0,0,79,0,0,
07-09-2021,FEV,AIRCRAFT,TEMPERATURE CONTROL,1,7,1,0,1,0,0,0.00,0.33,0.00,0.00,0,0,0,0,0,0,0,0,0,0,0,0,1,0,0,0,0,
07-09-2021,FAP,AIRCRAFT,INVERTER,1,50,2,2,0,0,0,2.00,0.00,0.00,0.00,2,0,0,0,0,0,0,0,0,0,0,0,0,0,0,0,0,
07-09-2021,FEE,VESSEL,INVERTER,29,3820,126,47,16,63,0,47.00,5.33,6.30,0.00,0,0,0,28,18,1,0,5,0,2,3,6,0,0,63,0,0,STICKER = 125
08-09-2021,FEC,VESSEL,TEMPERATURE CONTROL,1,285,1,0,1,0,0,0.00,0.33,0.00,0.00,0,0,0,0,0,0,0,0,1,0,0,0,0,0,0,0,0,
08-09-2021,FEID,AIRCRAFT,INVERTER,2,3,2,0,2,0,0,0.00,0.67,0.00,0.00,0,0,0,0,0,0,0,0,0,0,0,0,2,0,0,0,0,
09-09-2021,FEE,VESSEL,INVERTER,5,216,21,5,6,10,0,5.00,2.00,1.00,0.00,0,0,0,3,1,1,1,0,0,0,0,5,0,0,10,0,0,
09-09-2021,FEI,VESSEL,INVERTER,4,347,7,1,2,4,0,1.00,0.67,0.40,0.00,1,0,0,0,0,0,0,0,0,1,1,0,0,0,4,0,0,
09-09-2021,FEI,AIRCRAFT,INVERTER,14,604,72,10,11,51,0,10.00,3.67,5.10,0.00,7,2,1,0,0,0,4,1,0,2,1,3,0,0,51,0,0,
09-09-2021,FEID,VESSEL,INVERTER,5,24,6,0,4,2,0,0.00,1.33,0.20,0.00,0,0,0,0,0,0,3,1,0,0,0,0,0,0,2,0,0,
09-09-2021,FEI,AIRCRAFT,TEMPERATURE CONTROL,8,432,11,0,11,0,0,0.00,3.67,0.00,0.00,0,0,0,0,0,0,1,0,2,0,0,0,3,5,0,0,0,
10-09-2021,FAP,VESSEL,INVERTER,9,209,22,6,7,9,0,6.00,2.33,0.90,0.00,5,1,0,0,0,0,1,0,0,1,3,2,0,0,9,0,0,
13-09-2021,FEF,AIRCRAFT,TEMPERATURE CONTROL,3,21,5,0,5,0,0,0.00,1.67,0.00,0.00,0,0,0,0,0,0,3,0,0,0,0,0,1,1,0,0,0,
14-09-2021,FEA,COURIER,TEMPERATURE CONTROL,2,679,6,0,6,0,0,0.00,2.00,0.00,0.00,0,0,0,0,0,0,1,0,5,0,0,0,0,0,0,0,0,
14-09-2021,FEA NJ,AIRCRAFT,INVERTER,1,4,1,0,1,0,0,0.00,0.33,0.00,0.00,0,0,0,0,0,0,1,0,0,0,0,0,0,0,0,0,0,
14-09-2021,FEA NJ,VESSEL,INVERTER,6,133,8,3,5,0,0,3.00,1.67,0.00,0.00,0,0,0,0,2,1,4,0,0,1,0,0,0,0,0,0,0,
14-09-2021,FEA TWMC,VESSEL,INVERTER,2,9,9,0,0,9,0,0.00,0.00,0.90,0.00,0,0,0,0,0,0,0,0,0,0,0,0,0,0,9,0,0,
14-09-2021,WuXi,AIRCRAFT,TEMPERATURE CONTROL,3,12,3,0,3,0,0,0.00,1.00,0.00,0.00,0,0,0,0,0,0,3,0,0,0,0,0,0,0,0,0,0,
15-09-2021,FEE,VESSEL,INVERTER,12,271,18,5,10,3,0,5.00,3.33,0.30,0.00,0,0,0,1,3,1,4,1,0,3,1,1,0,0,3,0,0,
15-09-2021,FEI,AIRCRAFT,INVERTER,18,419,80,5,15,60,0,5.00,5.00,6.00,0.00,3,2,0,0,0,0,7,4,0,1,1,2,0,0,60,0,0,
15-09-2021,FEC,VESSEL,TEMPERATURE CONTROL,3,5733,9,7,2,0,0,7.00,0.67,0.00,0.00,7,0,0,0,0,0,0,0,1,0,0,0,1,0,0,0,0,
16-09-2021,FEK,COURIER,TEMPERATURE CONTROL,1,1,1,0,1,0,0,0.00,0.33,0.00,0.00,0,0,0,0,0,0,0,0,0,0,0,0,1,0,0,0,0,
16-09-2021,FEID,AIRCRAFT,INVERTER,1,16,1,0,1,0,0,0.00,0.33,0.00,0.00,0,0,0,0,0,0,0,0,0,1,0,0,0,0,0,0,0,
16-09-2021,FEE,VESSEL,INVERTER,1,7,1,0,1,0,0,0.00,0.33,0.00,0.00,0,0,0,0,0,0,1,0,0,0,0,0,0,0,0,0,0,
17-09-2021,FEC,VESSEL,TEMPERATURE CONTROL,1,1361,6,3,3,0,0,3.00,1.00,0.00,0.00,3,0,0,0,0,0,0,0,1,0,0,0,1,1,0,0,0,
17-09-2021,FAP,AIRCRAFT,INVERTER,2,4,4,0,0,4,0,0.00,0.00,0.40,0.00,0,0,0,0,0,0,0,0,0,0,0,0,0,0,4,0,0,
17-09-2021,FAP,VESSEL,INVERTER,17,186,26,2,17,7,0,2.00,5.67,0.70,0.00,1,1,0,0,0,0,4,1,0,6,2,4,0,0,7,0,0,
17-09-2021,FEE,AIRCRAFT,INVERTER,4,155,11,5,1,5,0,5.00,0.33,0.50,0.00,0,0,0,0,3,2,1,0,0,0,0,0,0,0,5,0,0,
17-09-2021,FEA,AIRCRAFT,TEMPERATURE CONTROL,1,48,1,0,1,0,0,0.00,0.33,0.00,0.00,0,0,0,0,0,0,0,0,0,0,0,0,0,1,0,0,0,
17-09-2021,FEA,VESSEL,TEMPERATURE CONTROL,1,12,1,0,1,0,0,0.00,0.33,0.00,0.00,0,0,0,0,0,0,0,0,0,0,0,0,0,1,0,0,0,
21-09-2021,FEF,AIRCRAFT,TEMPERATURE CONTROL,3,464,5,0,5,0,0,0.00,1.67,0.00,0.00,0,0,0,0,0,0,1,2,0,0,0,0,2,0,0,0,0,
21-09-2021,FEA NJ,AIRCRAFT,INVERTER,2,55,2,0,2,0,0,0.00,0.67,0.00,0.00,0,0,0,0,0,0,1,0,0,0,1,0,0,0,0,0,0,
21-09-2021,FEA NJ,VESSEL,INVERTER,8,146,12,3,5,4,0,3.00,1.67,0.40,0.00,0,0,0,0,2,1,2,0,0,1,0,2,0,0,4,0,0,
21-09-2021,FEA TWMC,VESSEL,INVERTER,2,3,2,0,2,0,0,0.00,0.67,0.00,0.00,0,0,0,0,0,0,2,0,0,0,0,0,0,0,0,0,0,
21-09-2021,FEID,VESSEL,INVERTER,16,145,17,1,15,1,0,1.00,5.00,0.10,0.00,1,0,0,0,0,0,7,4,0,3,1,0,0,0,1,0,0,
21-09-2021,FEE,VESSEL,INVERTER,24,856,74,23,17,34,0,23.00,5.67,3.40,0.00,0,0,0,15,7,1,3,0,0,2,5,7,0,0,34,0,0,
21-09-2021,FEID,AIRCRAFT,INVERTER,4,13,4,0,4,0,0,0.00,1.33,0.00,0.00,0,0,0,0,0,0,1,1,0,1,1,0,0,0,0,0,0,
22-09-2021,FEI,AIRCRAFT,INVERTER,14,2892,31,19,8,4,0,19.00,2.67,0.40,0.00,14,5,0,0,0,0,3,2,0,1,0,2,0,0,4,0,0,
22-09-2021,FEI,VESSEL,INVERTER,4,60,17,3,5,9,0,3.00,1.67,0.90,0.00,0,3,0,0,0,0,1,1,0,0,2,1,0,0,9,0,0,
24-09-2021,FAP,VESSEL,INVERTER,9,202,10,1,9,0,0,1.00,3.00,0.00,0.00,0,1,0,0,0,0,0,0,0,1,0,8,0,0,0,0,0,
27-09-2021,FEF,AIRCRAFT,TEMPERATURE CONTROL,1,40,1,0,1,0,0,0.00,0.33,0.00,0.00,0,0,0,0,0,0,1,0,0,0,0,0,0,0,0,0,0,
28-09-2021,FEA NJ,VESSEL,INVERTER,5,73,7,2,5,0,0,2.00,1.67,0.00,0.00,0,0,0,1,1,0,1,1,0,2,0,1,0,0,0,0,0,
28-09-2021,FEA,AIRCRAFT,TEMPERATURE CONTROL,2,648,7,0,7,0,0,0.00,2.33,0.00,0.00,0,0,0,0,0,0,1,0,6,0,0,0,0,0,0,0,0,
28-09-2021,FEC,AIRCRAFT,TEMPERATURE CONTROL,1,3314,5,3,2,0,0,3.00,0.67,0.00,0.00,3,0,0,0,0,0,0,0,2,0,0,0,0,0,0,0,0,
28-09-2021,FEID,AIRCRAFT,INVERTER,5,27,5,0,4,1,0,0.00,1.33,0.10,0.00,0,0,0,0,0,0,2,0,0,2,0,0,0,0,1,0,0,
28-09-2021,FAP,AIRCRAFT,TEMPERATURE CONTROL,1,7,1,0,1,0,0,0.00,0.33,0.00,0.00,0,0,0,0,0,0,0,0,0,0,0,0,1,0,0,0,0,
29-09-2021,FEK,VESSEL,TEMPERATURE CONTROL,1,200,2,0,2,0,0,0.00,0.67,0.00,0.00,0,0,0,0,0,0,1,0,1,0,0,0,0,0,0,0,0,
29-09-2021,FEE,VESSEL,INVERTER,18,598,24,11,12,1,0,11.00,4.00,0.10,0.00,0,0,0,5,5,1,1,1,0,4,4,2,0,0,1,0,0,
30-09-2021,FEE,AIRCRAFT,INVERTER,9,498,31,16,3,12,0,16.00,1.00,1.20,0.00,0,0,0,9,6,1,0,0,0,0,1,2,0,0,12,0,0,
01-10-2021,FEK,AIRCRAFT,INVERTER,1,5,5,0,0,5,0,0.00,0.00,0.50,0.00,0,0,0,0,0,0,0,0,0,0,0,0,0,0,5,0,0,
01-10-2021,FEK,COURIER,INVERTER,2,9,9,0,0,9,0,0.00,0.00,0.90,0.00,0,0,0,0,0,0,0,0,0,0,0,0,0,0,9,0,0,
01-10-2021,FAP,VESSEL,INVERTER,28,1382,73,19,17,37,0,19.00,5.67,3.70,0.00,5,13,1,0,0,0,5,1,0,2,4,5,0,0,37,0,0,
01-10-2021,FEC,VESSEL,TEMPERATURE CONTROL,1,1805,6,2,4,0,0,2.00,1.33,0.00,0.00,2,0,0,0,0,0,0,0,3,0,0,0,0,1,0,0,0,
04-10-2021,FEC,VESSEL,INVERTER,1,110,3,3,0,0,0,3.00,0.00,0.00,0.00,3,0,0,0,0,0,0,0,0,0,0,0,0,0,0,0,0,
04-10-2021,FEI,AIRCRAFT,TEMPERATURE CONTROL,7,1055,11,1,10,0,0,1.00,3.33,0.00,0.00,1,0,0,0,0,0,3,0,3,0,0,0,2,2,0,0,0,
05-10-2021,FEA NJ,AIRCRAFT,INVERTER,2,33,2,0,2,0,0,0.00,0.67,0.00,0.00,0,0,0,0,0,0,0,0,0,1,1,0,0,0,0,0,0,
05-10-2021,FEA TWMC,VESSEL,INVERTER,2,22,22,0,0,22,0,0.00,0.00,2.20,0.00,0,0,0,0,0,0,0,0,0,0,0,0,0,0,22,0,0,
05-10-2021,FEA NJ,VESSEL,INVERTER,12,1710,64,21,9,34,0,21.00,3.00,3.40,0.00,0,0,0,17,4,0,0,0,0,2,4,3,0,0,34,0,0,
05-10-2021,FEID,AIRCRAFT,INVERTER,4,32,4,0,3,1,0,0.00,1.00,0.10,0.00,0,0,0,0,0,0,1,0,0,2,0,0,0,0,1,0,0,
05-10-2021,FEE,VESSEL,INVERTER,7,254,19,8,2,9,0,8.00,0.67,0.90,0.00,0,0,0,5,3,0,1,0,0,0,1,0,0,0,9,0,0,
06-10-2021,FEF,AIRCRAFT,TEMPERATURE CONTROL,4,148,7,0,7,0,0,0.00,2.33,0.00,0.00,0,0,0,0,0,0,0,0,1,1,0,0,4,1,0,0,0,
07-10-2021,FEI,AIRCRAFT,INVERTER,26,3627,82,23,15,44,0,23.00,5.00,4.40,0.00,20,3,0,0,0,0,6,0,0,3,2,3,1,0,44,0,0,
07-10-2021,FAP,VESSEL,INVERTER,16,284,21,2,16,3,0,2.00,5.33,0.30,0.00,0,1,1,0,0,0,3,3,0,6,3,1,0,0,3,0,0,
08-10-2021,FETW,AIRCRAFT,TEMPERATURE CONTROL,1,187,2,0,2,0,0,0.00,0.67,0.00,0.00,0,0,0,0,0,0,0,0,2,0,0,0,0,0,0,0,0,
11-10-2021,FEA NJ,VESSEL,INVERTER,5,49,5,0,5,0,0,0.00,1.67,0.00,0.00,0,0,0,0,0,0,2,0,0,0,3,0,0,0,0,0,0,
11-10-2021,FEA TWMC,VESSEL,INVERTER,1,15,15,0,0,15,0,0.00,0.00,1.50,0.00,0,0,0,0,0,0,0,0,0,0,0,0,0,0,15,0,0,
11-10-2021,FEF,AIRCRAFT,TEMPERATURE CONTROL,1,7,2,0,2,0,0,0.00,0.67,0.00,0.00,0,0,0,0,0,0,1,0,0,0,0,0,0,1,0,0,0,
11-10-2021,FEID,VESSEL,INVERTER,13,142,13,0,13,0,0,0.00,4.33,0.00,0.00,0,0,0,0,0,0,7,3,0,2,1,0,0,0,0,0,0,
11-10-2021,WuXi,AIRCRAFT,TEMPERATURE CONTROL,6,105,12,1,11,0,0,1.00,3.67,0.00,0.00,1,0,0,0,0,0,10,0,0,0,0,0,0,1,0,0,0,
12-10-2021,FEE,VESSEL,INVERTER,31,3170,87,38,20,29,0,38.00,6.67,2.90,0.00,0,0,0,31,7,0,4,1,0,6,5,4,0,0,29,0,0,Sticker = 202
12-10-2021,FEID,AIRCRAFT,INVERTER,12,57,15,0,11,4,0,0.00,3.67,0.40,0.00,0,0,0,0,0,0,8,2,0,1,0,0,0,0,4,0,0,
14-10-2021,FEE,AIRCRAFT,INVERTER,19,612,116,10,25,81,0,10.00,8.33,8.10,0.00,0,0,0,9,1,0,3,2,0,0,4,16,0,0,81,0,0,
14-10-2021,FEA,AIRCRAFT,TEMPERATURE CONTROL,1,623,4,0,4,0,0,0.00,1.33,0.00,0.00,0,0,0,0,0,0,0,3,0,0,0,0,1,0,0,0,0,
14-10-2021,FEI,AIRCRAFT,INVERTER,13,390,24,2,10,12,0,2.00,3.33,1.20,0.00,0,2,0,0,0,0,4,2,0,0,3,1,0,0,12,0,0,
14-10-2021,FEI,VESSEL,INVERTER,7,195,9,1,8,0,0,1.00,2.67,0.00,0.00,0,1,0,0,0,0,3,0,0,2,2,1,0,0,0,0,0,
14-10-2021,FEE,AIRCRAFT,INVERTER,4,418,8,5,3,0,0,5.00,1.00,0.00,0.00,0,0,0,4,1,0,0,1,0,0,1,1,0,0,0,0,0,
14-10-2021,FEID,VESSEL,TEMPERATURE CONTROL,1,117,2,0,2,0,0,0.00,0.67,0.00,0.00,0,0,0,0,0,0,0,0,1,0,0,0,0,1,0,0,0,
15-10-2021,FAP,AIRCRAFT,INVERTER,1,1,1,0,1,0,0,0.00,0.33,0.00,0.00,0,0,0,0,0,0,1,0,0,0,0,0,0,0,0,0,0,
15-10-2021,FAP,VESSEL,INVERTER,6,104,9,0,7,2,0,0.00,2.33,0.20,0.00,0,0,0,0,0,0,2,1,0,1,1,2,0,0,2,0,0,
18-10-2021,FEC,AIRCRAFT,TEMPERATURE CONTROL,1,1026,6,1,5,0,0,1.00,1.67,0.00,0.00,1,0,0,0,0,0,0,0,5,0,0,0,0,0,0,0,0,
18-10-2021,FEC,VESSEL,TEMPERATURE CONTROL,2,1838,8,3,5,0,0,3.00,1.67,0.00,0.00,3,0,0,0,0,0,0,0,4,0,0,0,0,1,0,0,0,
18-10-2021,FEF,AIRCRAFT,TEMPERATURE CONTROL,3,41,5,0,5,0,0,0.00,1.67,0.00,0.00,0,0,0,0,0,0,1,1,0,0,0,1,2,0,0,0,0,
19-10-2021,FEA NJ,VESSEL,INVERTER,6,115,48,2,3,43,0,2.00,1.00,4.30,0.00,0,0,0,1,1,0,2,0,0,0,0,1,0,0,43,0,0,
19-10-2021,FEA TWMC,VESSEL,INVERTER,1,1,1,0,1,0,0,0.00,0.33,0.00,0.00,0,0,0,0,0,0,1,0,0,0,0,0,0,0,0,0,0,
19-10-2021,FEI,AIRCRAFT,TEMPERATURE CONTROL,8,619,13,0,13,0,0,0.00,4.33,0.00,0.00,0,0,0,0,0,0,4,0,5,0,0,0,1,3,0,0,0,
19-10-2021,FEE,AIRCRAFT,INVERTER,3,300,3,1,2,0,0,1.00,0.67,0.00,0.00,0,0,0,1,0,0,0,0,0,0,2,0,0,0,0,0,0,
19-10-2021,FEE,VESSEL,INVERTER,6,248,9,3,6,0,0,3.00,2.00,0.00,0.00,0,0,0,1,2,0,0,1,0,0,3,2,0,0,0,0,0,
19-10-2021,FEI,AIRCRAFT,INVERTER,2,131,5,5,0,0,0,5.00,0.00,0.00,0.00,5,0,0,0,0,0,0,0,0,0,0,0,0,0,0,0,0,
19-10-2021,FEID,VESSEL,INVERTER,2,5,2,0,2,0,0,0.00,0.67,0.00,0.00,0,0,0,0,0,0,1,1,0,0,0,0,0,0,0,0,0,
19-10-2021,FEI,AIRCRAFT,INVERTER,12,389,37,4,8,25,0,4.00,2.67,2.50,0.00,3,1,0,0,0,0,4,0,0,1,1,2,0,0,25,0,0,
20-10-2021,FEA NJ,AIRCRAFT,INVERTER,1,1,1,0,0,1,0,0.00,0.00,0.10,0.00,0,0,0,0,0,0,0,0,0,0,0,0,0,0,1,0,0,
21-10-2021,FAP,VESSEL,INVERTER,10,250,23,7,9,7,0,7.00,3.00,0.70,0.00,5,2,0,0,0,0,2,0,0,2,3,2,0,0,7,0,0,
21-10-2021,FEI,VESSEL,INVERTER,2,97,4,0,4,0,0,0.00,1.33,0.00,0.00,0,0,0,0,0,0,0,0,0,0,0,4,0,0,0,0,0,
21-10-2021,FEF,AIRCRAFT,TEMPERATURE CONTROL,1,2,1,0,1,0,0,0.00,0.33,0.00,0.00,0,0,0,0,0,0,0,0,0,0,0,0,1,0,0,0,0,
25-10-2021,FEF,AIRCRAFT,TEMPERATURE CONTROL,5,501,9,0,9,0,0,0.00,3.00,0.00,0.00,0,0,0,0,0,0,4,3,0,1,0,0,1,0,0,0,0,
26-10-2021,FEA,COURIER,TEMPERATURE CONTROL,3,225,3,0,3,0,0,0.00,1.00,0.00,0.00,0,0,0,0,0,0,2,0,0,0,0,0,1,0,0,0,0,
26-10-2021,FEA NJ,AIRCRAFT,INVERTER,1,10,10,0,0,10,0,0.00,0.00,1.00,0.00,0,0,0,0,0,0,0,0,0,0,0,0,0,0,10,0,0,
26-10-2021,FEA NJ,VESSEL,INVERTER,6,75,16,1,5,10,0,1.00,1.67,1.00,0.00,0,0,0,0,1,0,1,1,0,1,0,2,0,0,10,0,0,
26-10-2021,FEA TWMC,VESSEL,INVERTER,2,2,2,0,0,2,0,0.00,0.00,0.20,0.00,0,0,0,0,0,0,0,0,0,0,0,0,0,0,2,0,0,
26-10-2021,FEE,VESSEL,INVERTER,13,390,29,11,10,8,0,11.00,3.33,0.80,0.00,0,0,0,0,10,1,1,0,0,2,1,6,0,0,8,0,0,Sticker = 43
26-10-2021,FEE,AIRCRAFT,INVERTER,10,164,29,3,4,22,0,3.00,1.33,2.20,0.00,0,0,0,1,2,0,1,0,0,2,0,1,0,0,22,0,0,
27-10-2021,FEID,AIRCRAFT,INVERTER,1,2,1,0,1,0,0,0.00,0.33,0.00,0.00,0,0,0,0,0,0,1,0,0,0,0,0,0,0,0,0,0,
27-10-2021,FEID,VESSEL,INVERTER,13,199,14,1,13,0,0,1.00,4.33,0.00,0.00,1,0,0,0,0,0,8,2,0,0,2,1,0,0,0,0,0,
27-10-2021,FEE,VESSEL,INVERTER,4,230,6,3,3,0,0,3.00,1.00,0.00,0.00,0,0,0,0,3,0,1,0,0,0,0,2,0,0,0,0,0,
27-10-2021,FEI,AIRCRAFT,INVERTER,13,799,100,7,3,90,0,7.00,1.00,9.00,0.00,6,1,0,0,0,0,2,0,0,0,0,1,0,0,90,0,0,
27-10-2021,FEI,VESSEL,INVERTER,5,760,10,6,4,0,0,6.00,1.33,0.00,0.00,5,1,0,0,0,0,0,0,0,0,2,2,0,0,0,0,0,
29-10-2021,FEK,VESSEL,INVERTER,6,16,16,0,0,16,0,0.00,0.00,1.60,0.00,0,0,0,0,0,0,0,0,0,0,0,0,0,0,16,0,0,
29-10-2021,FEC,VESSEL,INVERTER,1,35,32,0,1,31,0,0.00,0.33,3.10,0.00,0,0,0,0,0,0,1,0,0,0,0,0,0,0,31,0,0,
01-11-2021,FAP,AIRCRAFT,INVERTER,3,18,4,0,3,1,0,0.00,1.00,0.10,0.00,0,0,0,0,0,0,1,1,0,0,0,1,0,0,1,0,0,
01-11-2021,FAP,VESSEL,INVERTER,30,1101,72,15,25,32,0,15.00,8.33,3.20,0.00,5,10,0,0,0,0,4,0,0,3,7,11,0,0,32,0,0,
01-11-2021,FEA,AIRCRAFT,TEMPERATURE CONTROL,3,1304,10,0,10,0,0,0.00,3.33,0.00,0.00,0,0,0,0,0,0,2,3,5,0,0,0,0,0,0,0,0,
01-11-2021,FEC,AIRCRAFT,TEMPERATURE CONTROL,1,763,6,1,5,0,0,1.00,1.67,0.00,0.00,1,0,0,0,0,0,1,0,4,0,0,0,0,0,0,0,0,
01-11-2021,FEF,AIRCRAFT,TEMPERATURE CONTROL,8,65,10,0,10,0,0,0.00,3.33,0.00,0.00,0,0,0,0,0,0,3,1,0,1,1,2,2,0,0,0,0,
01-11-2021,WuXi,AIRCRAFT,TEMPERATURE CONTROL,3,55,10,0,10,0,0,0.00,3.33,0.00,0.00,0,0,0,0,0,0,9,0,0,1,0,0,0,0,0,0,0,
02-11-2021,FEA NJ,AIRCRAFT,INVERTER,2,31,31,0,0,31,0,0.00,0.00,3.10,0.00,0,0,0,0,0,0,0,0,0,0,0,0,0,0,31,0,0,
02-11-2021,FEA NJ,VESSEL,INVERTER,18,2005,100,28,13,59,0,28.00,4.33,5.90,0.00,0,0,0,20,7,1,1,3,0,0,1,8,0,0,59,0,0,
02-11-2021,FEA TWMC,VESSEL,INVERTER,3,20,4,0,4,0,0,0.00,1.33,0.00,0.00,0,0,0,0,0,0,0,0,0,1,2,1,0,0,0,0,0,
02-11-2021,FEE,VESSEL,INVERTER,15,1581,39,0,8,16,15,0.00,2.67,1.60,7.50,0,0,0,0,0,0,1,0,0,0,3,4,0,0,16,0,15,
02-11-2021,FEE,AIRCRAFT,INVERTER,27,1754,212,48,34,130,0,48.00,11.33,13.00,0.00,0,0,0,35,12,1,4,2,0,2,2,24,0,0,130,0,0,
04-11-2021,FEE,VESSEL,INVERTER,9,1680,25,0,3,0,22,0.00,1.00,0.00,11.00,0,0,0,0,0,0,2,0,0,0,1,0,0,0,0,0,22,
04-11-2021,FEID,AIRCRAFT,INVERTER,2,5,5,0,1,4,0,0.00,0.33,0.40,0.00,0,0,0,0,0,0,1,0,0,0,0,0,0,0,4,0,0,
04-11-2021,FEID,VESSEL,INVERTER,13,242,13,0,13,0,0,0.00,4.33,0.00,0.00,0,0,0,0,0,0,7,2,0,0,3,1,0,0,0,0,0,
04-11-2021,FEE,AIRCRAFT,INVERTER,8,350,48,11,4,33,0,11.00,1.33,3.30,0.00,0,0,0,11,0,0,1,0,0,1,1,1,0,0,33,0,0,
05-11-2021,FAP,VESSEL,INVERTER,19,300,34,3,11,20,0,3.00,3.67,2.00,0.00,0,3,0,0,0,0,5,0,0,1,4,1,0,0,20,0,0,
05-11-2021,FET,VESSEL,VENDING MACHINE,1,10,10,0,0,10,0,0.00,0.00,1.00,0.00,0,0,0,0,0,0,0,0,0,0,0,0,0,0,0,10,0,
05-11-2021,FET,COURIER,VENDING MACHINE,1,15,15,0,0,15,0,0.00,0.00,1.50,0.00,0,0,0,0,0,0,0,0,0,0,0,0,0,0,0,15,0,
05-11-2021,FEI,AIRCRAFT,TEMPERATURE CONTROL,8,1352,15,0,15,0,0,0.00,5.00,0.00,0.00,0,0,0,0,0,0,5,0,9,0,0,0,0,1,0,0,0,
05-11-2021,FEK,VESSEL,INVERTER,6,9,9,0,0,9,0,0.00,0.00,0.90,0.00,0,0,0,0,0,0,0,0,0,0,0,0,0,0,9,0,0,
05-11-2021,FEI,AIRCRAFT,INVERTER,27,2759,192,36,9,147,0,36.00,3.00,14.70,0.00,31,4,1,0,0,0,2,3,0,0,1,3,0,0,147,0,0,
05-11-2021,FEI,VESSEL,INVERTER,1,63,3,2,1,0,0,2.00,0.33,0.00,0.00,2,0,0,0,0,0,0,0,0,0,0,1,0,0,0,0,0,
08-11-2021,FEF,AIRCRAFT,TEMPERATURE CONTROL,5,13,5,0,5,0,0,0.00,1.67,0.00,0.00,0,0,0,0,0,0,0,1,0,0,0,0,1,3,0,0,0,
08-11-2021,FEV,COURIER,TEMPERATURE CONTROL,1,6,1,0,1,0,0,0.00,0.33,0.00,0.00,0,0,0,0,0,0,0,0,0,0,0,0,1,0,0,0,0,
09-11-2021,FEA NJ,AIRCRAFT,INVERTER,2,67,9,5,1,3,0,5.00,0.33,0.30,0.00,0,0,0,0,5,0,0,0,0,1,0,0,0,0,3,0,0,
09-11-2021,FEA NJ,VESSEL,INVERTER,10,95,52,2,8,42,0,2.00,2.67,4.20,0.00,0,0,0,1,1,0,4,1,0,2,0,1,0,0,42,0,0,
09-11-2021,FEID,AIRCRAFT,INVERTER,4,14,5,0,3,2,0,0.00,1.00,0.20,0.00,0,0,0,0,0,0,0,0,0,3,0,0,0,0,2,0,0,
09-11-2021,FEID,VESSEL,INVERTER,11,168,11,0,11,0,0,0.00,3.67,0.00,0.00,0,0,0,0,0,0,8,2,0,0,0,1,0,0,0,0,0,
09-11-2021,FEC,VESSEL,INVERTER,1,100,3,3,0,0,0,3.00,0.00,0.00,0.00,2,1,0,0,0,0,0,0,0,0,0,0,0,0,0,0,0,
09-11-2021,FEE,VESSEL,INVERTER,7,203,11,0,6,0,5,0.00,2.00,0.00,2.50,0,0,0,0,0,0,1,1,0,3,1,0,0,0,0,0,5,
09-11-2021,FETW,AIRCRAFT,TEMPERATURE CONTROL,1,144,2,0,2,0,0,0.00,0.67,0.00,0.00,0,0,0,0,0,0,1,0,1,0,0,0,0,0,0,0,0,
10-11-2021,WuXi,AIRCRAFT,TEMPERATURE CONTROL,1,30,1,1,0,0,0,1.00,0.00,0.00,0.00,0,1,0,0,0,0,0,0,0,0,0,0,0,0,0,0,0,
10-11-2021,FEI,AIRCRAFT,INVERTER,11,355,19,2,6,11,0,2.00,2.00,1.10,0.00,0,1,1,0,0,0,1,0,0,0,2,3,0,0,11,0,0,
11-11-2021,WuXi,AIRCRAFT,TEMPERATURE CONTROL,1,10,2,0,2,0,0,0.00,0.67,0.00,0.00,0,0,0,0,0,0,2,0,0,0,0,0,0,0,0,0,0,
11-11-2021,FEV,COURIER,TEMPERATURE CONTROL,1,5,1,0,1,0,0,0.00,0.33,0.00,0.00,0,0,0,0,0,0,0,0,0,0,0,0,1,0,0,0,0,
11-11-2021,FAP,AIRCRAFT,INVERTER,2,53,2,0,1,1,0,0.00,0.33,0.10,0.00,0,0,0,0,0,0,0,0,0,0,0,1,0,0,1,0,0,
11-11-2021,FAP,VESSEL,INVERTER,18,228,25,4,17,4,0,4.00,5.67,0.40,0.00,0,2,2,0,0,0,5,1,0,1,5,5,0,0,4,0,0,
12-11-2021,FEC,VESSEL,TEMPERATURE CONTROL,9,6723,21,11,10,0,0,11.00,3.33,0.00,0.00,11,0,0,0,0,0,3,0,4,0,0,0,1,2,0,0,0,
12-11-2021,FEA NJ,AIRCRAFT,INVERTER,1,2,2,0,0,2,0,0.00,0.00,0.20,0.00,0,0,0,0,0,0,0,0,0,0,0,0,0,0,2,0,0,
15-11-2021,FEF,AIRCRAFT,TEMPERATURE CONTROL,1,419,5,0,5,0,0,0.00,1.67,0.00,0.00,0,0,0,0,0,0,0,0,4,0,0,0,1,0,0,0,0,
16-11-2021,FEC,VESSEL,TEMPERATURE CONTROL,5,925,12,1,11,0,0,1.00,3.67,0.00,0.00,1,0,0,0,0,0,1,0,6,0,0,0,1,3,0,0,0,
16-11-2021,FEE,AIRCRAFT,INVERTER,12,276,32,10,9,13,0,10.00,3.00,1.30,0.00,0,0,0,1,8,1,4,0,0,2,0,3,0,0,13,0,0,
16-11-2021,FEA NJ,AIRCRAFT,INVERTER,2,17,17,0,0,17,0,0.00,0.00,1.70,0.00,0,0,0,0,0,0,0,0,0,0,0,0,0,0,17,0,0,
16-11-2021,FEA NJ,VESSEL,INVERTER,9,376,23,11,9,3,0,11.00,3.00,0.30,0.00,0,0,0,4,7,0,1,1,0,0,6,1,0,0,3,0,0,
16-11-2021,FEE,VESSEL,INVERTER,19,1249,68,0,8,33,27,0.00,2.67,3.30,13.50,0,0,0,0,0,0,1,0,0,2,4,1,0,0,33,0,27,
17-11-2021,FEID,AIRCRAFT,INVERTER,3,8,3,0,3,0,0,0.00,1.00,0.00,0.00,0,0,0,0,0,0,2,1,0,0,0,0,0,0,0,0,0,
17-11-2021,FEID,VESSEL,INVERTER,5,101,5,0,5,0,0,0.00,1.67,0.00,0.00,0,0,0,0,0,0,2,0,0,1,1,1,0,0,0,0,0,
18-11-2021,FEI,AIRCRAFT,TEMPERATURE CONTROL,7,1368,15,0,15,0,0,0.00,5.00,0.00,0.00,0,0,0,0,0,0,3,0,10,0,0,0,1,1,0,0,0,
18-11-2021,FAP,VESSEL,INVERTER,11,213,21,5,9,7,0,5.00,3.00,0.70,0.00,0,3,2,0,0,0,2,1,0,1,1,4,0,0,7,0,0,
19-11-2021,FET,COURIER,VENDING MACHINE,1,10,10,0,0,10,0,0.00,0.00,1.00,0.00,0,0,0,0,0,0,0,0,0,0,0,0,0,0,0,10,0,
19-11-2021,FEA,COURIER,TEMPERATURE CONTROL,4,281,6,0,6,0,0,0.00,2.00,0.00,0.00,0,0,0,0,0,0,0,0,2,0,0,0,3,1,0,0,0,
19-11-2021,FEE,AIRCRAFT,INVERTER,8,168,61,2,3,56,0,2.00,1.00,5.60,0.00,0,0,0,2,0,0,1,0,0,1,1,0,0,0,56,0,0,
19-11-2021,FEA,AIRCRAFT,TEMPERATURE CONTROL,1,45,1,0,1,0,0,0.00,0.33,0.00,0.00,0,0,0,0,0,0,0,0,0,0,0,0,0,1,0,0,0,
22-11-2021,FEF,AIRCRAFT,TEMPERATURE CONTROL,3,566,6,0,6,0,0,0.00,2.00,0.00,0.00,0,0,0,0,0,0,1,1,2,0,0,0,1,1,0,0,0,
22-11-2021,FEE,VESSEL,INVERTER,21,505,88,0,12,66,10,0.00,4.00,6.60,5.00,0,0,0,0,0,0,4,0,0,1,3,4,0,0,66,0,10,
23-11-2021,FEI,AIRCRAFT,INVERTER,29,792,57,15,14,28,0,15.00,4.67,2.80,0.00,9,6,0,0,0,0,6,2,0,1,2,3,0,0,28,0,0,
23-11-2021,FEI,VESSEL,INVERTER,10,704,22,7,10,5,0,7.00,3.33,0.50,0.00,3,3,1,0,0,0,2,0,0,1,4,3,0,0,5,0,0,
23-11-2021,FEA NJ,AIRCRAFT,INVERTER,1,1,1,0,1,0,0,0.00,0.33,0.00,0.00,0,0,0,0,0,0,1,0,0,0,0,0,0,0,0,0,0,
23-11-2021,FEA NJ,VESSEL,INVERTER,10,876,36,10,4,22,0,10.00,1.33,2.20,0.00,0,0,0,7,3,0,1,2,0,1,0,0,0,0,22,0,0,
24-11-2021,FEI,AIRCRAFT,INVERTER,7,97,17,1,4,12,0,1.00,1.33,1.20,0.00,0,1,0,0,0,0,0,1,0,1,0,2,0,0,12,0,0,
24-11-2021,FEID,AIRCRAFT,INVERTER,6,38,6,0,6,0,0,0.00,2.00,0.00,0.00,0,0,0,0,0,0,0,3,0,2,1,0,0,0,0,0,0,
24-11-2021,FEID,VESSEL,INVERTER,15,417,24,3,15,6,0,3.00,5.00,0.60,0.00,2,1,0,0,0,0,4,3,0,6,1,1,0,0,6,0,0,
24-11-2021,FEA NJ,VESSEL,INVERTER,3,31,4,0,4,0,0,0.00,1.33,0.00,0.00,0,0,0,0,0,0,0,1,0,0,1,2,0,0,0,0,0,
24-11-2021,FEA TWMC,VESSEL,INVERTER,1,10,10,0,0,10,0,0.00,0.00,1.00,0.00,0,0,0,0,0,0,0,0,0,0,0,0,0,0,10,0,0,
24-11-2021,FAP,VESSEL,INVERTER,21,826,39,12,14,13,0,12.00,4.67,1.30,0.00,4,8,0,0,0,0,2,3,0,3,4,2,0,0,13,0,0,
26-11-2021,FEI,AIRCRAFT,INVERTER,1,11,1,0,1,0,0,0.00,0.33,0.00,0.00,0,0,0,0,0,0,0,1,0,0,0,0,0,0,0,0,0,
26-11-2021,FEA,AIRCRAFT,TEMPERATURE CONTROL,4,957,10,0,10,0,0,0.00,3.33,0.00,0.00,0,0,0,0,0,0,1,1,6,0,0,0,2,0,0,0,0,
29-11-2021,FEK,VESSEL,INVERTER,3,10,10,0,1,9,0,0.00,0.33,0.90,0.00,0,0,0,0,0,0,1,0,0,0,0,0,0,0,9,0,0,
29-11-2021,FEF,AIRCRAFT,TEMPERATURE CONTROL,6,148,7,0,7,0,0,0.00,2.33,0.00,0.00,0,0,0,0,0,0,0,0,0,0,0,1,5,1,0,0,0,
29-11-2021,FEK,VESSEL,INVERTER,2,133,18,3,1,14,0,3.00,0.33,1.40,0.00,0,3,0,0,0,0,1,0,0,0,0,0,0,0,14,0,0,
30-11-2021,FAP,AIRCRAFT,INVERTER,2,10,10,0,0,10,0,0.00,0.00,1.00,0.00,0,0,0,0,0,0,0,0,0,0,0,0,0,0,10,0,0,
30-11-2021,FEA NJ,AIRCRAFT,INVERTER,3,10,6,0,1,5,0,0.00,0.33,0.50,0.00,0,0,0,0,0,0,0,0,0,0,0,1,0,0,5,0,0,
30-11-2021,FEA NJ,VESSEL,INVERTER,14,696,115,9,8,98,0,9.00,2.67,9.80,0.00,0,0,0,7,2,0,0,1,0,4,3,0,0,0,98,0,0,
30-11-2021,FEA TWMC,VESSEL,INVERTER,2,9,9,0,1,8,0,0.00,0.33,0.80,0.00,0,0,0,0,0,0,1,0,0,0,0,0,0,0,8,0,0,
30-11-2021,FEE,AIRCRAFT,INVERTER,10,320,34,7,6,21,0,7.00,2.00,2.10,0.00,0,0,0,3,4,0,1,2,0,1,0,2,0,0,21,0,0,
01-12-2021,FEE,VESSEL,INVERTER,17,710,63,0,6,38,19,0.00,2.00,3.80,9.50,0,0,0,0,0,0,1,1,0,0,4,0,0,0,38,0,19,
01-12-2021,FEE,VESSEL,INVERTER,2,77,13,0,1,10,2,0.00,0.33,1.00,1.00,0,0,0,0,0,0,1,0,0,0,0,0,0,0,10,0,2,
01-12-2021,FEI,AIRCRAFT,INVERTER,23,1274,70,11,9,50,0,11.00,3.00,5.00,0.00,6,4,1,0,0,0,2,2,0,0,1,4,0,0,50,0,0,
01-12-2021,FEI,COURIER,INVERTER,6,99,7,2,5,0,0,2.00,1.67,0.00,0.00,0,2,0,0,0,0,4,0,0,0,0,1,0,0,0,0,0,
02-12-2021,FEID,VESSEL,INVERTER,4,5,4,0,4,0,0,0.00,1.33,0.00,0.00,0,0,0,0,0,0,3,0,0,1,0,0,0,0,0,0,0,
02-12-2021,FAP,VESSEL,INVERTER,33,716,45,6,32,7,0,6.00,10.67,0.70,0.00,2,4,0,0,0,0,6,2,0,4,12,8,0,0,7,0,0,
03-12-2021,FAP,AIRCRAFT,TEMPERATURE CONTROL,1,200,2,0,2,0,0,0.00,0.67,0.00,0.00,0,0,0,0,0,0,1,0,0,0,0,0,1,0,0,0,0,
03-12-2021,FEI,AIRCRAFT,TEMPERATURE CONTROL,4,494,5,0,5,0,0,0.00,1.67,0.00,0.00,0,0,0,0,0,0,1,3,0,0,0,0,0,1,0,0,0,
07-12-2021,FEA NJ,VESSEL,INVERTER,16,365,89,8,9,72,0,8.00,3.00,7.20,0.00,0,0,0,2,6,0,1,2,0,0,0,6,0,0,72,0,0,
07-12-2021,FEA NJ,AIRCRAFT,INVERTER,1,26,3,2,1,0,0,2.00,0.33,0.00,0.00,0,0,0,0,2,0,0,1,0,0,0,0,0,0,0,0,0,
07-12-2021,FEA TWMC,VESSEL,INVERTER,5,38,26,0,3,23,0,0.00,1.00,2.30,0.00,0,0,0,0,0,0,0,1,0,0,0,2,0,0,23,0,0,
07-12-2021,FEID,AIRCRAFT,INVERTER,13,99,15,2,11,2,0,2.00,3.67,0.20,0.00,0,2,0,0,0,0,3,4,0,2,1,1,0,0,2,0,0,
07-12-2021,FEID,VESSEL,INVERTER,15,89,15,0,15,0,0,0.00,5.00,0.00,0.00,0,0,0,0,0,0,13,1,0,1,0,0,0,0,0,0,0,
07-12-2021,FEF,AIRCRAFT,TEMPERATURE CONTROL,3,161,3,0,3,0,0,0.00,1.00,0.00,0.00,0,0,0,0,0,0,1,0,0,0,0,0,1,1,0,0,0,
07-12-2021,FEE,AIRCRAFT,INVERTER,7,204,12,4,8,0,0,4.00,2.67,0.00,0.00,0,0,0,3,1,0,1,1,0,4,1,1,0,0,0,0,0,
08-12-2021,FEE,VESSEL,INVERTER,11,466,20,0,5,4,11,0.00,1.67,0.40,5.50,0,0,0,0,0,0,0,0,0,2,2,1,0,0,4,0,11,
08-12-2021,FEI,VESSEL,INVERTER,3,59,4,1,3,0,0,1.00,1.00,0.00,0.00,0,1,0,0,0,0,1,1,0,0,0,1,0,0,0,0,0,
08-12-2021,FEI,AIRCRAFT,INVERTER,21,457,75,15,10,50,0,15.00,3.33,5.00,0.00,12,3,0,0,0,0,4,1,0,0,5,0,0,0,50,0,0,
08-12-2021,FEE,VESSEL,INVERTER,4,42,18,0,3,15,0,0.00,1.00,1.50,0.00,0,0,0,0,0,0,0,1,0,1,0,1,0,0,15,0,0,
08-12-2021,FAP,VESSEL,INVERTER,22,529,25,6,13,6,0,6.00,4.33,0.60,0.00,4,2,0,0,0,0,5,2,0,3,1,2,0,0,6,0,0,
08-12-2021,FAP,AIRCRAFT,INVERTER,2,137,4,2,2,0,0,2.00,0.67,0.00,0.00,1,1,0,0,0,0,0,0,0,1,0,1,0,0,0,0,0,
13-12-2021,FEE,VESSEL,INVERTER,11,228,37,0,1,24,12,0.00,0.33,2.40,6.00,0,0,0,0,0,0,1,0,0,0,0,0,0,0,24,0,12,
13-12-2021,WuXi,AIRCRAFT,TEMPERATURE CONTROL,3,21,5,0,5,0,0,0.00,1.67,0.00,0.00,0,0,0,0,0,0,5,0,0,0,0,0,0,0,0,0,0,
13-12-2021,FEF,AIRCRAFT,TEMPERATURE CONTROL,2,4,2,0,2,0,0,0.00,0.67,0.00,0.00,0,0,0,0,0,0,0,0,0,0,0,0,0,2,0,0,0,
13-12-2021,FEC,VESSEL,TEMPERATURE CONTROL,10,4183,25,4,21,0,0,4.00,7.00,0.00,0.00,4,0,0,0,0,0,4,0,12,0,0,0,4,1,0,0,0,
14-12-2021,WuXi,AIRCRAFT,TEMPERATURE CONTROL,1,2,1,0,1,0,0,0.00,0.33,0.00,0.00,0,0,0,0,0,0,1,0,0,0,0,0,0,0,0,0,0,
14-12-2021,FEA NJ,AIRCRAFT,INVERTER,1,8,1,0,1,0,0,0.00,0.33,0.00,0.00,0,0,0,0,0,0,0,0,0,1,0,0,0,0,0,0,0,
14-12-2021,FEA NJ,VESSEL,INVERTER,14,3515,75,40,8,27,0,40.00,2.67,2.70,0.00,0,0,0,37,3,0,0,2,0,0,3,3,0,0,27,0,0,
14-12-2021,FEE,VESSEL,INVERTER,33,6229,175,0,5,62,108,0.00,1.67,6.20,54.00,0,0,0,0,0,0,1,0,0,0,3,1,0,0,62,0,108,Sticker = 50
17-12-2021,FEI,AIRCRAFT,INVERTER,4,33,4,1,2,1,0,1.00,0.67,0.10,0.00,0,0,1,0,0,0,2,0,0,0,0,0,0,0,1,0,0,
17-12-2021,FEI,VESSEL,INVERTER,1,58,1,0,1,0,0,0.00,0.33,0.00,0.00,0,0,0,0,0,0,0,0,0,0,0,1,0,0,0,0,0,
17-12-2021,FAP,VESSEL,INVERTER,14,460,20,8,12,0,0,8.00,4.00,0.00,0.00,6,2,0,0,0,0,4,3,0,2,1,2,0,0,0,0,0,
17-12-2021,FEI,AIRCRAFT,INVERTER,16,582,23,9,14,0,0,9.00,4.67,0.00,0.00,3,6,0,0,0,0,8,2,0,1,1,2,0,0,0,0,0,
17-12-2021,FEI,VESSEL,INVERTER,3,357,12,9,3,0,0,9.00,1.00,0.00,0.00,8,1,0,0,0,0,1,0,0,1,0,1,0,0,0,0,0,
20-12-2021,FEK,VESSEL,INVERTER,2,3,3,0,0,3,0,0.00,0.00,0.30,0.00,0,0,0,0,0,0,0,0,0,0,0,0,0,0,3,0,0,
20-12-2021,FEF,AIRCRAFT,TEMPERATURE CONTROL,6,306,9,0,9,0,0,0.00,3.00,0.00,0.00,0,0,0,0,0,0,0,2,1,1,4,0,0,1,0,0,0,
21-12-2021,FEA NJ,AIRCRAFT,INVERTER,1,10,10,0,0,10,0,0.00,0.00,1.00,0.00,0,0,0,0,0,0,0,0,0,0,0,0,0,0,10,0,0,
21-12-2021,FEA TWMC,AIRCRAFT,INVERTER,1,8,3,0,1,2,0,0.00,0.33,0.20,0.00,0,0,0,0,0,0,0,0,0,0,1,0,0,0,2,0,0,
21-12-2021,FEA NJ,VESSEL,INVERTER,13,433,43,11,8,24,0,11.00,2.67,2.40,0.00,0,0,0,2,9,0,4,0,0,2,2,0,0,0,24,0,0,
21-12-2021,FEA TWMC,VESSEL,INVERTER,1,2,1,0,1,0,0,0.00,0.33,0.00,0.00,0,0,0,0,0,0,0,1,0,0,0,0,0,0,0,0,0,
22-12-2021,FEID,AIRCRAFT,INVERTER,6,21,6,0,6,0,0,0.00,2.00,0.00,0.00,0,0,0,0,0,0,6,0,0,0,0,0,0,0,0,0,0,
22-12-2021,FAP,VESSEL,INVERTER,8,227,8,0,8,0,0,0.00,2.67,0.00,0.00,0,0,0,0,0,0,3,1,0,2,1,1,0,0,0,0,0,
22-12-2021,FAP,VESSEL,INVERTER,2,48,16,1,1,14,0,1.00,0.33,1.40,0.00,1,0,0,0,0,0,0,0,0,0,0,1,0,0,14,0,0,
22-12-2021,FEID,VESSEL,INVERTER,14,190,14,0,14,0,0,0.00,4.67,0.00,0.00,0,0,0,0,0,0,8,1,0,3,2,0,0,0,0,0,0,
23-12-2021,FETW,AIRCRAFT,TEMPERATURE CONTROL,4,168,4,0,4,0,0,0.00,1.33,0.00,0.00,0,0,0,0,0,0,3,0,0,0,0,0,0,1,0,0,0,
23-12-2021,FAP,VESSEL,INVERTER,2,145,4,3,1,0,0,3.00,0.33,0.00,0.00,0,3,0,0,0,0,0,0,0,0,0,1,0,0,0,0,0,
23-12-2021,FEE,AIRCRAFT,INVERTER,16,786,31,10,21,0,0,10.00,7.00,0.00,0.00,0,0,0,6,4,0,4,4,0,3,0,10,0,0,0,0,0,
24-12-2021,FEE,VESSEL,INVERTER,16,1067,45,0,6,14,25,0.00,2.00,1.40,12.50,0,0,0,0,0,0,1,0,0,1,1,3,0,0,14,0,25,STICKER = 50
27-12-2021,FEE,VESSEL,INVERTER,7,546,17,0,3,3,11,0.00,1.00,0.30,5.50,0,0,0,0,0,0,0,0,0,0,0,3,0,0,3,0,11,
27-12-2021,FEA,VESSEL,TEMPERATURE CONTROL,1,290,2,0,2,0,0,0.00,0.67,0.00,0.00,0,0,0,0,0,0,1,0,1,0,0,0,0,0,0,0,0,
27-12-2021,FEA,AIRCRAFT,TEMPERATURE CONTROL,4,278,5,0,5,0,0,0.00,1.67,0.00,0.00,0,0,0,0,0,0,0,0,2,0,0,0,0,3,0,0,0,
27-12-2021,FEI,AIRCRAFT,INVERTER,20,334,40,8,13,19,0,8.00,4.33,1.90,0.00,6,2,0,0,0,0,7,0,0,2,2,2,0,0,19,0,0,
27-12-2021,FEI,VESSEL,INVERTER,12,1298,20,9,11,0,0,9.00,3.67,0.00,0.00,8,1,0,0,0,0,2,1,0,3,1,4,0,0,0,0,0,
27-12-2021,FEI,AIRCRAFT,TEMPERATURE CONTROL,5,233,6,0,6,0,0,0.00,2.00,0.00,0.00,0,0,0,0,0,0,2,0,1,0,0,0,3,0,0,0,0,
28-12-2021,FAP,VESSEL,INVERTER,1,1,1,0,0,1,0,0.00,0.00,0.10,0.00,0,0,0,0,0,0,0,0,0,0,0,0,0,0,1,0,0,
28-12-2021,FEA NJ,AIRCRAFT,INVERTER,2,38,13,2,1,10,0,2.00,0.33,1.00,0.00,0,0,0,0,2,0,0,0,0,1,0,0,0,0,10,0,0,
28-12-2021,FEA NJ,VESSEL,INVERTER,12,504,96,20,7,69,0,20.00,2.33,6.90,0.00,0,0,0,3,17,0,1,0,0,3,1,2,0,0,69,0,0,
29-12-2021,FEA NJ,AIRCRAFT,INVERTER,4,26,13,0,3,10,0,0.00,1.00,1.00,0.00,0,0,0,0,0,0,1,1,0,0,0,1,0,0,10,0,0,
01-02-2022,FEF,AIRCRAFT,TEMPERATURE CONTROL,1,7,2,0,2,0,0,0.00,0.37,0.00,0.00,0,0,0,0,0,0,1,0,0,0,0,0,0,1,0,0,0,
01-02-2022,FET,COURIER,VENDING MACHINE,1,9,9,0,0,9,0,0.00,0.00,9.00,0.00,0,0,0,0,0,0,0,0,0,0,0,0,0,0,0,9,0,
01-02-2022,FEF,AIRCRAFT,TEMPERATURE CONTROL,7,988,11,0,11,0,0,0.00,2.77,0.00,0.00,0,0,0,0,0,0,4,0,4,0,0,0,1,2,0,0,0,
01-02-2022,FEA NJ,AIRCRAFT,INVERTER,4,153,25,6,0,19,0,6.00,0.00,1.90,0.00,0,0,0,5,1,0,0,0,0,0,0,0,0,0,19,0,0,
01-02-2022,FEA NJ,VESSEL,INVERTER,7,218,16,9,7,0,0,9.00,2.33,0.00,0.00,0,0,0,2,7,0,1,3,0,1,0,2,0,0,0,0,0,
01-02-2023,FEE,AIRCRAFT,INVERTER,20,697,49,17,19,13,0,17.00,6.33,1.30,0.00,0,0,0,7,10,0,4,1,0,5,3,6,0,0,13,0,0,
01-03-2022,FEC,VESSEL,TEMPERATURE CONTROL,1,450,4,0,4,0,0,0.00,1.33,0.00,0.00,0,0,0,0,0,0,1,0,3,0,0,0,0,0,0,0,0,
01-03-2022,FEC,VESSEL,TEMPERATURE CONTROL,1,11,1,0,1,0,0,0.00,0.03,0.00,0.00,0,0,0,0,0,0,0,0,0,0,0,0,0,1,0,0,0,
01-03-2022,FEC,AIRCRAFT,TEMPERATURE CONTROL,2,749,9,1,8,0,0,1.00,2.67,0.00,0.00,1,0,0,0,0,0,0,0,8,0,0,0,0,0,0,0,0,
01-03-2022,FEA NJ,VESSEL,INVERTER,9,464,58,9,5,44,0,9.00,1.67,4.40,0.00,0,0,0,7,2,0,1,2,0,0,0,2,0,0,44,0,0,
01-03-2022,FEA,COURIER,TEMPERATURE CONTROL,6,1144,11,0,11,0,0,0.00,2.77,0.00,0.00,0,0,0,0,0,0,2,2,4,0,0,0,1,2,0,0,0,
01-03-2022,FEA NJ,AIRCRAFT,INVERTER,4,55,4,0,4,0,0,0.00,1.33,0.00,0.00,0,0,0,0,0,0,3,0,0,0,1,0,0,0,0,0,0,
01-03-2022,FEA,AIRCRAFT,TEMPERATURE CONTROL,2,66,2,0,2,0,0,0.00,0.37,0.00,0.00,0,0,0,0,0,0,1,0,0,0,0,0,1,0,0,0,0,
01-03-2022,FEA,VESSEL,TEMPERATURE CONTROL,4,622,5,0,5,0,0,0.00,1.37,0.00,0.00,0,0,0,0,0,0,1,2,1,0,0,0,0,1,0,0,0,
01-03-2022,FEC,AIRCRAFT,TEMPERATURE CONTROL,1,275,4,0,4,0,0,0.00,1.03,0.00,0.00,0,0,0,0,0,0,0,0,3,0,0,0,0,1,0,0,0,
01-03-2022,FEC,VESSEL,TEMPERATURE CONTROL,1,1150,2,2,0,0,0,2.00,0.00,0.00,0.00,2,0,0,0,0,0,0,0,0,0,0,0,0,0,0,0,0,
01-03-2023,FAP,VESSEL,INVERTER,4,122,7,3,4,0,0,3.00,1.33,0.00,0.00,2,1,0,0,0,0,1,0,0,0,0,3,0,0,0,0,0,
01-03-2023,FEI,VESSEL,TEMPERATURE CONTROL,14,1197,22,1,21,0,0,1.00,2.20,0.00,0.00,1,0,0,0,0,0,2,0,3,0,0,0,8,8,0,0,0,
01-03-2024,FAP,VESSEL,INVERTER,5,24,10,0,5,5,0,0.00,1.67,0.50,0.00,0,0,0,0,0,0,1,0,0,0,3,1,0,0,5,0,0,
01-03-2024,FEE,AIRCRAFT,INVERTER,1,15,1,1,0,0,0,1.00,0.00,0.00,0.00,0,0,0,1,0,0,0,0,0,0,0,0,0,0,0,0,0,
01-04-2022,FAP,AIRCRAFT,TEMPERATURE CONTROL,1,3,1,0,1,0,0,0.00,0.03,0.00,0.00,0,0,0,0,0,0,0,0,0,0,0,0,1,0,0,0,0,
01-04-2022,FEC,VESSEL,TEMPERATURE CONTROL,6,409,9,0,9,0,0,0.00,2.10,0.00,0.00,0,0,0,0,0,0,4,0,2,0,0,0,2,1,0,0,0,
01-04-2023,FEE,AIRCRAFT,INVERTER,28,1363,58,0,15,19,24,0.00,5.00,1.90,12.00,0,0,0,0,0,0,3,3,0,4,1,4,0,0,19,0,24,
01-06-2022,FEA,COURIER,TEMPERATURE CONTROL,8,205,10,0,10,0,0,0.00,0.93,0.00,0.00,0,0,0,0,0,0,2,0,0,0,0,0,5,3,0,0,0,
01-06-2022,FEA,VESSEL,TEMPERATURE CONTROL,1,50,1,0,1,0,0,0.00,0.03,0.00,0.00,0,0,0,0,0,0,0,0,0,0,0,0,0,1,0,0,0,
01-06-2022,FAP,VESSEL,INVERTER,24,499,37,5,24,8,0,5.00,8.00,0.80,0.00,3,2,0,0,0,0,8,1,0,4,4,7,0,0,8,0,0,
01-06-2022,FEI,VESSEL,TEMPERATURE CONTROL,1,10,3,0,3,0,0,0.00,0.10,0.00,0.00,0,0,0,0,0,0,0,0,0,0,0,0,3,0,0,0,0,
01-06-2022,FEI,AIRCRAFT,TEMPERATURE CONTROL,13,314,19,0,19,0,0,0.00,2.43,0.00,0.00,0,0,0,0,0,0,5,0,1,0,0,0,10,3,0,0,0,
01-06-2023,FAP,VESSEL,INVERTER,27,295,43,2,16,25,0,2.00,5.33,2.50,0.00,0,1,1,0,0,0,8,5,0,2,1,0,0,0,25,0,0,
01-07-2024,FEI,AIRCRAFT,TEMPERATURE CONTROL,3,695,9,0,9,0,0,0.00,2.10,0.00,0.00,0,0,0,0,0,0,1,0,5,0,0,0,3,0,0,0,0,
01-07-2024,FETW,VESSEL,INVERTER,8,470,65,6,4,55,0,6.00,1.33,5.50,0.00,3,3,0,0,0,0,1,1,0,1,0,1,0,0,55,0,0,
01-07-2024,FEF,AIRCRAFT,TEMPERATURE CONTROL,1,2,1,0,1,0,0,0.00,0.03,0.00,0.00,0,0,0,0,0,0,0,0,0,0,0,0,1,0,0,0,0,
01-07-2024,FEA NJ,VESSEL,INVERTER,5,424,23,5,4,14,0,5.00,1.33,1.40,0.00,0,0,0,2,3,0,0,0,0,0,1,3,0,0,14,0,0,
01-08-2022,FEI,AIRCRAFT,TEMPERATURE CONTROL,2,84,3,0,3,0,0,0.00,0.10,0.00,0.00,0,0,0,0,0,0,0,0,0,0,0,0,1,2,0,0,0,
01-08-2022,FEF,AIRCRAFT,TEMPERATURE CONTROL,9,345,9,0,9,0,0,0.00,1.80,0.00,0.00,0,0,0,0,0,0,1,0,2,1,1,0,3,1,0,0,0,
01-08-2022,FEI,VESSEL,TEMPERATURE CONTROL,2,393,5,0,5,0,0,0.00,1.07,0.00,0.00,0,0,0,0,0,0,0,0,3,0,0,0,1,1,0,0,0,
01-08-2024,FEE,VESSEL,INVERTER,8,2918,40,36,4,0,0,36.00,1.33,0.00,0.00,0,0,0,30,6,0,1,0,0,1,1,1,0,0,0,0,0,
01-08-2025,FAP,VESSEL,INVERTER,15,777,41,22,10,9,0,22.00,3.33,0.90,0.00,18,3,1,0,0,0,6,1,0,0,1,2,0,0,9,0,0,
01-08-2025,FAP,COURIER,INVERTER,1,1,1,0,1,0,0,0.00,0.33,0.00,0.00,0,0,0,0,0,0,1,0,0,0,0,0,0,0,0,0,0,
01-09-2023,FEI,VESSEL,INVERTER,1,1,1,0,1,0,0,0.00,0.33,0.00,0.00,0,0,0,0,0,0,0,1,0,0,0,0,0,0,0,0,0,
01-09-2023,FEE,AIRCRAFT,INVERTER,1,3,1,0,1,0,0,0.00,0.33,0.00,0.00,0,0,0,0,0,0,0,0,0,1,0,0,0,0,0,0,0,
01-09-2025,FEE,AIRCRAFT,INVERTER,3,159,8,5,2,1,0,5.00,0.67,0.10,0.00,0,0,0,4,1,0,1,0,0,1,0,0,0,0,1,0,0,
01-09-2025,FEI,VESSEL,INVERTER,10,1867,69,21,5,43,0,21.00,1.67,4.30,0.00,16,5,0,0,0,0,2,0,0,0,1,2,0,0,43,0,0,
01-10-2024,FEK,VESSEL,INVERTER,2,12,3,0,2,1,0,0.00,0.67,0.10,0.00,0,0,0,0,0,0,0,1,0,0,0,1,0,0,1,0,0,
01-10-2024,FEK,VESSEL,TEMPERATURE CONTROL,1,250,3,0,3,0,0,0.00,0.70,0.00,0.00,0,0,0,0,0,0,0,0,2,0,0,0,1,0,0,0,0,
01-10-2025,FEK,AIRCRAFT,INVERTER,1,4,1,0,1,0,0,0.00,0.33,0.00,0.00,0,0,0,0,0,0,0,1,0,0,0,0,0,0,0,0,0,
01-10-2025,FEID,VESSEL,INVERTER,7,28,7,0,6,1,0,0.00,2.00,0.10,0.00,0,0,0,0,0,0,1,2,0,2,1,0,0,0,1,0,0,
01-10-2025,FEA NJ,VESSEL,INVERTER,1,610,15,7,0,8,0,7.00,0.00,0.80,0.00,0,0,0,7,0,0,0,0,0,0,0,0,0,0,8,0,0,
01-10-2025,FEI,AIRCRAFT,INVERTER,1,7,7,0,0,7,0,0.00,0.00,0.70,0.00,0,0,0,0,0,0,0,0,0,0,0,0,0,0,7,0,0,
01-11-2022,FEID,VESSEL,INVERTER,15,162,16,0,14,2,0,0.00,4.67,0.20,0.00,0,0,0,0,0,0,9,3,0,1,0,1,0,0,2,0,0,
01-11-2022,FEE,VESSEL,INVERTER,3,207,3,0,1,1,1,0.00,0.33,0.10,0.50,0,0,0,0,0,0,0,0,0,0,1,0,0,0,1,0,1,
01-11-2023,FEI,VESSEL,INVERTER,38,2126,80,41,20,19,0,41.00,6.67,1.90,0.00,15,26,0,0,0,0,5,3,0,2,7,3,0,0,19,0,0,
01-11-2023,FEA,AIRCRAFT,TEMPERATURE CONTROL,1,4,1,0,1,0,0,0.00,0.03,0.00,0.00,0,0,0,0,0,0,0,0,0,0,0,0,1,0,0,0,0,
01-12-2022,FAP,VESSEL,INVERTER,39,492,165,7,18,140,0,7.00,6.00,14.00,0.00,2,5,0,0,0,0,4,2,0,4,4,4,0,0,140,0,0,
01-12-2025,FETW,VESSEL,INVERTER,5,94,8,1,4,3,0,1.00,1.33,0.30,0.00,1,0,0,0,0,0,1,2,0,0,0,1,0,0,3,0,0,
01-12-2025,FEE,VESSEL,INVERTER,3,1531,84,0,1,59,24,0.00,0.33,5.90,12.00,0,0,0,0,0,0,1,0,0,0,0,0,0,0,59,0,24,
02-02-2022,FEE,VESSEL,INVERTER,2,35,35,0,0,35,0,0.00,0.00,3.50,0.00,0,0,0,0,0,0,0,0,0,0,0,0,0,0,35,0,0,
02-02-2022,FEE,VESSEL,INVERTER,9,113,55,1,5,49,0,1.00,1.67,4.90,0.00,0,0,0,0,0,1,2,1,0,1,0,1,0,0,49,0,0,
02-02-2022,FEI,AIRCRAFT,TEMPERATURE CONTROL,11,1483,19,0,19,0,0,0.00,3.63,0.00,0.00,0,0,0,0,0,0,1,0,9,0,0,0,6,3,0,0,0,
02-02-2022,FEID,AIRCRAFT,INVERTER,3,9,3,0,3,0,0,0.00,1.00,0.00,0.00,0,0,0,0,0,0,3,0,0,0,0,0,0,0,0,0,0,
02-02-2023,FEE,VESSEL,INVERTER,2,34,2,0,2,0,0,0.00,0.37,0.00,0.00,0,0,0,0,0,0,0,0,0,1,0,0,1,0,0,0,0,
02-02-2023,FAP,VESSEL,INVERTER,29,516,62,5,15,42,0,5.00,5.00,4.20,0.00,1,4,0,0,0,0,2,0,0,1,4,8,0,0,42,0,0,
02-02-2023,FEE,VESSEL,INVERTER,17,462,25,8,17,0,0,8.00,5.67,0.00,0.00,0,0,0,1,5,2,5,0,0,5,3,4,0,0,0,0,0,
02-02-2023,FAP,COURIER,TEMPERATURE CONTROL,1,50,2,0,2,0,0,0.00,0.37,0.00,0.00,0,0,0,0,0,0,0,0,1,0,0,0,1,0,0,0,0,
02-02-2024,FAP,COURIER,INVERTER,1,1,1,0,0,1,0,0.00,0.00,0.10,0.00,0,0,0,0,0,0,0,0,0,0,0,0,0,0,1,0,0,
02-02-2024,FEI,VESSEL,INVERTER,8,4120,32,30,2,0,0,30.00,0.67,0.00,0.00,16,14,0,0,0,0,1,0,0,0,0,1,0,0,0,0,0,
02-02-2024,FEI,VESSEL,TEMPERATURE CONTROL,1,3,1,0,1,0,0,0.00,0.03,0.00,0.00,0,0,0,0,0,0,0,0,0,0,0,0,1,0,0,0,0,
02-02-2024,FAP,VESSEL,INVERTER,31,293,59,3,19,37,0,3.00,6.33,3.70,0.00,1,2,0,0,0,0,2,0,0,6,5,6,0,0,37,0,0,
02-02-2024,FEE,AIRCRAFT,INVERTER,1,1,1,0,1,0,0,0.00,0.33,0.00,0.00,0,0,0,0,0,0,1,0,0,0,0,0,0,0,0,0,0,
02-03-2022,FEID,AIRCRAFT,INVERTER,13,72,17,0,10,7,0,0.00,3.33,0.70,0.00,0,0,0,0,0,0,2,2,0,5,1,0,0,0,7,0,0,
02-03-2022,FEC,AIRCRAFT,TEMPERATURE CONTROL,1,839,5,1,4,0,0,1.00,0.73,0.00,0.00,1,0,0,0,0,0,0,0,2,0,0,0,1,1,0,0,0,
02-03-2022,FEI,VESSEL,TEMPERATURE CONTROL,1,270,2,0,2,0,0,0.00,0.67,0.00,0.00,0,0,0,0,0,0,0,1,1,0,0,0,0,0,0,0,0,
02-03-2022,FEI,AIRCRAFT,TEMPERATURE CONTROL,14,1214,23,0,23,0,0,0.00,3.77,0.00,0.00,0,0,0,0,0,0,2,2,6,0,0,0,11,2,0,0,0,
02-03-2023,FAP,VESSEL,INVERTER,8,42,42,0,1,41,0,0.00,0.33,4.10,0.00,0,0,0,0,0,0,0,1,0,0,0,0,0,0,41,0,0,
02-03-2023,FAP,VESSEL,INVERTER,22,466,29,3,15,11,0,3.00,5.00,1.10,0.00,1,2,0,0,0,0,6,2,0,1,1,5,0,0,11,0,0,
02-04-2024,FEA,VESSEL,TEMPERATURE CONTROL,8,472,10,0,10,0,0,0.00,1.23,0.00,0.00,0,0,0,0,0,0,0,0,3,0,0,0,6,1,0,0,0,
02-04-2024,FEI,VESSEL,TEMPERATURE CONTROL,5,196,5,0,5,0,0,0.00,0.17,0.00,0.00,0,0,0,0,0,0,0,0,0,0,0,0,3,2,0,0,0,
02-04-2024,FEF,AIRCRAFT,TEMPERATURE CONTROL,8,47,8,0,8,0,0,0.00,0.27,0.00,0.00,0,0,0,0,0,0,0,0,0,0,0,0,8,0,0,0,0,
02-05-2023,FEI,VESSEL,TEMPERATURE CONTROL,2,100,4,0,4,0,0,0.00,0.13,0.00,0.00,0,0,0,0,0,0,0,0,0,0,0,0,2,2,0,0,0,
02-05-2023,FEI,VESSEL,INVERTER,10,295,12,2,10,0,0,2.00,3.33,0.00,0.00,1,1,0,0,0,0,4,2,0,0,2,2,0,0,0,0,0,
02-05-2023,FEI,VESSEL,INVERTER,17,639,68,4,7,57,0,4.00,2.33,5.70,0.00,2,2,0,0,0,0,0,3,0,1,1,2,0,0,57,0,0,
02-06-2025,FEE,AIRCRAFT,INVERTER,9,533,12,4,8,0,0,4.00,2.67,0.00,0.00,0,0,0,4,0,0,2,2,0,0,1,3,0,0,0,0,0,
02-07-2024,FEE,AIRCRAFT,INVERTER,4,271,5,1,4,0,0,1.00,1.33,0.00,0.00,0,0,0,1,0,0,0,0,0,0,3,1,0,0,0,0,0,
02-07-2024,FEE,VESSEL,INVERTER,26,956,104,0,14,70,20,0.00,4.67,7.00,10.00,0,0,0,0,0,0,1,3,0,4,1,5,0,0,70,0,20,
02-07-2024,FEA NJ,VESSEL,INVERTER,1,4,4,0,0,4,0,0.00,0.00,0.40,0.00,0,0,0,0,0,0,0,0,0,0,0,0,0,0,4,0,0,
02-07-2025,FETW,VESSEL,INVERTER,14,501,25,3,11,11,0,3.00,3.67,1.10,0.00,2,1,0,0,0,0,3,3,0,1,1,3,0,0,11,0,0,
02-07-2025,FEID,VESSEL,INVERTER,14,169,15,1,13,1,0,1.00,4.33,0.10,0.00,0,1,0,0,0,0,7,1,0,1,2,2,0,0,1,0,0,
02-08-2022,FEI,AIRCRAFT,INVERTER,1,4,4,0,0,4,0,0.00,0.00,0.40,0.00,0,0,0,0,0,0,0,0,0,0,0,0,0,0,4,0,0,
02-08-2022,FETW,VESSEL,TEMPERATURE CONTROL,1,11,1,0,1,0,0,0.00,0.03,0.00,0.00,0,0,0,0,0,0,0,0,0,0,0,0,1,0,0,0,0,
02-08-2022,FETW,AIRCRAFT,TEMPERATURE CONTROL,6,92,8,0,8,0,0,0.00,0.27,0.00,0.00,0,0,0,0,0,0,0,0,0,0,0,0,6,2,0,0,0,
02-08-2022,FEE,VESSEL,INVERTER,49,6319,253,0,25,137,91,0.00,8.33,13.70,45.50,0,0,0,0,0,0,8,2,0,1,5,9,0,0,137,0,91,
02-08-2022,FEA NJ,VESSEL,INVERTER,5,19,6,0,3,3,0,0.00,1.00,0.30,0.00,0,0,0,0,0,0,3,0,0,0,0,0,0,0,3,0,0,
02-08-2022,FEA NJ,AIRCRAFT,INVERTER,1,30,3,2,1,0,0,2.00,0.33,0.00,0.00,0,0,0,2,0,0,0,0,0,0,0,1,0,0,0,0,0,
02-08-2023,FEID,VESSEL,INVERTER,16,74,18,0,12,6,0,0.00,4.00,0.60,0.00,0,0,0,0,0,0,8,2,0,2,0,0,0,0,6,0,0,
02-08-2023,FEA NJ,VESSEL,INVERTER,23,1197,97,26,18,53,0,26.00,6.00,5.30,0.00,0,0,0,15,10,1,2,3,0,2,2,9,0,0,53,0,0,
02-08-2023,FEA,COURIER,TEMPERATURE CONTROL,6,561,9,0,9,0,0,0.00,1.50,0.00,0.00,0,0,0,0,0,0,0,0,4,0,0,0,3,2,0,0,0,
02-08-2023,FEA NJ AID,VESSEL,INVERTER,2,17,17,0,0,17,0,0.00,0.00,1.70,0.00,0,0,0,0,0,0,0,0,0,0,0,0,0,0,17,0,0,
02-08-2024,FEE,VESSEL,INVERTER,34,1728,255,56,24,156,19,56.00,8.00,15.60,9.50,0,0,0,49,7,0,8,1,0,2,1,12,0,0,156,0,19,
02-08-2024,FEI,VESSEL,INVERTER,22,4552,96,34,14,48,0,34.00,4.67,4.80,0.00,30,3,1,0,0,0,5,2,0,1,3,3,0,0,48,0,0,
02-09-2022,FAP,VESSEL,INVERTER,29,960,50,7,23,20,0,7.00,7.67,2.00,0.00,2,3,2,0,0,0,4,5,0,6,2,6,0,0,20,0,0,
02-09-2022,FEE,AIRCRAFT,INVERTER,14,368,37,15,22,0,0,15.00,7.33,0.00,0.00,0,0,0,2,13,0,1,0,0,0,6,15,0,0,0,0,0,
02-09-2022,FAP,VESSEL,INVERTER,1,15,15,0,0,15,0,0.00,0.00,1.50,0.00,0,0,0,0,0,0,0,0,0,0,0,0,0,0,15,0,0,
02-09-2023,FEE,VESSEL,INVERTER,143,11147,935,252,98,343,242,252.00,32.67,34.30,121.00,0,0,0,183,66,3,18,7,0,11,21,41,0,0,343,0,242,
02-09-2024,FEA NJ,VESSEL,INVERTER,6,316,14,10,4,0,0,10.00,1.33,0.00,0.00,0,0,0,9,1,0,3,0,0,0,0,1,0,0,0,0,0,
02-09-2024,FEA NJ,AIRCRAFT,INVERTER,4,80,4,1,3,0,0,1.00,1.00,0.00,0.00,0,0,0,0,0,1,0,0,0,3,0,0,0,0,0,0,0,
02-09-2024,FEE,VESSEL,INVERTER,1,1710,112,22,1,89,0,22.00,0.33,8.90,0.00,0,0,0,16,6,0,0,0,0,0,1,0,0,0,89,0,0,
02-09-2025,FEI,VESSEL,INVERTER,1,30,1,0,1,0,0,0.00,0.33,0.00,0.00,0,0,0,0,0,0,0,0,0,1,0,0,0,0,0,0,0,
02-09-2025,FETW,VESSEL,INVERTER,10,308,15,4,8,3,0,4.00,2.67,0.30,0.00,0,4,0,0,0,0,3,1,0,2,1,1,0,0,3,0,0,
02-09-2025,FEI,VESSEL,INVERTER,1,25,4,1,1,2,0,1.00,0.33,0.20,0.00,0,1,0,0,0,0,0,0,0,0,0,1,0,0,2,0,0,
02-09-2025,FEE,VESSEL,INVERTER,4,1485,57,0,3,25,29,0.00,1.00,2.50,14.50,0,0,0,0,0,0,0,1,0,1,1,0,0,0,25,0,29,
02-10-2023,FEF,AIRCRAFT,TEMPERATURE CONTROL,2,18,2,0,2,0,0,0.00,0.07,0.00,0.00,0,0,0,0,0,0,0,0,0,0,0,0,2,0,0,0,0,
02-10-2024,FEA TWMC,VESSEL,INVERTER,1,5,5,0,0,5,0,0.00,0.00,0.50,0.00,0,0,0,0,0,0,0,0,0,0,0,0,0,0,5,0,0,
02-10-2024,FEID,VESSEL,INVERTER,10,199,12,0,10,2,0,0.00,3.33,0.20,0.00,0,0,0,0,0,0,5,2,0,2,0,1,0,0,2,0,0,
02-10-2024,FEI,VESSEL,INVERTER,14,435,39,7,9,23,0,7.00,3.00,2.30,0.00,2,5,0,0,0,0,3,0,0,1,4,1,0,0,23,0,0,
02-10-2025,FEI,VESSEL,INVERTER,7,2198,84,30,4,50,0,30.00,1.33,5.00,0.00,27,3,0,0,0,0,0,0,0,0,2,2,0,0,50,0,0,
02-10-2025,FEE,AIRCRAFT,INVERTER,1,3,1,0,1,0,0,0.00,0.33,0.00,0.00,0,0,0,0,0,0,0,0,0,1,0,0,0,0,0,0,0,
02-11-2022,FEA NJ,VESSEL,INVERTER,22,1598,68,14,15,39,0,14.00,5.00,3.90,0.00,0,0,0,11,2,1,4,3,0,3,2,3,0,0,39,0,0,
02-11-2022,FAP,VESSEL,INVERTER,37,635,80,19,26,35,0,19.00,8.67,3.50,0.00,14,5,0,0,0,0,6,6,0,6,3,5,0,0,35,0,0,
02-11-2022,FEA NJ,AIRCRAFT,INVERTER,1,1,1,0,0,1,0,0.00,0.00,0.10,0.00,0,0,0,0,0,0,0,0,0,0,0,0,0,0,1,0,0,
02-11-2023,FEA TWMC,VESSEL,INVERTER,8,149,63,8,2,53,0,8.00,0.67,5.30,0.00,0,0,0,7,1,0,0,0,0,1,1,0,0,0,53,0,0,
02-11-2023,FAP,VESSEL,INVERTER,38,244,74,2,19,53,0,2.00,6.33,5.30,0.00,0,2,0,0,0,0,6,3,0,5,2,3,0,0,53,0,0,
02-11-2023,FEI,VESSEL,INVERTER,26,2754,90,30,35,25,0,30.00,11.67,2.50,0.00,23,7,0,0,0,0,2,4,0,3,2,24,0,0,25,0,0,
02-11-2023,FEA TWMC,AIRCRAFT,INVERTER,3,27,5,2,3,0,0,2.00,1.00,0.00,0.00,0,0,0,1,1,0,0,0,0,2,1,0,0,0,0,0,0,
02-11-2023,FEV,COURIER,INVERTER,1,1,1,0,1,0,0,0.00,0.33,0.00,0.00,0,0,0,0,0,0,1,0,0,0,0,0,0,0,0,0,0,
02-11-2023,FEI,VESSEL,TEMPERATURE CONTROL,1,10,1,0,1,0,0,0.00,0.03,0.00,0.00,0,0,0,0,0,0,0,0,0,0,0,0,0,1,0,0,0,
02-12-2024,FETW,VESSEL,INVERTER,13,1002,35,8,8,19,0,8.00,2.67,1.90,0.00,7,1,0,0,0,0,0,1,0,3,1,3,0,0,19,0,0,
02-12-2025,FEID,VESSEL,INVERTER,20,103,21,0,19,2,0,0.00,6.33,0.20,0.00,0,0,0,0,0,0,12,3,0,1,2,1,0,0,2,0,0,
03-02-2022,FEE,AIRCRAFT,INVERTER,4,53,4,0,4,0,0,0.00,1.33,0.00,0.00,0,0,0,0,0,0,2,0,0,1,1,0,0,0,0,0,0,
03-02-2025,FEI,AIRCRAFT,INVERTER,1,1304,12,12,0,0,0,12.00,0.00,0.00,0.00,7,5,0,0,0,0,0,0,0,0,0,0,0,0,0,0,0,
03-02-2025,FEI,VESSEL,INVERTER,1,3353,37,34,1,2,0,34.00,0.33,0.20,0.00,29,5,0,0,0,0,0,0,0,0,1,0,0,0,2,0,0,
03-02-2026,FEA NJ,SEA,INVERTER,1,148,3,3,0,0,0,3.00,0.00,0.00,0.00,0,0,0,3,0,0,0,0,0,0,0,0,0,0,0,0,0,
03-02-2026,FEA Nakano,SEA,INVERTER,2,20,20,0,0,20,0,0.00,0.00,2.00,0.00,0,0,0,0,0,0,0,0,0,0,0,0,0,0,20,0,0,
03-03-2022,FEE,VESSEL,INVERTER,14,590,69,0,10,55,4,0.00,3.33,5.50,2.00,0,0,0,0,0,0,1,1,0,2,1,5,0,0,55,0,4,
03-03-2022,FAP,AIRCRAFT,INVERTER,3,3,3,0,1,2,0,0.00,0.33,0.20,0.00,0,0,0,0,0,0,1,0,0,0,0,0,0,0,2,0,0,
03-03-2022,FAP,VESSEL,INVERTER,26,846,46,11,19,16,0,11.00,6.33,1.60,0.00,4,6,1,0,0,0,5,3,0,1,5,5,0,0,16,0,0,
03-03-2022,FEK,VESSEL,TEMPERATURE CONTROL,1,20,2,0,2,0,0,0.00,0.07,0.00,0.00,0,0,0,0,0,0,0,0,0,0,0,0,2,0,0,0,0,
03-03-2022,FEID,VESSEL,INVERTER,2,26,2,0,1,1,0,0.00,0.33,0.10,0.00,0,0,0,0,0,0,0,0,0,1,0,0,0,0,1,0,0,
03-03-2022,FEK,COURIER,TEMPERATURE CONTROL,1,5,1,0,1,0,0,0.00,0.03,0.00,0.00,0,0,0,0,0,0,0,0,0,0,0,0,1,0,0,0,0,
03-03-2023,FEE,AIRCRAFT,INVERTER,30,717,72,24,23,25,0,24.00,7.67,2.50,0.00,0,0,0,12,12,0,0,3,0,4,9,7,0,0,25,0,0,
03-03-2023,FEA NJ,AIRCRAFT,INVERTER,2,187,4,2,2,0,0,2.00,0.67,0.00,0.00,0,0,0,0,2,0,0,0,0,1,1,0,0,0,0,0,0,
03-03-2023,WuXi,AIRCRAFT,TEMPERATURE CONTROL,1,13,3,0,3,0,0,0.00,0.70,0.00,0.00,0,0,0,0,0,0,2,0,0,0,0,0,0,1,0,0,0,
03-03-2023,FEI,VESSEL,INVERTER,2,100,4,3,1,0,0,3.00,0.33,0.00,0.00,2,1,0,0,0,0,1,0,0,0,0,0,0,0,0,0,0,
03-04-2023,FEI,VESSEL,TEMPERATURE CONTROL,15,1485,30,0,30,0,0,0.00,3.10,0.00,0.00,0,0,0,0,0,0,0,6,1,0,0,0,13,10,0,0,0,
03-04-2023,FEF,VESSEL,TEMPERATURE CONTROL,3,214,4,0,4,0,0,0.00,0.73,0.00,0.00,0,0,0,0,0,0,1,0,1,0,0,0,2,0,0,0,0,
03-04-2023,FEF,AIRCRAFT,TEMPERATURE CONTROL,4,204,5,0,5,0,0,0.00,0.47,0.00,0.00,0,0,0,0,0,0,0,0,1,0,0,0,1,3,0,0,0,
03-04-2023,FEE,VESSEL,INVERTER,23,531,257,0,6,243,8,0.00,2.00,24.30,4.00,0,0,0,0,0,0,3,0,0,1,0,2,0,0,243,0,8,
03-04-2023,FEI,AIRCRAFT,TEMPERATURE CONTROL,4,138,6,0,6,0,0,0.00,0.20,0.00,0.00,0,0,0,0,0,0,0,0,0,0,0,0,4,2,0,0,0,
03-04-2024,FEI,VESSEL,TEMPERATURE CONTROL,1,100,1,0,1,0,0,0.00,0.03,0.00,0.00,0,0,0,0,0,0,0,0,0,0,0,0,0,1,0,0,0,
03-04-2024,FEI,VESSEL,INVERTER,6,55,15,1,6,8,0,1.00,2.00,0.80,0.00,1,0,0,0,0,0,1,0,0,0,1,4,0,0,8,0,0,
03-04-2025,FEA NJ,VESSEL,INVERTER,1,1242,49,20,1,28,0,20.00,0.33,2.80,0.00,0,0,0,19,1,0,0,0,0,1,0,0,0,0,28,0,0,
03-05-2022,FEE,VESSEL,INVERTER,37,3192,78,0,23,10,45,0.00,7.67,1.00,22.50,0,0,0,0,0,0,4,4,0,6,4,5,0,0,10,0,45,
03-05-2022,FEI,AIRCRAFT,INVERTER,4,377,12,9,1,2,0,9.00,0.33,0.20,0.00,1,8,0,0,0,0,0,0,0,1,0,0,0,0,2,0,0,
03-05-2022,FEI,VESSEL,INVERTER,10,237,18,2,8,8,0,2.00,2.67,0.80,0.00,1,1,0,0,0,0,2,4,0,1,0,1,0,0,8,0,0,
03-07-2023,FEI,VESSEL,TEMPERATURE CONTROL,2,20,4,0,4,0,0,0.00,0.13,0.00,0.00,0,0,0,0,0,0,0,0,0,0,0,0,4,0,0,0,0,
03-07-2023,FEI,VESSEL,INVERTER,51,841,143,37,28,78,0,37.00,9.33,7.80,0.00,19,18,0,0,0,0,7,6,0,1,7,7,0,0,78,0,0,
03-07-2024,FEI,VESSEL,INVERTER,3,85,8,2,1,5,0,2.00,0.33,0.50,0.00,2,0,0,0,0,0,0,0,0,0,1,0,0,0,5,0,0,
03-07-2024,FEE,VESSEL,INVERTER,17,906,85,0,9,64,12,0.00,3.00,6.40,6.00,0,0,0,0,0,0,2,1,0,2,1,3,0,0,64,0,12,
03-07-2024,FETW,VESSEL,INVERTER,4,482,10,8,2,0,0,8.00,0.67,0.00,0.00,4,4,0,0,0,0,0,0,0,0,0,2,0,0,0,0,0,
03-07-2024,FEID,VESSEL,INVERTER,11,68,11,0,11,0,0,0.00,3.67,0.00,0.00,0,0,0,0,0,0,8,0,0,2,1,0,0,0,0,0,0,
03-07-2025,FEI,VESSEL,INVERTER,5,1099,25,18,4,3,0,18.00,1.33,0.30,0.00,13,5,0,0,0,0,1,1,0,0,0,2,0,0,3,0,0,
03-07-2025,FEI,VESSEL,INVERTER,1,1,1,0,0,1,0,0.00,0.00,0.10,0.00,0,0,0,0,0,0,0,0,0,0,0,0,0,0,1,0,0,
03-08-2022,FEK,VESSEL,INVERTER,4,21,20,0,1,19,0,0.00,0.33,1.90,0.00,0,0,0,0,0,0,1,0,0,0,0,0,0,0,19,0,0,
03-08-2022,FEID,VESSEL,INVERTER,16,205,16,0,16,0,0,0.00,5.33,0.00,0.00,0,0,0,0,0,0,6,3,0,0,3,4,0,0,0,0,0,
03-08-2022,FEA NJ,VESSEL,INVERTER,9,183,41,1,2,38,0,1.00,0.67,3.80,0.00,0,0,0,0,1,0,1,0,0,0,0,1,0,0,38,0,0,
03-08-2023,FEA TWMC,AIRCRAFT,INVERTER,3,8,8,0,0,8,0,0.00,0.00,0.80,0.00,0,0,0,0,0,0,0,0,0,0,0,0,0,0,8,0,0,
03-08-2023,FEA NJ AID,AIRCRAFT,INVERTER,3,14,14,0,0,14,0,0.00,0.00,1.40,0.00,0,0,0,0,0,0,0,0,0,0,0,0,0,0,14,0,0,
03-09-2024,FEID,VESSEL,INVERTER,18,133,23,0,17,6,0,0.00,5.67,0.60,0.00,0,0,0,0,0,0,9,2,0,3,2,1,0,0,6,0,0,
03-09-2024,FAP,COURIER,TEMPERATURE CONTROL,1,63,1,0,1,0,0,0.00,0.33,0.00,0.00,0,0,0,0,0,0,1,0,0,0,0,0,0,0,0,0,0,
03-09-2025,FEID,VESSEL,INVERTER,18,158,20,1,16,3,0,1.00,5.33,0.30,0.00,0,1,0,0,0,0,7,4,0,3,1,1,0,0,3,0,0,
03-10-2022,FAP,VESSEL,INVERTER,2,9,2,0,1,1,0,0.00,0.33,0.10,0.00,0,0,0,0,0,0,0,0,0,0,1,0,0,0,1,0,0,
03-10-2022,FEF,AIRCRAFT,TEMPERATURE CONTROL,3,1182,7,0,7,0,0,0.00,2.33,0.00,0.00,0,0,0,0,0,0,2,5,0,0,0,0,0,0,0,0,0,
03-10-2022,FEI,AIRCRAFT,INVERTER,1,45,2,2,0,0,0,2.00,0.00,0.00,0.00,1,1,0,0,0,0,0,0,0,0,0,0,0,0,0,0,0,
03-10-2022,FEE,VESSEL,INVERTER,42,1550,139,24,30,85,0,24.00,10.00,8.50,0.00,0,0,0,15,8,1,7,8,0,4,4,7,0,0,85,0,0,
03-10-2023,FETW,AIRCRAFT,TEMPERATURE CONTROL,4,410,6,0,6,0,0,0.00,1.70,0.00,0.00,0,0,0,0,0,0,1,0,4,0,0,0,0,1,0,0,0,
03-10-2023,FEID,VESSEL,INVERTER,10,31,11,1,8,2,0,1.00,2.67,0.20,0.00,0,1,0,0,0,0,4,0,0,0,2,2,0,0,2,0,0,
03-10-2023,FEA NJ,VESSEL,INVERTER,27,804,197,28,11,158,0,28.00,3.67,15.80,0.00,0,0,0,22,6,0,2,2,0,1,2,4,0,0,158,0,0,
03-10-2023,FEA TWMC,VESSEL,INVERTER,3,5,5,0,0,5,0,0.00,0.00,0.50,0.00,0,0,0,0,0,0,0,0,0,0,0,0,0,0,5,0,0,
03-10-2024,FEE,AIRCRAFT,INVERTER,1,1,1,0,0,1,0,0.00,0.00,0.10,0.00,0,0,0,0,0,0,0,0,0,0,0,0,0,0,1,0,0,
03-10-2024,FEE,VESSEL,INVERTER,2,1921,41,0,0,14,27,0.00,0.00,1.40,13.50,0,0,0,0,0,0,0,0,0,0,0,0,0,0,14,0,27,
03-11-2023,FEE,VESSEL,INVERTER,16,172,50,2,26,22,0,2.00,8.67,2.20,0.00,0,0,0,0,2,0,0,2,0,2,5,17,0,0,22,0,0,
03-12-2024,FEID,TRUCK,INVERTER,13,101,14,1,11,2,0,1.00,3.67,0.20,0.00,0,0,1,0,0,0,2,4,0,5,0,0,0,0,2,0,0,
03-12-2024,FEA NJ,AIRCRAFT,INVERTER,1,138,6,5,0,1,0,5.00,0.00,0.10,0.00,0,0,0,2,3,0,0,0,0,0,0,0,0,0,1,0,0,
03-12-2024,FEE,VESSEL,INVERTER,1,1333,27,0,0,18,9,0.00,0.00,1.80,4.50,0,0,0,0,0,0,0,0,0,0,0,0,0,0,18,0,9,
04-01-2022,FEF,AIRCRAFT,TEMPERATURE CONTROL,13,731,18,0,18,0,0,0.00,3.00,0.00,0.00,0,0,0,0,0,0,4,0,3,0,1,0,7,3,0,0,0,
04-01-2022,FEI,AIRCRAFT,INVERTER,2,111,3,2,1,0,0,2.00,0.33,0.00,0.00,1,1,0,0,0,0,0,0,0,0,0,1,0,0,0,0,0,
04-01-2022,FEA TWMC,AIRCRAFT,INVERTER,3,36,28,1,1,26,0,1.00,0.33,2.60,0.00,0,0,0,0,1,0,0,0,0,1,0,0,0,0,26,0,0,
04-01-2022,FEA NJ,VESSEL,INVERTER,9,103,23,4,3,16,0,4.00,1.00,1.60,0.00,0,0,0,0,4,0,2,1,0,0,0,0,0,0,16,0,0,
04-01-2022,FEI,VESSEL,INVERTER,5,217,6,1,5,0,0,1.00,1.67,0.00,0.00,0,1,0,0,0,0,2,0,0,2,0,1,0,0,0,0,0,
04-01-2022,FEA NJ,AIRCRAFT,INVERTER,4,293,11,4,1,6,0,4.00,0.33,0.60,0.00,0,0,0,0,4,0,0,0,0,1,0,0,0,0,6,0,0,
04-01-2022,FEK,VESSEL,TEMPERATURE CONTROL,2,210,3,0,3,0,0,0.00,0.70,0.00,0.00,0,0,0,0,0,0,1,0,1,0,0,0,1,0,0,0,0,
04-01-2023,FEE,AIRCRAFT,INVERTER,20,646,39,6,18,15,0,6.00,6.00,1.50,0.00,0,0,0,3,3,0,1,2,0,5,3,7,0,0,15,0,0,
04-01-2023,FEA NJ AID,AIRCRAFT,INVERTER,1,3,3,0,0,3,0,0.00,0.00,0.30,0.00,0,0,0,0,0,0,0,0,0,0,0,0,0,0,3,0,0,
04-01-2023,FEE,VESSEL,INVERTER,47,4488,131,23,37,37,34,23.00,12.33,3.70,17.00,0,0,0,16,5,2,4,7,0,4,7,15,0,0,37,0,34,
04-01-2023,FEA NJ,AIRCRAFT,INVERTER,1,20,20,0,0,20,0,0.00,0.00,2.00,0.00,0,0,0,0,0,0,0,0,0,0,0,0,0,0,20,0,0,
04-01-2023,FEA ROA,AIRCRAFT,INVERTER,1,10,1,0,1,0,0,0.00,0.33,0.00,0.00,0,0,0,0,0,0,0,0,0,0,0,1,0,0,0,0,0,
04-01-2024,FEI,VESSEL,TEMPERATURE CONTROL,1,5,1,0,1,0,0,0.00,0.03,0.00,0.00,0,0,0,0,0,0,0,0,0,0,0,0,1,0,0,0,0,
04-01-2024,FAP,VESSEL,INVERTER,49,493,162,3,17,142,0,3.00,5.67,14.20,0.00,1,1,1,0,0,0,7,3,0,0,2,5,0,0,142,0,0,
04-02-2022,FEI,AIRCRAFT,INVERTER,13,2240,57,39,7,11,0,39.00,2.33,1.10,0.00,29,10,0,0,0,0,1,3,0,1,0,2,0,0,11,0,0,
04-02-2022,FEI,VESSEL,INVERTER,2,81,3,0,2,1,0,0.00,0.67,0.10,0.00,0,0,0,0,0,0,1,0,0,0,0,1,0,0,1,0,0,
04-02-2025,FEID,VESSEL,INVERTER,12,103,17,0,11,6,0,0.00,3.67,0.60,0.00,0,0,0,0,0,0,7,1,0,1,0,2,0,0,6,0,0,
04-02-2026,FEID,SEA,INVERTER,24,165,34,1,18,15,0,1.00,6.00,1.50,0.00,0,1,0,0,0,0,7,2,0,4,4,1,0,0,15,0,0,
04-02-2026,FEA LAX,SEA,INVERTER,1,17,17,0,0,17,0,0.00,0.00,1.70,0.00,0,0,0,0,0,0,0,0,0,0,0,0,0,0,17,0,0,
04-02-2026,FEE,AIR,INVERTER,1,161,21,5,0,16,0,5.00,0.00,1.60,0.00,0,0,0,5,0,0,0,0,0,0,0,0,0,0,16,0,0,
04-03-2022,FEI,VESSEL,INVERTER,19,2808,46,19,11,16,0,19.00,3.67,1.60,0.00,14,3,2,0,0,0,3,0,0,1,2,5,0,0,16,0,0,
04-03-2022,FEI,AIRCRAFT,INVERTER,8,689,20,7,5,8,0,7.00,1.67,0.80,0.00,3,2,2,0,0,0,2,0,0,0,1,2,0,0,8,0,0,
04-03-2022,FEE,AIRCRAFT,INVERTER,2,19,2,0,2,0,0,0.00,0.67,0.00,0.00,0,0,0,0,0,0,1,0,0,0,0,1,0,0,0,0,0,
04-03-2024,FEI,AIRCRAFT,INVERTER,4,550,6,4,2,0,0,4.00,0.67,0.00,0.00,2,2,0,0,0,0,1,0,0,0,0,1,0,0,0,0,0,
04-03-2024,FEA TWMC,VESSEL,INVERTER,4,19,19,0,1,18,0,0.00,0.33,1.80,0.00,0,0,0,0,0,0,1,0,0,0,0,0,0,0,18,0,0,
04-03-2024,FEID,VESSEL,INVERTER,8,26,22,0,3,19,0,0.00,1.00,1.90,0.00,0,0,0,0,0,0,2,0,0,1,0,0,0,0,19,0,0,
04-03-2024,FEA NJ,AIRCRAFT,INVERTER,1,10,10,0,0,10,0,0.00,0.00,1.00,0.00,0,0,0,0,0,0,0,0,0,0,0,0,0,0,10,0,0,
04-03-2024,FAP,VESSEL,INVERTER,9,57,12,3,6,3,0,3.00,2.00,0.30,0.00,1,1,1,0,0,0,2,0,0,1,2,1,0,0,3,0,0,
04-03-2025,FETW,VESSEL,INVERTER,8,291,28,4,7,17,0,4.00,2.33,1.70,0.00,3,1,0,0,0,0,2,0,0,1,1,3,0,0,17,0,0,
04-04-2022,FEI,AIRCRAFT,INVERTER,2,4,4,0,0,4,0,0.00,0.00,0.40,0.00,0,0,0,0,0,0,0,0,0,0,0,0,0,0,4,0,0,
04-04-2022,FEF,AIRCRAFT,TEMPERATURE CONTROL,5,330,8,0,8,0,0,0.00,0.87,0.00,0.00,0,0,0,0,0,0,1,0,1,0,0,0,3,3,0,0,0,
04-04-2022,FEK,VESSEL,INVERTER,1,164,2,1,1,0,0,1.00,0.33,0.00,0.00,1,0,0,0,0,0,0,0,0,0,1,0,0,0,0,0,0,
04-04-2022,FEI,VESSEL,INVERTER,12,1344,36,20,9,7,0,20.00,3.00,0.70,0.00,11,8,1,0,0,0,2,1,0,1,0,5,0,0,7,0,0,
04-04-2022,FEI,AIRCRAFT,INVERTER,10,552,30,12,5,13,0,12.00,1.67,1.30,0.00,4,7,1,0,0,0,3,1,0,0,1,0,0,0,13,0,0,
04-04-2023,FEI,VESSEL,INVERTER,49,2003,249,26,27,196,0,26.00,9.00,19.60,0.00,19,4,3,0,0,0,6,2,0,9,2,8,0,0,196,0,0,
04-04-2023,FEID,VESSEL,INVERTER,19,122,24,2,16,6,0,2.00,5.33,0.60,0.00,0,2,0,0,0,0,12,1,0,2,0,1,0,0,6,0,0,
04-04-2023,FEA NJ AID,AIRCRAFT,INVERTER,2,6,6,0,0,6,0,0.00,0.00,0.60,0.00,0,0,0,0,0,0,0,0,0,0,0,0,0,0,6,0,0,
04-04-2023,FEA NJ,COURIER,INVERTER,1,6,1,0,1,0,0,0.00,0.33,0.00,0.00,0,0,0,0,0,0,0,0,0,1,0,0,0,0,0,0,0,
04-04-2023,FEA NJ AID,VESSEL,INVERTER,2,21,21,0,1,20,0,0.00,0.33,2.00,0.00,0,0,0,0,0,0,0,1,0,0,0,0,0,0,20,0,0,
04-04-2023,FEA NJ,VESSEL,INVERTER,19,228,64,5,10,49,0,5.00,3.33,4.90,0.00,0,0,0,0,5,0,2,4,0,1,1,2,0,0,49,0,0,
04-04-2024,FEE,VESSEL,INVERTER,72,3368,247,0,35,109,103,0.00,11.67,10.90,51.50,0,0,0,0,0,0,0,1,0,7,14,13,0,0,109,0,103,
04-04-2024,FEE,AIRCRAFT,INVERTER,8,606,15,5,4,6,0,5.00,1.33,0.60,0.00,0,0,0,3,2,0,0,0,0,2,0,2,0,0,6,0,0,
04-04-2024,FEK,VESSEL,INVERTER,10,96,31,0,3,28,0,0.00,1.00,2.80,0.00,0,0,0,0,0,0,0,1,0,1,1,0,0,0,28,0,0,
04-04-2024,FAP,VESSEL,INVERTER,13,290,13,3,10,0,0,3.00,3.33,0.00,0.00,0,1,2,0,0,0,5,1,0,1,0,3,0,0,0,0,0,
04-06-2024,FEE,VESSEL,INVERTER,30,2800,199,0,11,129,59,0.00,3.67,12.90,29.50,0,0,0,0,0,0,1,1,0,1,4,4,0,0,129,0,59,
04-06-2024,FEE,VESSEL,INVERTER,30,2561,192,0,13,113,66,0.00,4.33,11.30,33.00,0,0,0,0,0,0,3,1,0,0,1,8,0,0,113,0,66,
04-06-2024,FAP,VESSEL,INVERTER,1,6,6,0,0,6,0,0.00,0.00,0.60,0.00,0,0,0,0,0,0,0,0,0,0,0,0,0,0,6,0,0,
04-06-2025,FEID,VESSEL,INVERTER,11,270,19,0,8,11,0,0.00,2.67,1.10,0.00,0,0,0,0,0,0,3,0,0,0,4,1,0,0,11,0,0,
04-06-2025,FEA NJ,VESSEL,INVERTER,6,416,62,11,2,49,0,11.00,0.67,4.90,0.00,0,0,0,10,1,0,0,0,0,1,1,0,0,0,49,0,0,
04-06-2025,FEI,VESSEL,INVERTER,3,3957,79,42,2,35,0,42.00,0.67,3.50,0.00,35,7,0,0,0,0,1,0,0,0,0,1,0,0,35,0,0,
04-06-2025,FEE,VESSEL,INVERTER,7,178,108,0,5,101,2,0.00,1.67,10.10,1.00,0,0,0,0,0,0,1,0,0,1,0,3,0,0,101,0,2,
04-06-2025,FEID,VESSEL,INVERTER,15,169,19,0,18,1,0,0.00,6.00,0.10,0.00,0,0,0,0,0,0,9,4,0,2,2,1,0,0,1,0,0,
04-07-2022,FEI,VESSEL,TEMPERATURE CONTROL,4,295,7,0,7,0,0,0.00,2.03,0.00,0.00,0,0,0,0,0,0,3,0,3,0,0,0,1,0,0,0,0,
04-07-2022,FEI,VESSEL,INVERTER,31,1701,214,15,14,185,0,15.00,4.67,18.50,0.00,7,7,1,0,0,0,4,2,0,1,1,6,0,0,185,0,0,
04-07-2022,FEI,AIRCRAFT,TEMPERATURE CONTROL,4,415,5,0,5,0,0,0.00,1.37,0.00,0.00,0,0,0,0,0,0,1,0,3,0,0,0,1,0,0,0,0,
04-07-2023,FEA NJ,VESSEL,INVERTER,18,612,63,6,16,41,0,6.00,5.33,4.10,0.00,0,0,0,4,2,0,6,0,0,2,3,5,0,0,41,0,0,
04-07-2023,FEA NJ AID,VESSEL,INVERTER,1,4,4,0,0,4,0,0.00,0.00,0.40,0.00,0,0,0,0,0,0,0,0,0,0,0,0,0,0,4,0,0,
04-07-2023,FEA TWMC,AIRCRAFT,INVERTER,7,70,21,4,2,15,0,4.00,0.67,1.50,0.00,0,0,0,4,0,0,0,1,0,0,0,1,0,0,15,0,0,
04-07-2023,FEA NJ AID,AIRCRAFT,INVERTER,9,67,67,0,0,67,0,0.00,0.00,6.70,0.00,0,0,0,0,0,0,0,0,0,0,0,0,0,0,67,0,0,
04-07-2023,FEA TWMC,VESSEL,INVERTER,3,11,3,0,3,0,0,0.00,1.00,0.00,0.00,0,0,0,0,0,0,1,1,0,1,0,0,0,0,0,0,0,
04-07-2023,FEA NJ,AIRCRAFT,INVERTER,2,43,5,2,1,2,0,2.00,0.33,0.20,0.00,0,0,0,1,1,0,1,0,0,0,0,0,0,0,2,0,0,
04-07-2023,FEF,AIRCRAFT,TEMPERATURE CONTROL,3,57,5,0,5,0,0,0.00,0.17,0.00,0.00,0,0,0,0,0,0,0,0,0,0,0,0,4,1,0,0,0,
04-07-2024,FAP,VESSEL,INVERTER,3,15,3,0,3,0,0,0.00,1.00,0.00,0.00,0,0,0,0,0,0,2,1,0,0,0,0,0,0,0,0,0,
04-07-2024,FEA Nakano,VESSEL,INVERTER,11,110,101,1,0,100,0,1.00,0.00,10.00,0.00,0,0,0,0,1,0,0,0,0,0,0,0,0,0,100,0,0,
04-07-2024,FAP,VESSEL,INVERTER,25,379,38,7,19,12,0,7.00,6.33,1.20,0.00,1,3,3,0,0,0,8,3,0,3,1,4,0,0,12,0,0,
04-07-2025,FEK,COURIER,INVERTER,5,20,12,0,2,10,0,0.00,0.67,1.00,0.00,0,0,0,0,0,0,0,0,0,0,1,1,0,0,10,0,0,
04-08-2022,FEI,VESSEL,INVERTER,31,1826,113,31,16,66,0,31.00,5.33,6.60,0.00,7,22,2,0,0,0,4,6,0,3,1,2,0,0,66,0,0,
04-08-2022,FAP,VESSEL,INVERTER,26,932,41,11,24,6,0,11.00,8.00,0.60,0.00,3,8,0,0,0,0,6,5,0,2,4,7,0,0,6,0,0,
04-08-2023,FEA TWMC,VESSEL,INVERTER,7,80,27,3,5,19,0,3.00,1.67,1.90,0.00,0,0,0,0,3,0,1,0,0,1,2,1,0,0,19,0,0,
04-08-2023,FAP,VESSEL,INVERTER,30,276,45,0,22,23,0,0.00,7.33,2.30,0.00,0,0,0,0,0,0,5,2,0,7,4,4,0,0,23,0,0,
04-08-2023,FAP,AIRCRAFT,TEMPERATURE CONTROL,1,105,1,0,1,0,0,0.00,0.33,0.00,0.00,0,0,0,0,0,0,0,0,1,0,0,0,0,0,0,0,0,
04-09-2023,FEF,AIRCRAFT,TEMPERATURE CONTROL,15,255,20,0,20,0,0,0.00,0.67,0.00,0.00,0,0,0,0,0,0,0,0,0,0,0,0,17,3,0,0,0,
04-09-2024,FAP,VESSEL,INVERTER,54,5608,505,116,39,350,0,116.00,13.00,35.00,0.00,32,81,3,0,0,0,5,12,0,6,4,12,0,0,350,0,0,
04-09-2024,FEA NJ,AIRCRAFT,INVERTER,4,104,11,1,3,7,0,1.00,1.00,0.70,0.00,0,0,0,1,0,0,0,0,0,2,1,0,0,0,7,0,0,
04-09-2025,FEI,VESSEL,INVERTER,11,1239,38,17,8,13,0,17.00,2.67,1.30,0.00,5,11,1,0,0,0,2,2,0,1,1,2,0,0,13,0,0,
04-09-2025,FAP,VESSEL,INVERTER,23,317,80,8,19,53,0,8.00,6.33,5.30,0.00,6,2,0,0,0,0,4,1,0,4,5,5,0,0,53,0,0,
04-10-2022,FEA NJ,VESSEL,INVERTER,10,511,66,11,7,48,0,11.00,2.33,4.80,0.00,0,0,0,6,5,0,1,1,0,0,3,2,0,0,48,0,0,
04-10-2022,FEA,AIRCRAFT,TEMPERATURE CONTROL,9,1470,18,0,18,0,0,0.00,3.00,0.00,0.00,0,0,0,0,0,0,2,5,1,0,0,0,9,1,0,0,0,
04-10-2022,FEID,VESSEL,INVERTER,38,271,43,0,34,9,0,0.00,11.33,0.90,0.00,0,0,0,0,0,0,11,6,0,7,10,0,0,0,9,0,0,
04-10-2022,FEI,AIRCRAFT,INVERTER,1,20,1,0,1,0,0,0.00,0.33,0.00,0.00,0,0,0,0,0,0,0,0,0,0,0,1,0,0,0,0,0,
04-10-2023,FEI,VESSEL,INVERTER,50,3400,226,65,29,132,0,65.00,9.67,13.20,0.00,61,3,1,0,0,0,9,6,0,4,4,6,0,0,132,0,0,
04-10-2023,FEI,VESSEL,TEMPERATURE CONTROL,5,162,6,0,6,0,0,0.00,0.50,0.00,0.00,0,0,0,0,0,0,0,1,0,0,0,0,5,0,0,0,0,
04-10-2023,FEA NJ,VESSEL,INVERTER,7,125,64,5,2,57,0,5.00,0.67,5.70,0.00,0,0,0,3,2,0,0,0,0,1,1,0,0,0,57,0,0,
04-10-2023,FEA TWMC,VESSEL,INVERTER,6,29,27,0,1,26,0,0.00,0.33,2.60,0.00,0,0,0,0,0,0,0,1,0,0,0,0,0,0,26,0,0,
04-11-2022,FEA,AIRCRAFT,TEMPERATURE CONTROL,6,1255,13,0,13,0,0,0.00,3.13,0.00,0.00,0,0,0,0,0,0,2,4,3,0,0,0,3,1,0,0,0,
04-11-2024,FEC,VESSEL,TEMPERATURE CONTROL,3,440,5,0,5,0,0,0.00,1.07,0.00,0.00,0,0,0,0,0,0,0,3,0,0,0,0,1,1,0,0,0,
04-11-2024,FEK,VESSEL,INVERTER,2,16,8,0,1,7,0,0.00,0.33,0.70,0.00,0,0,0,0,0,0,0,0,0,0,0,1,0,0,7,0,0,
04-12-2023,FEI,VESSEL,TEMPERATURE CONTROL,1,200,2,0,2,0,0,0.00,0.67,0.00,0.00,0,0,0,0,0,0,0,0,2,0,0,0,0,0,0,0,0,
04-12-2023,FEI,VESSEL,INVERTER,1,1,1,0,0,1,0,0.00,0.00,0.10,0.00,0,0,0,0,0,0,0,0,0,0,0,0,0,0,1,0,0,
04-12-2023,FEC,AIRCRAFT,TEMPERATURE CONTROL,10,610,10,0,10,0,0,0.00,2.13,0.00,0.00,0,0,0,0,0,0,3,2,1,0,0,0,0,4,0,0,0,
04-12-2024,FEE,VESSEL,INVERTER,1,383,29,0,0,24,5,0.00,0.00,2.40,2.50,0,0,0,0,0,0,0,0,0,0,0,0,0,0,24,0,5,
04-12-2025,FEI,AIRCRAFT,INVERTER,2,181,2,2,0,0,0,2.00,0.00,0.00,0.00,0,2,0,0,0,0,0,0,0,0,0,0,0,0,0,0,0,
05-01-2022,FAP,COURIER,INVERTER,1,5,1,0,1,0,0,0.00,0.33,0.00,0.00,0,0,0,0,0,0,1,0,0,0,0,0,0,0,0,0,0,
05-01-2022,FAP,VESSEL,INVERTER,30,734,70,19,27,24,0,19.00,9.00,2.40,0.00,15,4,0,0,0,0,8,4,0,3,3,9,0,0,24,0,0,
05-01-2022,FEID,VESSEL,INVERTER,16,95,16,0,16,0,0,0.00,5.33,0.00,0.00,0,0,0,0,0,0,14,1,0,1,0,0,0,0,0,0,0,
05-01-2022,FAP,AIRCRAFT,INVERTER,5,179,5,1,4,0,0,1.00,1.33,0.00,0.00,0,0,1,0,0,0,1,1,0,1,1,0,0,0,0,0,0,
05-01-2022,FEID,AIRCRAFT,INVERTER,13,84,13,0,13,0,0,0.00,4.33,0.00,0.00,0,0,0,0,0,0,7,3,0,2,1,0,0,0,0,0,0,
05-01-2023,FEID,VESSEL,INVERTER,2,2,2,0,0,2,0,0.00,0.00,0.20,0.00,0,0,0,0,0,0,0,0,0,0,0,0,0,0,2,0,0,
05-01-2023,FEI,AIRCRAFT,INVERTER,1,22,1,0,1,0,0,0.00,0.33,0.00,0.00,0,0,0,0,0,0,0,0,0,0,0,1,0,0,0,0,0,
05-01-2023,FEE,VESSEL,INVERTER,6,672,36,10,6,20,0,10.00,2.00,2.00,0.00,0,0,0,3,7,0,1,1,0,1,3,0,0,0,20,0,0,
05-01-2023,FEI,VESSEL,INVERTER,1,1,1,0,0,1,0,0.00,0.00,0.10,0.00,0,0,0,0,0,0,0,0,0,0,0,0,0,0,1,0,0,
05-01-2024,FEE,AIRCRAFT,INVERTER,38,441,106,20,18,68,0,20.00,6.00,6.80,0.00,0,0,0,2,18,0,1,2,0,2,5,8,0,0,68,0,0,
05-02-2024,FEF,AIRCRAFT,TEMPERATURE CONTROL,1,20,1,0,1,0,0,0.00,0.03,0.00,0.00,0,0,0,0,0,0,0,0,0,0,0,0,0,1,0,0,0,
05-02-2025,FEE,AIRCRAFT,INVERTER,1,143,2,1,1,0,0,1.00,0.33,0.00,0.00,0,0,0,1,0,0,0,1,0,0,0,0,0,0,0,0,0,
05-02-2025,FEK,VESSEL,INVERTER,6,41,28,0,3,25,0,0.00,1.00,2.50,0.00,0,0,0,0,0,0,0,0,0,1,2,0,0,0,25,0,0,
05-02-2025,FETW,VESSEL,INVERTER,15,901,33,4,14,15,0,4.00,4.67,1.50,0.00,3,1,0,0,0,0,1,3,0,4,3,3,0,0,15,0,0,
05-02-2026,FEI,SEA,INVERTER,4,759,61,16,2,43,0,16.00,0.67,4.30,0.00,12,3,1,0,0,0,1,0,0,0,0,1,0,0,43,0,0,
05-02-2026,FEA NJ,SEA,INVERTER,1,1,1,0,0,1,0,0.00,0.00,0.10,0.00,0,0,0,0,0,0,0,0,0,0,0,0,0,0,1,0,0,
05-02-2026,FEI,AIR,INVERTER,1,33,1,1,0,0,0,1.00,0.00,0.00,0.00,1,0,0,0,0,0,0,0,0,0,0,0,0,0,0,0,0,
05-03-2024,FETW,VESSEL,INVERTER,5,125,16,4,4,8,0,4.00,1.33,0.80,0.00,2,1,1,0,0,0,1,1,0,2,0,0,0,0,8,0,0,
05-03-2024,FEA NJ,VESSEL,INVERTER,14,316,45,8,9,28,0,8.00,3.00,2.80,0.00,0,0,0,1,6,1,3,1,0,1,0,4,0,0,28,0,0,
05-03-2024,FEA NJ,AIRCRAFT,INVERTER,3,16,16,0,0,16,0,0.00,0.00,1.60,0.00,0,0,0,0,0,0,0,0,0,0,0,0,0,0,16,0,0,
05-04-2022,FEID,AIRCRAFT,INVERTER,11,86,11,0,10,1,0,0.00,3.33,0.10,0.00,0,0,0,0,0,0,6,1,0,1,2,0,0,0,1,0,0,
05-04-2022,FEE,AIRCRAFT,INVERTER,1,10,2,0,2,0,0,0.00,0.67,0.00,0.00,0,0,0,0,0,0,0,1,0,0,0,1,0,0,0,0,0,
05-04-2022,FEE,VESSEL,INVERTER,19,503,63,0,9,42,12,0.00,2.70,4.20,6.00,0,0,0,0,0,0,1,0,0,2,4,1,1,0,42,0,12,
05-04-2022,FEA TWMC,AIRCRAFT,INVERTER,1,2,2,0,0,2,0,0.00,0.00,0.20,0.00,0,0,0,0,0,0,0,0,0,0,0,0,0,0,2,0,0,
05-05-2022,FEA NJ,AIRCRAFT,INVERTER,1,12,12,0,0,12,0,0.00,0.00,1.20,0.00,0,0,0,0,0,0,0,0,0,0,0,0,0,0,12,0,0,
05-05-2022,FEA TWMC,AIRCRAFT,INVERTER,1,1,1,0,0,1,0,0.00,0.00,0.10,0.00,0,0,0,0,0,0,0,0,0,0,0,0,0,0,1,0,0,
05-06-2024,FEE,AIRCRAFT,INVERTER,4,62,11,9,2,0,0,9.00,0.67,0.00,0.00,0,0,0,0,9,0,0,0,0,0,0,2,0,0,0,0,0,
05-06-2024,FEA IDEC,VESSEL,INVERTER,2,6,6,0,1,5,0,0.00,0.33,0.50,0.00,0,0,0,0,0,0,0,1,0,0,0,0,0,0,5,0,0,
05-06-2024,FETW,VESSEL,INVERTER,5,140,16,1,1,14,0,1.00,0.33,1.40,0.00,0,1,0,0,0,0,0,0,0,0,1,0,0,0,14,0,0,
05-06-2024,FEID,VESSEL,INVERTER,11,160,12,0,9,3,0,0.00,3.00,0.30,0.00,0,0,0,0,0,0,4,2,0,2,0,1,0,0,3,0,0,
05-06-2025,FEE,AIRCRAFT,INVERTER,4,13,4,1,3,0,0,1.00,1.00,0.00,0.00,0,0,0,1,0,0,1,2,0,0,0,0,0,0,0,0,0,
05-07-2022,FEA TWMC,AIRCRAFT,INVERTER,3,30,30,0,0,30,0,0.00,0.00,3.00,0.00,0,0,0,0,0,0,0,0,0,0,0,0,0,0,30,0,0,
05-07-2022,FEA,AIRCRAFT,TEMPERATURE CONTROL,10,1248,19,0,19,0,0,0.00,3.63,0.00,0.00,0,0,0,0,0,0,2,1,7,0,0,0,7,2,0,0,0,
05-07-2022,FEA NJ,AIRCRAFT,INVERTER,2,4,4,0,0,4,0,0.00,0.00,0.40,0.00,0,0,0,0,0,0,0,0,0,0,0,0,0,0,4,0,0,
05-07-2022,FEID,VESSEL,INVERTER,12,136,13,1,12,0,0,1.00,4.00,0.00,0.00,1,0,0,0,0,0,4,4,0,2,0,2,0,0,0,0,0,
05-07-2022,FEA NJ,VESSEL,INVERTER,13,712,63,11,5,47,0,11.00,1.67,4.70,0.00,0,0,0,4,7,0,1,2,0,0,0,2,0,0,47,0,0,
05-07-2022,FEF,AIRCRAFT,TEMPERATURE CONTROL,18,509,23,2,21,0,0,2.00,2.80,0.00,0.00,0,2,0,0,0,0,3,1,0,2,0,1,10,4,0,0,0,
05-07-2023,FEID,VESSEL,INVERTER,15,43,22,1,11,10,0,1.00,3.67,1.00,0.00,0,1,0,0,0,0,5,3,0,1,0,2,0,0,10,0,0,
05-07-2023,FEE,VESSEL,INVERTER,49,6652,154,0,25,41,88,0.00,8.03,4.10,44.00,0,0,0,0,0,0,9,1,0,4,5,5,1,0,41,0,88,
05-07-2024,FEA NJ,VESSEL,INVERTER,10,1858,42,20,6,16,0,20.00,2.00,1.60,0.00,0,0,0,15,5,0,1,1,0,2,1,1,0,0,16,0,0,
05-08-2022,FEI,VESSEL,TEMPERATURE CONTROL,4,617,6,0,6,0,0,0.00,1.10,0.00,0.00,0,0,0,0,0,0,0,0,3,0,0,0,1,2,0,0,0,
05-08-2022,FEI,AIRCRAFT,TEMPERATURE CONTROL,2,69,2,0,2,0,0,0.00,0.07,0.00,0.00,0,0,0,0,0,0,0,0,0,0,0,0,0,2,0,0,0,
05-08-2022,FEI,AIRCRAFT,INVERTER,2,6,5,0,1,4,0,0.00,0.33,0.40,0.00,0,0,0,0,0,0,1,0,0,0,0,0,0,0,4,0,0,
05-08-2025,FEE,AIRCRAFT,INVERTER,7,1931,40,39,1,0,0,39.00,0.33,0.00,0.00,0,0,0,33,6,0,0,0,0,0,1,0,0,0,0,0,0,
05-09-2022,FEI,VESSEL,TEMPERATURE CONTROL,4,63,6,0,6,0,0,0.00,0.20,0.00,0.00,0,0,0,0,0,0,0,0,0,0,0,0,6,0,0,0,0,
05-09-2022,FEF,AIRCRAFT,TEMPERATURE CONTROL,7,159,8,0,8,0,0,0.00,0.57,0.00,0.00,0,0,0,0,0,0,1,0,0,0,0,0,3,4,0,0,0,
05-09-2024,FEA TWMC,VESSEL,INVERTER,5,51,20,1,3,16,0,1.00,1.00,1.60,0.00,0,0,0,1,0,0,0,0,0,0,2,1,0,0,16,0,0,
05-09-2025,FEK,AIRCRAFT,INVERTER,1,3,3,0,0,3,0,0.00,0.00,0.30,0.00,0,0,0,0,0,0,0,0,0,0,0,0,0,0,3,0,0,
05-09-2025,FEI,AIRCRAFT,INVERTER,4,353,14,4,5,5,0,4.00,1.67,0.50,0.00,2,2,0,0,0,0,0,2,0,0,0,3,0,0,5,0,0,
05-10-2022,FAP,VESSEL,INVERTER,5,14,9,0,2,7,0,0.00,0.67,0.70,0.00,0,0,0,0,0,0,0,1,0,0,1,0,0,0,7,0,0,
05-10-2022,FEA IDEC,AIRCRAFT,INVERTER,1,1,1,0,0,1,0,0.00,0.00,0.10,0.00,0,0,0,0,0,0,0,0,0,0,0,0,0,0,1,0,0,
05-10-2023,FAP,VESSEL,INVERTER,28,144,49,8,14,27,0,8.00,4.67,2.70,0.00,1,7,0,0,0,0,3,4,0,3,4,0,0,0,27,0,0,
05-11-2024,FEID,VESSEL,INVERTER,18,184,18,0,17,1,0,0.00,5.67,0.10,0.00,0,0,0,0,0,0,5,4,0,5,3,0,0,0,1,0,0,
06-01-2022,FEI,AIRCRAFT,TEMPERATURE CONTROL,15,759,20,0,20,0,0,0.00,2.77,0.00,0.00,0,0,0,0,0,0,3,0,4,0,0,0,4,9,0,0,0,
06-01-2022,FEA,COURIER,TEMPERATURE CONTROL,3,262,4,0,4,0,0,0.00,1.03,0.00,0.00,0,0,0,0,0,0,1,0,2,0,0,0,0,1,0,0,0,
06-01-2022,FEE,VESSEL,INVERTER,22,2619,79,12,18,20,29,12.00,6.00,2.00,14.50,0,0,0,8,2,2,0,1,0,9,6,2,0,0,20,0,29,
06-01-2022,FEE,VESSEL,INVERTER,14,2304,65,0,9,37,19,0.00,3.00,3.70,9.50,0,0,0,0,0,0,0,2,0,2,2,3,0,0,37,0,19,
06-01-2023,FEID,AIRCRAFT,TEMPERATURE CONTROL,8,143,10,0,10,0,0,0.00,0.93,0.00,0.00,0,0,0,0,0,0,0,0,2,0,0,0,7,1,0,0,0,
06-01-2025,FEE,VESSEL,INVERTER,1,8058,58,0,0,0,58,0.00,0.00,0.00,29.00,0,0,0,0,0,0,0,0,0,0,0,0,0,0,0,0,58,
06-01-2026,FEA NJ,VESSEL,INVERTER,2,214,6,4,2,0,0,4.00,0.67,0.00,0.00,0,0,0,2,2,0,0,1,0,0,0,1,0,0,0,0,0,
06-01-2026,FEA FRE,VESSEL,INVERTER,1,50,50,0,0,50,0,0.00,0.00,5.00,0.00,0,0,0,0,0,0,0,0,0,0,0,0,0,0,50,0,0,
06-02-2023,FEI,VESSEL,INVERTER,7,129,7,3,4,0,0,3.00,1.33,0.00,0.00,0,3,0,0,0,0,1,0,0,0,1,2,0,0,0,0,0,
06-02-2023,FEI,VESSEL,TEMPERATURE CONTROL,5,115,7,0,7,0,0,0.00,0.53,0.00,0.00,0,0,0,0,0,0,1,0,0,0,0,0,5,1,0,0,0,
06-02-2023,FEI,AIRCRAFT,INVERTER,25,1240,125,28,10,87,0,28.00,3.33,8.70,0.00,23,4,1,0,0,0,1,3,0,3,0,3,0,0,87,0,0,
06-02-2023,FAP,VESSEL,INVERTER,5,121,17,12,5,0,0,12.00,1.67,0.00,0.00,0,12,0,0,0,0,0,0,0,0,1,4,0,0,0,0,0,
06-02-2024,FEA,VESSEL,TEMPERATURE CONTROL,8,481,12,0,12,0,0,0.00,1.60,0.00,0.00,0,0,0,0,0,0,3,0,1,0,0,0,4,4,0,0,0,
06-02-2024,FEE,AIRCRAFT,INVERTER,5,106,28,0,16,12,0,0.00,5.33,1.20,0.00,0,0,0,0,0,0,0,0,0,0,0,16,0,0,12,0,0,
06-02-2024,FEID,VESSEL,INVERTER,14,61,16,0,11,5,0,0.00,3.67,0.50,0.00,0,0,0,0,0,0,4,1,0,5,0,1,0,0,5,0,0,
06-02-2024,FEA TWMC,VESSEL,INVERTER,2,14,14,0,0,14,0,0.00,0.00,1.40,0.00,0,0,0,0,0,0,0,0,0,0,0,0,0,0,14,0,0,
06-02-2025,FAP,VESSEL,INVERTER,20,154,27,0,15,12,0,0.00,5.00,1.20,0.00,0,0,0,0,0,0,6,4,0,2,2,1,0,0,12,0,0,
06-02-2026,FAP,SEA,INVERTER,14,340,23,3,12,8,0,3.00,4.00,0.80,0.00,2,1,0,0,0,0,4,1,0,2,2,3,0,0,8,0,0,
06-02-2026,FEA NJ,SEA,INVERTER,2,42,13,1,2,10,0,1.00,0.67,1.00,0.00,0,0,0,0,1,0,0,1,0,0,0,1,0,0,10,0,0,
06-03-2024,FAP,VESSEL,INVERTER,7,31,27,0,1,26,0,0.00,0.33,2.60,0.00,0,0,0,0,0,0,1,0,0,0,0,0,0,0,26,0,0,
06-03-2024,FEA NJ,VESSEL,INVERTER,7,909,57,5,2,50,0,5.00,0.67,5.00,0.00,0,0,0,5,0,0,1,0,0,0,0,1,0,0,50,0,0,
06-06-2022,FEE,VESSEL,INVERTER,50,6589,389,88,43,258,0,88.00,14.33,25.80,0.00,0,0,0,75,12,1,7,5,0,4,8,19,0,0,258,0,0,
06-06-2022,FEF,AIRCRAFT,TEMPERATURE CONTROL,7,408,11,0,11,0,0,0.00,1.87,0.00,0.00,0,0,0,0,0,0,3,1,1,0,0,0,3,3,0,0,0,
06-06-2022,FEI,VESSEL,INVERTER,20,1010,37,15,13,9,0,15.00,4.33,0.90,0.00,10,2,3,0,0,0,2,5,0,2,1,3,0,0,9,0,0,
06-06-2022,FEI,AIRCRAFT,INVERTER,1,3,1,0,1,0,0,0.00,0.33,0.00,0.00,0,0,0,0,0,0,0,0,0,1,0,0,0,0,0,0,0,
06-06-2023,FEA TWMC,AIRCRAFT,INVERTER,3,101,26,6,2,18,0,6.00,0.67,1.80,0.00,0,0,0,0,6,0,1,0,0,0,0,1,0,0,18,0,0,
06-06-2023,FEA NJ,AIRCRAFT,INVERTER,2,49,10,0,1,9,0,0.00,0.33,0.90,0.00,0,0,0,0,0,0,0,0,0,0,0,1,0,0,9,0,0,
06-06-2023,FEI,VESSEL,INVERTER,54,1116,257,7,32,218,0,7.00,10.67,21.80,0.00,1,5,1,0,0,0,14,5,0,6,3,4,0,0,218,0,0,
06-06-2023,FEI,VESSEL,INVERTER,7,1045,12,7,5,0,0,7.00,1.67,0.00,0.00,5,1,1,0,0,0,2,0,0,0,2,1,0,0,0,0,0,
06-06-2023,FETW,AIRCRAFT,TEMPERATURE CONTROL,1,300,2,0,2,0,0,0.00,0.67,0.00,0.00,0,0,0,0,0,0,1,0,1,0,0,0,0,0,0,0,0,
06-06-2023,FEI,VESSEL,TEMPERATURE CONTROL,17,1289,29,0,29,0,0,0.00,3.97,0.00,0.00,0,0,0,0,0,0,1,0,9,0,0,0,16,3,0,0,0,
06-06-2024,FEE,VESSEL,INVERTER,40,3509,325,0,16,228,81,0.00,5.33,22.80,40.50,0,0,0,0,0,0,2,0,0,3,6,5,0,0,228,0,81,
06-06-2024,FEI,VESSEL,INVERTER,1,7,1,0,1,0,0,0.00,0.33,0.00,0.00,0,0,0,0,0,0,0,0,0,0,0,1,0,0,0,0,0,
06-06-2024,FEI,VESSEL,TEMPERATURE CONTROL,3,112,4,0,4,0,0,0.00,0.73,0.00,0.00,0,0,0,0,0,0,2,0,0,0,0,0,2,0,0,0,0,
06-06-2024,FAP,VESSEL,INVERTER,18,318,20,4,15,1,0,4.00,5.00,0.10,0.00,3,0,1,0,0,0,4,5,0,1,1,4,0,0,1,0,0,
06-07-2022,FEE,VESSEL,INVERTER,1,231,3,0,0,0,3,0.00,0.00,0.00,1.50,0,0,0,0,0,0,0,0,0,0,0,0,0,0,0,0,3,
06-07-2022,FEV,COURIER,TEMPERATURE CONTROL,1,8,1,0,1,0,0,0.00,0.03,0.00,0.00,0,0,0,0,0,0,0,0,0,0,0,0,1,0,0,0,0,
06-07-2022,FEI,VESSEL,INVERTER,2,189,3,1,2,0,0,1.00,0.67,0.00,0.00,1,0,0,0,0,0,0,1,0,0,1,0,0,0,0,0,0,
06-07-2022,FEC,VESSEL,INVERTER,1,149,4,4,0,0,0,4.00,0.00,0.00,0.00,4,0,0,0,0,0,0,0,0,0,0,0,0,0,0,0,0,
06-07-2023,FAP,COURIER,TEMPERATURE CONTROL,1,8,1,0,1,0,0,0.00,0.03,0.00,0.00,0,0,0,0,0,0,0,0,0,0,0,0,0,1,0,0,0,
06-08-2024,FEA NJ,VESSEL,INVERTER,3,183,4,0,4,0,0,0.00,1.33,0.00,0.00,0,0,0,0,0,0,0,1,0,1,0,2,0,0,0,0,0,
06-08-2024,FEID,VESSEL,INVERTER,7,28,7,0,7,0,0,0.00,2.33,0.00,0.00,0,0,0,0,0,0,3,3,0,0,1,0,0,0,0,0,0,
06-08-2025,FEID,VESSEL,INVERTER,2,33,2,0,2,0,0,0.00,0.67,0.00,0.00,0,0,0,0,0,0,1,1,0,0,0,0,0,0,0,0,0,
06-08-2025,FEE,VESSEL,INVERTER,16,2166,94,0,10,39,45,0.00,3.33,3.90,22.50,0,0,0,0,0,0,2,2,0,1,1,4,0,0,39,0,45,
06-08-2025,FEID,VESSEL,INVERTER,20,104,21,0,19,2,0,0.00,6.33,0.20,0.00,0,0,0,0,0,0,10,5,0,3,1,0,0,0,2,0,0,
06-08-2025,FEA NJ,VESSEL,INVERTER,3,2299,173,44,0,129,0,44.00,0.00,12.90,0.00,0,0,0,42,2,0,0,0,0,0,0,0,0,0,129,0,0,
06-09-2022,FEA NJ,VESSEL,INVERTER,14,290,34,8,8,18,0,8.00,2.67,1.80,0.00,0,0,0,0,7,1,2,0,0,2,0,4,0,0,18,0,0,
06-09-2022,FEI,VESSEL,INVERTER,43,3352,322,40,25,257,0,40.00,8.33,25.70,0.00,26,14,0,0,0,0,11,3,0,3,3,5,0,0,257,0,0,
06-09-2022,FEID,VESSEL,INVERTER,17,222,19,1,13,5,0,1.00,4.33,0.50,0.00,0,1,0,0,0,0,10,1,0,2,0,0,0,0,5,0,0,
06-09-2022,FEA TWMC,VESSEL,INVERTER,6,122,63,5,2,56,0,5.00,0.67,5.60,0.00,0,0,0,4,1,0,0,0,0,1,1,0,0,0,56,0,0,
06-09-2022,FEA ROA,VESSEL,INVERTER,1,1,1,0,1,0,0,0.00,0.33,0.00,0.00,0,0,0,0,0,0,1,0,0,0,0,0,0,0,0,0,0,
06-09-2022,FEA NJ,AIRCRAFT,INVERTER,1,18,2,1,1,0,0,1.00,0.33,0.00,0.00,0,0,0,1,0,0,0,0,0,0,0,1,0,0,0,0,0,
06-09-2024,FEI,AIRCRAFT,INVERTER,1,22,1,0,1,0,0,0.00,0.33,0.00,0.00,0,0,0,0,0,0,0,0,0,0,1,0,0,0,0,0,0,
06-10-2022,FEK,VESSEL,INVERTER,4,54,54,0,0,54,0,0.00,0.00,5.40,0.00,0,0,0,0,0,0,0,0,0,0,0,0,0,0,54,0,0,
06-10-2022,FEE,AIRCRAFT,INVERTER,7,124,12,3,9,0,0,3.00,3.00,0.00,0.00,0,0,0,1,2,0,0,0,0,1,1,7,0,0,0,0,0,
06-10-2022,FEI,VESSEL,TEMPERATURE CONTROL,1,35,1,0,1,0,0,0.00,0.03,0.00,0.00,0,0,0,0,0,0,0,0,0,0,0,0,0,1,0,0,0,
06-10-2022,FAP,VESSEL,INVERTER,31,833,72,16,25,31,0,16.00,8.33,3.10,0.00,6,7,3,0,0,0,4,5,0,3,7,6,0,0,31,0,0,
06-10-2023,FEA TWMC,VESSEL,INVERTER,1,3,3,0,0,3,0,0.00,0.00,0.30,0.00,0,0,0,0,0,0,0,0,0,0,0,0,0,0,3,0,0,
06-11-2023,FEF,AIRCRAFT,TEMPERATURE CONTROL,5,92,7,0,7,0,0,0.00,0.23,0.00,0.00,0,0,0,0,0,0,0,0,0,0,0,0,6,1,0,0,0,
06-11-2023,FEE,AIRCRAFT,INVERTER,2,2,2,0,0,2,0,0.00,0.00,0.20,0.00,0,0,0,0,0,0,0,0,0,0,0,0,0,0,2,0,0,
06-11-2023,FAP,VESSEL,INVERTER,3,9,9,0,0,9,0,0.00,0.00,0.90,0.00,0,0,0,0,0,0,0,0,0,0,0,0,0,0,9,0,0,
06-11-2025,FEI,VESSEL,INVERTER,3,80,10,0,3,7,0,0.00,1.00,0.70,0.00,0,0,0,0,0,0,1,0,0,1,0,1,0,0,7,0,0,
06-12-2022,FEA NJ,AIRCRAFT,INVERTER,1,11,11,0,0,11,0,0.00,0.00,1.10,0.00,0,0,0,0,0,0,0,0,0,0,0,0,0,0,11,0,0,
06-12-2022,FEID,VESSEL,INVERTER,42,157,51,0,33,18,0,0.00,11.00,1.80,0.00,0,0,0,0,0,0,11,7,0,6,6,3,0,0,18,0,0,
06-12-2022,FEF,AIRCRAFT,TEMPERATURE CONTROL,3,49,5,0,5,0,0,0.00,1.07,0.00,0.00,0,0,0,0,0,0,2,0,0,0,0,1,2,0,0,0,0,
06-12-2022,FEI,VESSEL,INVERTER,9,458,104,13,7,84,0,13.00,2.33,8.40,0.00,12,1,0,0,0,0,4,0,0,1,2,0,0,0,84,0,0,
06-12-2022,FEA NJ,VESSEL,INVERTER,21,2376,62,21,15,26,0,21.00,5.00,2.60,0.00,0,0,0,18,3,0,5,2,0,1,3,4,0,0,26,0,0,
06-12-2023,FEI,AIRCRAFT,INVERTER,1,1,1,0,0,1,0,0.00,0.00,0.10,0.00,0,0,0,0,0,0,0,0,0,0,0,0,0,0,1,0,0,
06-12-2023,FEA NJ,VESSEL,INVERTER,10,59,59,0,0,59,0,0.00,0.00,5.90,0.00,0,0,0,0,0,0,0,0,0,0,0,0,0,0,59,0,0,
06-12-2023,FEI,VESSEL,INVERTER,3,20,20,0,0,20,0,0.00,0.00,2.00,0.00,0,0,0,0,0,0,0,0,0,0,0,0,0,0,20,0,0,
06-12-2023,FEI,VESSEL,TEMPERATURE CONTROL,1,150,1,0,1,0,0,0.00,0.33,0.00,0.00,0,0,0,0,0,0,0,1,0,0,0,0,0,0,0,0,0,
06-12-2023,FETW,AIRCRAFT,TEMPERATURE CONTROL,3,145,3,0,3,0,0,0.00,0.70,0.00,0.00,0,0,0,0,0,0,1,0,1,0,0,0,0,1,0,0,0,
06-12-2023,FEF,AIRCRAFT,TEMPERATURE CONTROL,13,340,18,0,18,0,0,0.00,0.60,0.00,0.00,0,0,0,0,0,0,0,0,0,0,0,0,12,6,0,0,0,
06-12-2024,FEE,VESSEL,INVERTER,1,759,54,0,1,48,5,0.00,0.33,4.80,2.50,0,0,0,0,0,0,0,0,0,0,0,1,0,0,48,0,5,
07-01-2022,FEA NJ,VESSEL,INVERTER,3,31,3,0,3,0,0,0.00,1.00,0.00,0.00,0,0,0,0,0,0,1,1,0,1,0,0,0,0,0,0,0,
07-01-2022,FEA NJ,AIRCRAFT,INVERTER,1,38,1,1,0,0,0,1.00,0.00,0.00,0.00,0,0,0,0,1,0,0,0,0,0,0,0,0,0,0,0,0,
07-01-2026,FEID,VESSEL,INVERTER,33,179,36,0,29,7,0,0.00,9.67,0.70,0.00,0,0,0,0,0,0,15,6,0,3,3,2,0,0,7,0,0,
07-02-2022,FEF,AIRCRAFT,TEMPERATURE CONTROL,5,23,5,0,5,0,0,0.00,0.77,0.00,0.00,0,0,0,0,0,0,0,0,0,0,1,1,2,1,0,0,0,
07-02-2022,FETW,AIRCRAFT,TEMPERATURE CONTROL,4,253,6,0,6,0,0,0.00,1.40,0.00,0.00,0,0,0,0,0,0,2,0,2,0,0,0,2,0,0,0,0,
07-02-2023,FEA NJ,VESSEL,INVERTER,9,863,36,12,3,21,0,12.00,1.00,2.10,0.00,0,0,0,5,7,0,1,0,0,0,1,1,0,0,21,0,0,
07-02-2023,FEID,VESSEL,INVERTER,19,90,30,0,11,19,0,0.00,3.67,1.90,0.00,0,0,0,0,0,0,5,1,0,3,0,2,0,0,19,0,0,
07-02-2023,FEA NJ AID,VESSEL,INVERTER,4,31,31,0,0,31,0,0.00,0.00,3.10,0.00,0,0,0,0,0,0,0,0,0,0,0,0,0,0,31,0,0,
07-02-2023,FEA NJ,AIRCRAFT,INVERTER,1,7,7,0,0,7,0,0.00,0.00,0.70,0.00,0,0,0,0,0,0,0,0,0,0,0,0,0,0,7,0,0,
07-02-2023,FEK,AIRCRAFT,TEMPERATURE CONTROL,1,36,2,0,2,0,0,0.00,0.07,0.00,0.00,0,0,0,0,0,0,0,0,0,0,0,0,1,1,0,0,0,
07-02-2023,FEF,AIRCRAFT,TEMPERATURE CONTROL,7,70,9,0,9,0,0,0.00,0.90,0.00,0.00,0,0,0,0,0,0,1,1,0,0,0,0,5,2,0,0,0,
07-02-2023,FEF,VESSEL,TEMPERATURE CONTROL,1,10,1,0,1,0,0,0.00,0.03,0.00,0.00,0,0,0,0,0,0,0,0,0,0,0,0,1,0,0,0,0,
07-02-2024,FEA NJ AID,VESSEL,INVERTER,1,2,2,0,0,2,0,0.00,0.00,0.20,0.00,0,0,0,0,0,0,0,0,0,0,0,0,0,0,2,0,0,
07-02-2024,FEA NJ,TRUCK,INVERTER,9,225,53,7,8,38,0,7.00,2.67,3.80,0.00,0,0,0,5,2,0,0,3,0,0,0,5,0,0,38,0,0,
07-02-2024,FEA ROA,AIRCRAFT,INVERTER,1,1,1,0,0,1,0,0.00,0.00,0.10,0.00,0,0,0,0,0,0,0,0,0,0,0,0,0,0,1,0,0,
07-02-2024,FEA NJ,VESSEL,INVERTER,16,154,84,1,4,79,0,1.00,1.33,7.90,0.00,0,0,0,0,1,0,0,1,0,0,2,1,0,0,79,0,0,
07-03-2022,FEI,AIRCRAFT,INVERTER,1,2,2,0,0,2,0,0.00,0.00,0.20,0.00,0,0,0,0,0,0,0,0,0,0,0,0,0,0,2,0,0,
07-03-2022,FEI,VESSEL,INVERTER,1,5,5,0,0,5,0,0.00,0.00,0.50,0.00,0,0,0,0,0,0,0,0,0,0,0,0,0,0,5,0,0,
07-03-2022,FEI,AIRCRAFT,TEMPERATURE CONTROL,1,993,2,1,1,0,0,1.00,0.03,0.00,0.00,1,0,0,0,0,0,0,0,0,0,0,0,0,1,0,0,0,
07-03-2022,FEF,AIRCRAFT,TEMPERATURE CONTROL,9,157,14,0,14,0,0,0.00,2.57,0.00,0.00,0,0,0,0,0,0,6,0,0,1,0,0,3,4,0,0,0,
07-03-2023,FEA NJ,VESSEL,INVERTER,17,467,62,15,9,38,0,15.00,3.00,3.80,0.00,0,0,0,3,11,1,1,0,0,2,4,2,0,0,38,0,0,
07-03-2023,FEA NJ AID,VESSEL,INVERTER,7,186,135,4,3,128,0,4.00,1.00,12.80,0.00,0,0,0,4,0,0,0,1,0,0,1,1,0,0,128,0,0,
07-03-2023,FEI,VESSEL,TEMPERATURE CONTROL,14,1264,22,0,22,0,0,0.00,3.73,0.00,0.00,0,0,0,0,0,0,1,0,9,0,0,0,8,4,0,0,0,
07-03-2023,FEF,VESSEL,TEMPERATURE CONTROL,2,70,4,0,4,0,0,0.00,0.13,0.00,0.00,0,0,0,0,0,0,0,0,0,0,0,0,3,1,0,0,0,
07-03-2023,FEA NJ,AIRCRAFT,INVERTER,1,2,2,0,0,2,0,0.00,0.00,0.20,0.00,0,0,0,0,0,0,0,0,0,0,0,0,0,0,2,0,0,
07-03-2023,FEI,VESSEL,INVERTER,32,2011,64,27,27,10,0,27.00,9.00,1.00,0.00,20,5,2,0,0,0,5,5,0,5,7,5,0,0,10,0,0,
07-03-2023,FEF,AIRCRAFT,TEMPERATURE CONTROL,8,203,8,0,8,0,0,0.00,1.17,0.00,0.00,0,0,0,0,0,0,1,0,1,1,0,0,2,3,0,0,0,
07-03-2023,FEID,AIRCRAFT,TEMPERATURE CONTROL,8,459,14,0,14,0,0,0.00,1.67,0.00,0.00,0,0,0,0,0,0,0,0,4,0,0,0,6,4,0,0,0,
07-03-2023,FEI,AIRCRAFT,INVERTER,1,4,4,0,0,4,0,0.00,0.00,0.40,0.00,0,0,0,0,0,0,0,0,0,0,0,0,0,0,4,0,0,
07-03-2024,FEE,AIRCRAFT,INVERTER,25,815,162,22,24,116,0,22.00,8.00,11.60,0.00,0,0,0,12,10,0,0,1,0,2,3,18,0,0,116,0,0,
07-03-2024,FEC,VESSEL,TEMPERATURE CONTROL,1,300,3,0,3,0,0,0.00,1.00,0.00,0.00,0,0,0,0,0,0,0,0,3,0,0,0,0,0,0,0,0,
07-03-2024,FEA,VESSEL,TEMPERATURE CONTROL,3,208,3,0,3,0,0,0.00,0.70,0.00,0.00,0,0,0,0,0,0,2,0,0,0,0,0,1,0,0,0,0,
07-04-2022,FEA NJ,VESSEL,INVERTER,9,517,62,10,6,46,0,10.00,2.00,4.60,0.00,0,0,0,6,3,1,3,0,0,1,1,1,0,0,46,0,0,
07-04-2022,FAP,VESSEL,INVERTER,3,31,4,1,3,0,0,1.00,1.00,0.00,0.00,1,0,0,0,0,0,2,0,0,0,0,1,0,0,0,0,0,
07-04-2022,FEE,AIRCRAFT,INVERTER,2,146,2,0,2,0,0,0.00,0.67,0.00,0.00,0,0,0,0,0,0,0,0,0,1,0,1,0,0,0,0,0,
07-04-2022,FAP,VESSEL,INVERTER,10,945,23,13,8,2,0,13.00,2.67,0.20,0.00,11,2,0,0,0,0,1,2,0,2,2,1,0,0,2,0,0,
07-04-2022,FEA NJ,AIRCRAFT,INVERTER,5,25,14,0,2,12,0,0.00,0.67,1.20,0.00,0,0,0,0,0,0,1,0,0,1,0,0,0,0,12,0,0,
07-04-2022,FEV,COURIER,TEMPERATURE CONTROL,2,10,2,0,2,0,0,0.00,0.07,0.00,0.00,0,0,0,0,0,0,0,0,0,0,0,0,2,0,0,0,0,
07-04-2022,FET,COURIER,VENDING MACHINE,1,10,10,0,0,10,0,0.00,0.00,10.00,0.00,0,0,0,0,0,0,0,0,0,0,0,0,0,0,0,10,0,
07-04-2023,FAP,AIRCRAFT,INVERTER,2,28,2,1,1,0,0,1.00,0.33,0.00,0.00,0,0,1,0,0,0,0,0,0,1,0,0,0,0,0,0,0,
07-04-2023,FEC,AIRCRAFT,TEMPERATURE CONTROL,1,18,1,0,1,0,0,0.00,0.03,0.00,0.00,0,0,0,0,0,0,0,0,0,0,0,0,0,1,0,0,0,
07-04-2023,FAP,VESSEL,INVERTER,32,317,37,1,26,10,0,1.00,8.67,1.00,0.00,1,0,0,0,0,0,4,4,0,11,5,2,0,0,10,0,0,
07-05-2024,FEA TWMC,VESSEL,INVERTER,2,20,2,0,2,0,0,0.00,0.67,0.00,0.00,0,0,0,0,0,0,0,0,0,0,0,2,0,0,0,0,0,
07-05-2024,FEA FRE,VESSEL,INVERTER,2,6,6,0,0,6,0,0.00,0.00,0.60,0.00,0,0,0,0,0,0,0,0,0,0,0,0,0,0,6,0,0,
07-05-2024,FEE,VESSEL,INVERTER,2,111,2,0,2,0,0,0.00,0.67,0.00,0.00,0,0,0,0,0,0,0,0,0,0,2,0,0,0,0,0,0,
07-05-2025,FEE,AIRCRAFT,INVERTER,4,160,4,1,3,0,0,1.00,1.00,0.00,0.00,0,0,0,1,0,0,0,1,0,1,0,1,0,0,0,0,0,
07-05-2025,FETW,AIRCRAFT,INVERTER,1,7,1,0,1,0,0,0.00,0.33,0.00,0.00,0,0,0,0,0,0,0,0,0,0,0,1,0,0,0,0,0,
07-06-2022,FEA FRE,VESSEL,INVERTER,1,329,4,4,0,0,0,4.00,0.00,0.00,0.00,0,0,0,2,2,0,0,0,0,0,0,0,0,0,0,0,0,
07-06-2022,FEI,VESSEL,INVERTER,4,903,11,6,5,0,0,6.00,1.67,0.00,0.00,5,1,0,0,0,0,0,1,0,0,0,4,0,0,0,0,0,
07-06-2023,FEF,AIRCRAFT,TEMPERATURE CONTROL,13,1683,18,1,17,0,0,1.00,2.37,0.00,0.00,1,0,0,0,0,0,0,0,6,0,0,0,7,4,0,0,0,
07-06-2023,FEID,VESSEL,INVERTER,25,74,29,0,19,10,0,0.00,6.33,1.00,0.00,0,0,0,0,0,0,15,2,0,2,0,0,0,0,10,0,0,
07-07-2022,FEK,VESSEL,TEMPERATURE CONTROL,3,350,5,0,5,0,0,0.00,1.07,0.00,0.00,0,0,0,0,0,0,1,0,2,0,0,0,1,1,0,0,0,
07-07-2022,FAP,VESSEL,INVERTER,44,1138,74,19,29,26,0,19.00,9.67,2.60,0.00,12,4,3,0,0,0,8,4,0,6,6,5,0,0,26,0,0,
07-07-2022,FEK,VESSEL,INVERTER,2,182,18,4,1,13,0,4.00,0.33,1.30,0.00,0,4,0,0,0,0,0,0,0,0,0,1,0,0,13,0,0,
07-07-2023,FAP,VESSEL,INVERTER,47,512,89,29,37,23,0,29.00,12.33,2.30,0.00,4,25,0,0,0,0,11,1,0,2,12,11,0,0,23,0,0,
07-07-2023,FEI,AIRCRAFT,INVERTER,1,1,1,0,0,1,0,0.00,0.00,0.10,0.00,0,0,0,0,0,0,0,0,0,0,0,0,0,0,1,0,0,
07-08-2023,FEA NJ AID,VESSEL,INVERTER,4,43,35,1,1,33,0,1.00,0.33,3.30,0.00,0,0,0,0,1,0,0,0,0,1,0,0,0,0,33,0,0,
07-08-2023,FEI,VESSEL,INVERTER,92,4612,227,51,53,123,0,51.00,17.67,12.30,0.00,26,24,1,0,0,0,13,6,0,9,13,12,0,0,123,0,0,
07-08-2023,FEI,VESSEL,TEMPERATURE CONTROL,7,1087,10,1,9,0,0,1.00,0.90,0.00,0.00,1,0,0,0,0,0,1,0,1,0,0,0,7,0,0,0,0,
07-08-2023,FEA NJ,VESSEL,INVERTER,30,1418,107,38,18,51,0,38.00,6.00,5.10,0.00,0,0,0,27,10,1,5,1,0,3,2,7,0,0,51,0,0,
07-08-2024,FEA NJ,VESSEL,INVERTER,1,50,1,0,1,0,0,0.00,0.33,0.00,0.00,0,0,0,0,0,0,0,0,0,0,1,0,0,0,0,0,0,
07-09-2022,FEK,VESSEL,INVERTER,5,44,22,1,0,21,0,1.00,0.00,2.10,0.00,0,0,1,0,0,0,0,0,0,0,0,0,0,0,21,0,0,
07-09-2022,FETW,COURIER,INVERTER,1,1,1,0,1,0,0,0.00,0.33,0.00,0.00,0,0,0,0,0,0,1,0,0,0,0,0,0,0,0,0,0,
07-09-2023,FEA NJ,VESSEL,INVERTER,23,431,92,25,15,52,0,25.00,5.00,5.20,0.00,0,0,0,10,14,1,4,1,0,3,3,4,0,0,52,0,0,
07-09-2023,FEI,VESSEL,INVERTER,35,1197,63,14,24,25,0,14.00,8.00,2.50,0.00,9,3,2,0,0,0,13,3,0,3,0,5,0,0,25,0,0,
07-09-2023,FEI,AIRCRAFT,TEMPERATURE CONTROL,13,5947,37,4,33,0,0,4.00,8.90,0.00,0.00,4,0,0,0,0,0,2,0,24,0,0,0,4,3,0,0,0,
07-09-2023,FEE,AIRCRAFT,INVERTER,1,50,9,8,1,0,0,8.00,0.33,0.00,0.00,0,0,0,0,8,0,0,0,0,0,1,0,0,0,0,0,0,
07-10-2022,FEE,VESSEL,INVERTER,14,369,44,8,20,16,0,8.00,6.67,1.60,0.00,0,0,0,4,4,0,2,0,0,0,2,16,0,0,16,0,0,
07-10-2024,FEA NJ,VESSEL,INVERTER,21,5524,202,97,16,89,0,97.00,5.33,8.90,0.00,0,0,0,70,27,0,1,1,0,2,2,10,0,0,89,0,0,
07-10-2024,FEE,VESSEL,INVERTER,1,930,5,0,0,0,5,0.00,0.00,0.00,2.50,0,0,0,0,0,0,0,0,0,0,0,0,0,0,0,0,5,
07-10-2025,FEA NJ,VESSEL,INVERTER,1,1204,10,9,1,0,0,9.00,0.33,0.00,0.00,0,0,0,9,0,0,0,0,0,0,1,0,0,0,0,0,0,
07-11-2022,FEE,VESSEL,INVERTER,33,1685,140,0,18,75,47,0.00,6.00,7.50,23.50,0,0,0,0,0,0,2,0,0,4,3,9,0,0,75,0,47,
07-11-2022,FEE,AIRCRAFT,INVERTER,14,719,23,11,12,0,0,11.00,4.00,0.00,0.00,0,0,0,7,4,0,4,1,0,1,4,2,0,0,0,0,0,
07-11-2022,FEF,AIRCRAFT,TEMPERATURE CONTROL,6,318,8,1,7,0,0,1.00,1.43,0.00,0.00,0,1,0,0,0,0,3,0,1,0,0,0,1,2,0,0,0,
07-11-2022,FEC,VESSEL,TEMPERATURE CONTROL,9,6882,22,8,14,0,0,8.00,2.57,0.00,0.00,8,0,0,0,0,0,0,4,3,0,0,0,4,3,0,0,0,
07-11-2022,FEC,AIRCRAFT,TEMPERATURE CONTROL,1,3,1,0,1,0,0,0.00,0.03,0.00,0.00,0,0,0,0,0,0,0,0,0,0,0,0,1,0,0,0,0,
07-11-2023,FEE,AIRCRAFT,INVERTER,32,405,157,3,24,130,0,3.00,8.00,13.00,0.00,0,0,0,1,2,0,3,3,0,0,1,17,0,0,130,0,0,
07-11-2024,FEI,VESSEL,INVERTER,1,2935,60,29,0,31,0,29.00,0.00,3.10,0.00,27,2,0,0,0,0,0,0,0,0,0,0,0,0,31,0,0,
07-11-2025,FEE,VESSEL,INVERTER,2,251,7,0,0,0,7,0.00,0.00,0.00,3.50,0,0,0,0,0,0,0,0,0,0,0,0,0,0,0,0,7,
07-11-2025,FEE,AIRCRAFT,INVERTER,1,80,1,1,0,0,0,1.00,0.00,0.00,0.00,0,0,0,0,1,0,0,0,0,0,0,0,0,0,0,0,0,
07-12-2022,FAP,VESSEL,INVERTER,47,564,74,8,38,28,0,8.00,12.67,2.80,0.00,3,5,0,0,0,0,8,8,0,6,2,14,0,0,28,0,0,
07-12-2023,FEE,AIRCRAFT,INVERTER,11,789,17,7,6,4,0,7.00,2.00,0.40,0.00,0,0,0,6,1,0,0,0,0,2,1,3,0,0,4,0,0,
07-12-2023,FEE,AIRCRAFT,INVERTER,26,618,114,36,18,60,0,36.00,6.00,6.00,0.00,0,0,0,0,36,0,1,5,0,0,4,8,0,0,60,0,0,
07-12-2023,FEE,AIRCRAFT,INVERTER,20,530,66,15,9,42,0,15.00,3.00,4.20,0.00,0,0,0,9,5,1,0,0,0,3,4,2,0,0,42,0,0,
08-01-2022,FEE,AIRCRAFT,INVERTER,20,1197,90,32,14,44,0,32.00,4.67,4.40,0.00,0,0,0,15,17,0,3,1,0,5,1,4,0,0,44,0,0,
08-01-2024,FEI,VESSEL,TEMPERATURE CONTROL,2,55,2,0,2,0,0,0.00,0.37,0.00,0.00,0,0,0,0,0,0,0,0,1,0,0,0,0,1,0,0,0,
08-01-2025,FEID,VESSEL,INVERTER,11,75,11,0,9,2,0,0.00,3.00,0.20,0.00,0,0,0,0,0,0,5,1,0,3,0,0,0,0,2,0,0,
08-01-2025,FETW,VESSEL,INVERTER,9,355,28,2,7,19,0,2.00,2.33,1.90,0.00,1,1,0,0,0,0,1,1,0,1,1,3,0,0,19,0,0,
08-01-2026,FEA NJ,SEA,INVERTER,1,43,3,0,1,2,0,0.00,0.33,0.20,0.00,0,0,0,0,0,0,0,0,0,0,1,0,0,0,2,0,0,
08-01-2026,FEI,AIR,INVERTER,1,260,8,8,0,0,0,8.00,0.00,0.00,0.00,6,2,0,0,0,0,0,0,0,0,0,0,0,0,0,0,0,
08-02-2022,FEV,COURIER,TEMPERATURE CONTROL,1,6,1,0,1,0,0,0.00,0.03,0.00,0.00,0,0,0,0,0,0,0,0,0,0,0,0,1,0,0,0,0,
08-02-2022,FEA TWMC,AIRCRAFT,INVERTER,1,10,10,0,0,10,0,0.00,0.00,1.00,0.00,0,0,0,0,0,0,0,0,0,0,0,0,0,0,10,0,0,
08-02-2022,FEA ROA,AIRCRAFT,INVERTER,1,4,4,0,0,4,0,0.00,0.00,0.40,0.00,0,0,0,0,0,0,0,0,0,0,0,0,0,0,4,0,0,
08-02-2022,FEE,VESSEL,INVERTER,30,4225,111,0,13,17,81,0.00,4.33,1.70,40.50,0,0,0,0,0,0,1,1,0,1,5,5,0,0,17,0,81,
08-02-2022,FEA NJ,AIRCRAFT,INVERTER,7,279,9,4,4,1,0,4.00,1.33,0.10,0.00,0,0,0,1,3,0,0,1,0,1,0,2,0,0,1,0,0,
08-02-2022,FEF,AIRCRAFT,TEMPERATURE CONTROL,1,4,1,0,1,0,0,0.00,0.33,0.00,0.00,0,0,0,0,0,0,0,0,0,1,0,0,0,0,0,0,0,
08-02-2022,FEA NJ,VESSEL,INVERTER,7,1201,46,17,4,25,0,17.00,1.33,2.50,0.00,0,0,0,15,2,0,1,0,0,0,2,1,0,0,25,0,0,
08-02-2023,FEK,VESSEL,TEMPERATURE CONTROL,3,550,6,0,6,0,0,0.00,1.70,0.00,0.00,0,0,0,0,0,0,1,0,4,0,0,0,1,0,0,0,0,
08-02-2023,FETW,COURIER,TEMPERATURE CONTROL,1,4,1,0,1,0,0,0.00,0.03,0.00,0.00,0,0,0,0,0,0,0,0,0,0,0,0,1,0,0,0,0,
08-02-2023,FETW,AIRCRAFT,TEMPERATURE CONTROL,7,394,12,0,12,0,0,0.00,0.40,0.00,0.00,0,0,0,0,0,0,0,0,0,0,0,0,9,3,0,0,0,
08-02-2024,FAP,VESSEL,INVERTER,25,224,58,2,13,43,0,2.00,4.33,4.30,0.00,0,1,1,0,0,0,5,0,0,1,5,2,0,0,43,0,0,
08-02-2024,FEI,VESSEL,INVERTER,8,67,28,2,1,25,0,2.00,0.33,2.50,0.00,2,0,0,0,0,0,1,0,0,0,0,0,0,0,25,0,0,
08-02-2024,FEA NJ AID,VESSEL,INVERTER,2,8,8,0,0,8,0,0.00,0.00,0.80,0.00,0,0,0,0,0,0,0,0,0,0,0,0,0,0,8,0,0,
08-03-2022,FEA FRE,AIRCRAFT,INVERTER,1,9,9,0,0,9,0,0.00,0.00,0.90,0.00,0,0,0,0,0,0,0,0,0,0,0,0,0,0,9,0,0,
08-03-2022,FEA TWMC,AIRCRAFT,INVERTER,2,30,30,0,0,30,0,0.00,0.00,3.00,0.00,0,0,0,0,0,0,0,0,0,0,0,0,0,0,30,0,0,
08-03-2022,FEA TWMC,VESSEL,INVERTER,4,19,19,0,0,19,0,0.00,0.00,1.90,0.00,0,0,0,0,0,0,0,0,0,0,0,0,0,0,19,0,0,
08-03-2022,FEK,VESSEL,INVERTER,1,7,7,0,0,7,0,0.00,0.00,0.70,0.00,0,0,0,0,0,0,0,0,0,0,0,0,0,0,7,0,0,
08-03-2022,FAP,VESSEL,INVERTER,3,125,8,1,2,5,0,1.00,0.67,0.50,0.00,0,1,0,0,0,0,0,0,0,0,2,0,0,0,5,0,0,
08-03-2022,FEA NJ,VESSEL,INVERTER,8,1564,58,14,5,39,0,14.00,1.67,3.90,0.00,0,0,0,13,1,0,1,0,0,2,1,1,0,0,39,0,0,
08-03-2022,FAP,AIRCRAFT,TEMPERATURE CONTROL,1,2,1,0,1,0,0,0.00,0.03,0.00,0.00,0,0,0,0,0,0,0,0,0,0,0,0,1,0,0,0,0,
08-03-2022,FEA NJ,AIRCRAFT,INVERTER,3,44,3,0,2,1,0,0.00,0.67,0.10,0.00,0,0,0,0,0,0,0,1,0,0,1,0,0,0,1,0,0,
08-03-2023,FEID,VESSEL,INVERTER,18,44,22,0,14,8,0,0.00,4.67,0.80,0.00,0,0,0,0,0,0,9,3,0,1,0,1,0,0,8,0,0,
08-04-2022,FEF,AIRCRAFT,TEMPERATURE CONTROL,4,79,5,0,5,0,0,0.00,1.07,0.00,0.00,0,0,0,0,0,0,2,0,0,0,1,0,2,0,0,0,0,
08-04-2022,WuXi,AIRCRAFT,TEMPERATURE CONTROL,2,19,4,0,4,0,0,0.00,1.33,0.00,0.00,0,0,0,0,0,0,3,0,0,1,0,0,0,0,0,0,0,
08-04-2022,FEI,AIRCRAFT,TEMPERATURE CONTROL,2,210,2,0,2,0,0,0.00,0.37,0.00,0.00,0,0,0,0,0,0,0,1,0,0,0,0,0,1,0,0,0,
08-05-2023,FEE,VESSEL,INVERTER,3,248,6,0,2,0,4,0.00,0.67,0.00,2.00,0,0,0,0,0,0,0,1,0,0,0,1,0,0,0,0,4,
08-05-2023,FEF,AIRCRAFT,TEMPERATURE CONTROL,7,144,9,0,9,0,0,0.00,1.20,0.00,0.00,0,0,0,0,0,0,1,0,0,0,1,1,5,1,0,0,0,
08-05-2024,FEF,AIRCRAFT,TEMPERATURE CONTROL,4,150,5,0,5,0,0,0.00,0.47,0.00,0.00,0,0,0,0,0,0,1,0,0,0,0,0,2,2,0,0,0,
08-05-2024,FAP,VESSEL,INVERTER,1,100,1,0,1,0,0,0.00,0.33,0.00,0.00,0,0,0,0,0,0,0,0,0,0,0,1,0,0,0,0,0,
08-05-2024,FEID,VESSEL,INVERTER,8,44,8,0,7,1,0,0.00,2.33,0.10,0.00,0,0,0,0,0,0,4,1,0,1,1,0,0,0,1,0,0,
08-05-2025,FAP,VESSEL,INVERTER,17,231,32,6,11,15,0,6.00,3.67,1.50,0.00,1,5,0,0,0,0,6,1,0,0,1,3,0,0,15,0,0,
08-05-2025,FAP,COURIER,INVERTER,1,7,1,0,1,0,0,0.00,0.33,0.00,0.00,0,0,0,0,0,0,1,0,0,0,0,0,0,0,0,0,0,
08-05-2025,FEE,VESSEL,INVERTER,9,1265,113,0,4,94,15,0.00,1.33,9.40,7.50,0,0,0,0,0,0,0,1,0,0,1,2,0,0,94,0,15,
08-06-2022,FEI,VESSEL,TEMPERATURE CONTROL,3,559,7,0,7,0,0,0.00,1.43,0.00,0.00,0,0,0,0,0,0,0,0,4,0,0,0,2,1,0,0,0,
08-06-2022,FEA NJ,VESSEL,INVERTER,17,1182,80,19,10,51,0,19.00,3.33,5.10,0.00,0,0,0,8,11,0,3,0,0,3,2,2,0,0,51,0,0,
08-06-2022,FEA NJ,COURIER,INVERTER,1,20,5,0,5,0,0,0.00,1.67,0.00,0.00,0,0,0,0,0,0,0,5,0,0,0,0,0,0,0,0,0,
08-06-2022,FEA NJ,AIRCRAFT,INVERTER,3,39,39,0,1,38,0,0.00,0.33,3.80,0.00,0,0,0,0,0,0,1,0,0,0,0,0,0,0,38,0,0,
08-06-2023,FEI,AIRCRAFT,INVERTER,1,3,3,0,0,3,0,0.00,0.00,0.30,0.00,0,0,0,0,0,0,0,0,0,0,0,0,0,0,3,0,0,
08-06-2023,FETW,VESSEL,INVERTER,6,1184,12,7,5,0,0,7.00,1.67,0.00,0.00,5,2,0,0,0,0,1,0,0,0,2,2,0,0,0,0,0,
08-06-2023,FAP,VESSEL,INVERTER,33,187,61,2,23,36,0,2.00,7.67,3.60,0.00,0,1,1,0,0,0,4,9,0,2,7,1,0,0,36,0,0,
08-07-2024,FEF,AIRCRAFT,TEMPERATURE CONTROL,4,33,5,0,5,0,0,0.00,0.17,0.00,0.00,0,0,0,0,0,0,0,0,0,0,0,0,5,0,0,0,0,
08-07-2024,FEI,VESSEL,TEMPERATURE CONTROL,8,2448,19,2,17,0,0,2.00,5.37,0.00,0.00,2,0,0,0,0,0,3,0,13,0,0,0,0,1,0,0,0,
08-08-2022,FEE,AIRCRAFT,INVERTER,9,356,11,1,10,0,0,1.00,3.33,0.00,0.00,0,0,0,0,0,1,6,0,0,1,2,1,0,0,0,0,0,
08-08-2022,FEID,VESSEL,INVERTER,10,67,10,0,9,1,0,0.00,3.00,0.10,0.00,0,0,0,0,0,0,8,0,0,1,0,0,0,0,1,0,0,
08-08-2022,FEID,AIRCRAFT,TEMPERATURE CONTROL,6,175,10,0,10,0,0,0.00,0.93,0.00,0.00,0,0,0,0,0,0,1,0,1,0,0,0,7,1,0,0,0,
08-08-2022,FEID,VESSEL,TEMPERATURE CONTROL,2,77,3,0,3,0,0,0.00,0.10,0.00,0.00,0,0,0,0,0,0,0,0,0,0,0,0,1,2,0,0,0,
08-08-2023,FAP,AIRCRAFT,INVERTER,4,5,5,0,0,5,0,0.00,0.00,0.50,0.00,0,0,0,0,0,0,0,0,0,0,0,0,0,0,5,0,0,
08-08-2025,FEI,VESSEL,INVERTER,5,255,9,2,3,4,0,2.00,1.00,0.40,0.00,2,0,0,0,0,0,1,1,0,1,0,0,0,0,4,0,0,
08-09-2022,FEA NJ,VESSEL,INVERTER,1,5,5,0,0,5,0,0.00,0.00,0.50,0.00,0,0,0,0,0,0,0,0,0,0,0,0,0,0,5,0,0,
08-09-2022,FAP,VESSEL,INVERTER,38,1262,124,27,24,73,0,27.00,7.40,7.30,0.00,8,17,2,0,0,0,3,3,0,4,3,9,2,0,73,0,0,
08-09-2025,FEA NJ,VESSEL,INVERTER,4,337,19,11,4,4,0,11.00,1.33,0.40,0.00,0,0,0,11,0,0,2,0,0,1,0,1,0,0,4,0,0,
08-10-2024,FEID,VESSEL,INVERTER,15,165,18,1,14,3,0,1.00,4.67,0.30,0.00,0,0,1,0,0,0,8,4,0,1,0,1,0,0,3,0,0,
08-10-2024,FEA Nakano,VESSEL,INVERTER,1,24,24,0,0,24,0,0.00,0.00,2.40,0.00,0,0,0,0,0,0,0,0,0,0,0,0,0,0,24,0,0,
08-10-2025,FEI,VESSEL,INVERTER,4,5262,61,31,1,29,0,31.00,0.33,2.90,0.00,29,2,0,0,0,0,0,0,0,0,1,0,0,0,29,0,0,
08-11-2022,FEA NJ,VESSEL,INVERTER,22,839,74,7,9,58,0,7.00,3.00,5.80,0.00,0,0,0,7,0,0,1,1,0,3,4,0,0,0,58,0,0,
08-11-2022,FEID,VESSEL,INVERTER,15,73,15,1,13,1,0,1.00,4.33,0.10,0.00,0,1,0,0,0,0,1,7,0,2,2,1,0,0,1,0,0,
08-11-2022,FEK,VESSEL,INVERTER,8,70,61,0,1,60,0,0.00,0.33,6.00,0.00,0,0,0,0,0,0,0,0,0,1,0,0,0,0,60,0,0,
08-11-2022,FEA TWMC,VESSEL,INVERTER,7,125,125,0,0,125,0,0.00,0.00,12.50,0.00,0,0,0,0,0,0,0,0,0,0,0,0,0,0,125,0,0,
08-11-2023,FEI,VESSEL,INVERTER,24,1410,50,24,12,14,0,24.00,4.00,1.40,0.00,16,8,0,0,0,0,3,1,0,2,3,3,0,0,14,0,0,
08-11-2023,FEI,VESSEL,TEMPERATURE CONTROL,1,301,3,0,3,0,0,0.00,1.00,0.00,0.00,0,0,0,0,0,0,1,0,2,0,0,0,0,0,0,0,0,
08-11-2023,FEI,VESSEL,TEMPERATURE CONTROL,8,575,12,0,12,0,0,0.00,2.20,0.00,0.00,0,0,0,0,0,0,4,0,2,0,0,0,5,1,0,0,0,
08-11-2023,FEID,VESSEL,INVERTER,9,29,15,0,5,10,0,0.00,1.67,1.00,0.00,0,0,0,0,0,0,5,0,0,0,0,0,0,0,10,0,0,
08-11-2023,FEA NJ,VESSEL,INVERTER,14,432,87,21,8,58,0,21.00,2.67,5.80,0.00,0,0,0,12,9,0,2,0,0,1,3,2,0,0,58,0,0,
08-11-2024,FEE,AIRCRAFT,INVERTER,2,367,7,6,1,0,0,6.00,0.33,0.00,0.00,0,0,0,5,1,0,0,0,0,0,1,0,0,0,0,0,0,
08-11-2024,FEA TWMC,VESSEL,INVERTER,1,16,16,0,1,15,0,0.00,0.33,1.50,0.00,0,0,0,0,0,0,1,0,0,0,0,0,0,0,15,0,0,
08-12-2023,FEE,AIRCRAFT,INVERTER,7,276,11,5,6,0,0,5.00,2.00,0.00,0.00,0,0,0,0,4,1,3,0,0,0,0,3,0,0,0,0,0,
08-12-2025,FEI,AIRCRAFT,INVERTER,1,49,2,1,1,0,0,1.00,0.33,0.00,0.00,1,0,0,0,0,0,0,0,0,0,1,0,0,0,0,0,0,
08-12-2025,FEI,VESSEL,INVERTER,2,1484,29,14,1,14,0,14.00,0.33,1.40,0.00,8,6,0,0,0,0,0,0,0,0,0,1,0,0,14,0,0,
08-12-2025,FAP,VESSEL,INVERTER,3,3,3,0,0,3,0,0.00,0.00,0.30,0.00,0,0,0,0,0,0,0,0,0,0,0,0,0,0,3,0,0,
08-12-2025,FEA NJ,VESSEL,INVERTER,2,503,29,7,0,22,0,7.00,0.00,2.20,0.00,0,0,0,7,0,0,0,0,0,0,0,0,0,0,22,0,0,
09-01-2024,FEA NJ,VESSEL,INVERTER,7,210,88,6,4,78,0,6.00,1.33,7.80,0.00,0,0,0,3,3,0,1,1,0,0,2,0,0,0,78,0,0,
09-01-2024,FEE,VESSEL,INVERTER,8,227,9,0,4,2,3,0.00,1.33,0.20,1.50,0,0,0,0,0,0,2,0,0,1,0,1,0,0,2,0,3,
09-01-2024,FEF,AIRCRAFT,TEMPERATURE CONTROL,12,139,12,0,12,0,0,0.00,0.40,0.00,0.00,0,0,0,0,0,0,0,0,0,0,0,0,8,4,0,0,0,
09-01-2024,FEA NJ,VESSEL,INVERTER,23,700,54,16,10,28,0,16.00,3.33,2.80,0.00,0,0,0,13,3,0,0,2,0,2,4,2,0,0,28,0,0,
09-01-2025,FETW,VESSEL,INVERTER,2,63,7,2,1,4,0,2.00,0.33,0.40,0.00,1,1,0,0,0,0,1,0,0,0,0,0,0,0,4,0,0,
09-01-2025,FEE,VESSEL,INVERTER,1,325,20,0,0,16,4,0.00,0.00,1.60,2.00,0,0,0,0,0,0,0,0,0,0,0,0,0,0,16,0,4,
09-01-2025,FEE,AIRCRAFT,INVERTER,1,154,6,5,1,0,0,5.00,0.33,0.00,0.00,0,0,0,3,2,0,0,0,0,0,0,1,0,0,0,0,0,
09-01-2025,FAP,VESSEL,INVERTER,37,597,148,11,27,110,0,11.00,9.00,11.00,0.00,7,4,0,0,0,0,10,3,0,5,2,7,0,0,110,0,0,
09-01-2026,FEI,SEA,INVERTER,5,2964,63,27,5,31,0,27.00,1.67,3.10,0.00,21,6,0,0,0,0,0,1,0,0,1,3,0,0,31,0,0,
09-01-2026,FEA FRE,SEA,INVERTER,1,20,20,0,0,20,0,0.00,0.00,2.00,0.00,0,0,0,0,0,0,0,0,0,0,0,0,0,0,20,0,0,
09-02-2022,FEI,AIRCRAFT,INVERTER,1,64,3,2,1,0,0,2.00,0.33,0.00,0.00,2,0,0,0,0,0,0,0,0,0,0,1,0,0,0,0,0,
09-02-2022,FAP,VESSEL,INVERTER,32,1223,56,26,29,1,0,26.00,9.67,0.10,0.00,11,13,2,0,0,0,7,3,0,6,6,7,0,0,1,0,0,
09-02-2022,FAP,AIRCRAFT,INVERTER,1,102,1,1,0,0,0,1.00,0.00,0.00,0.00,0,1,0,0,0,0,0,0,0,0,0,0,0,0,0,0,0,
09-02-2022,FEID,VESSEL,INVERTER,9,83,9,0,9,0,0,0.00,3.00,0.00,0.00,0,0,0,0,0,0,6,0,0,1,1,1,0,0,0,0,0,
09-02-2022,FEC,VESSEL,TEMPERATURE CONTROL,7,888,9,1,8,0,0,1.00,1.47,0.00,0.00,1,0,0,0,0,0,4,0,0,0,0,0,2,2,0,0,0,
09-02-2022,FEK,VESSEL,TEMPERATURE CONTROL,2,204,4,0,4,0,0,0.00,0.73,0.00,0.00,0,0,0,0,0,0,2,0,0,0,0,0,0,2,0,0,0,
09-02-2022,FEK,AIRCRAFT,TEMPERATURE CONTROL,5,21,6,0,6,0,0,0.00,0.20,0.00,0.00,0,0,0,0,0,0,0,0,0,0,0,0,6,0,0,0,0,
09-02-2022,FEID,AIRCRAFT,INVERTER,13,25,13,0,12,1,0,0.00,4.00,0.10,0.00,0,0,0,0,0,0,9,3,0,0,0,0,0,0,1,0,0,
09-02-2022,FEC,AIRCRAFT,TEMPERATURE CONTROL,3,1213,6,3,3,0,0,3.00,0.10,0.00,0.00,3,0,0,0,0,0,0,0,0,0,0,0,2,1,0,0,0,
09-02-2023,FETW,VESSEL,INVERTER,1,270,4,4,0,0,0,4.00,0.00,0.00,0.00,1,3,0,0,0,0,0,0,0,0,0,0,0,0,0,0,0,
09-02-2023,FETW,AIRCRAFT,TEMPERATURE CONTROL,1,2,1,0,1,0,0,0.00,0.03,0.00,0.00,0,0,0,0,0,0,0,0,0,0,0,0,1,0,0,0,0,
09-02-2023,FEK,VESSEL,INVERTER,1,1,1,0,1,0,0,0.00,0.33,0.00,0.00,0,0,0,0,0,0,0,1,0,0,0,0,0,0,0,0,0,
09-02-2024,FEID,VESSEL,INVERTER,10,73,10,0,10,0,0,0.00,3.33,0.00,0.00,0,0,0,0,0,0,4,4,0,2,0,0,0,0,0,0,0,
09-02-2026,FEA FRE,SEA,INVERTER,1,13,13,0,0,13,0,0.00,0.00,1.30,0.00,0,0,0,0,0,0,0,0,0,0,0,0,0,0,13,0,0,
09-02-2026,FEA LAX,SEA,INVERTER,1,10,10,0,0,10,0,0.00,0.00,1.00,0.00,0,0,0,0,0,0,0,0,0,0,0,0,0,0,10,0,0,
09-03-2022,FEE,AIRCRAFT,INVERTER,7,148,32,0,4,28,0,0.00,1.33,2.80,0.00,0,0,0,0,0,0,1,0,0,1,1,1,0,0,28,0,0,
09-03-2022,FEK,VESSEL,INVERTER,1,47,2,1,1,0,0,1.00,0.33,0.00,0.00,0,1,0,0,0,0,0,0,0,1,0,0,0,0,0,0,0,
09-03-2022,FEID,AIRCRAFT,INVERTER,6,35,6,0,6,0,0,0.00,2.00,0.00,0.00,0,0,0,0,0,0,3,2,0,1,0,0,0,0,0,0,0,
09-03-2023,FAP,VESSEL,INVERTER,30,219,64,5,15,44,0,5.00,5.00,4.40,0.00,2,3,0,0,0,0,0,6,0,2,2,5,0,0,44,0,0,
09-03-2023,FEE,AIRCRAFT,INVERTER,21,506,67,10,17,40,0,10.00,5.67,4.00,0.00,0,0,0,4,6,0,3,3,0,1,4,6,0,0,40,0,0,
09-03-2023,FAP,VESSEL,INVERTER,6,56,56,0,0,56,0,0.00,0.00,5.60,0.00,0,0,0,0,0,0,0,0,0,0,0,0,0,0,56,0,0,
09-04-2024,FEF,AIRCRAFT,TEMPERATURE CONTROL,3,24,3,0,3,0,0,0.00,0.10,0.00,0.00,0,0,0,0,0,0,0,0,0,0,0,0,1,2,0,0,0,
09-04-2024,FEA NJ,VESSEL,INVERTER,5,66,66,0,0,66,0,0.00,0.00,6.60,0.00,0,0,0,0,0,0,0,0,0,0,0,0,0,0,66,0,0,
09-04-2024,FEI,VESSEL,TEMPERATURE CONTROL,1,53,2,0,2,0,0,0.00,0.07,0.00,0.00,0,0,0,0,0,0,0,0,0,0,0,0,1,1,0,0,0,
09-04-2025,FEID,VESSEL,INVERTER,12,59,12,0,12,0,0,0.00,4.00,0.00,0.00,0,0,0,0,0,0,5,4,0,0,2,1,0,0,0,0,0,
09-04-2025,FEE,AIRCRAFT,INVERTER,1,100,1,1,0,0,0,1.00,0.00,0.00,0.00,0,0,0,1,0,0,0,0,0,0,0,0,0,0,0,0,0,
09-05-2022,FEC,VESSEL,INVERTER,1,250,7,6,1,0,0,6.00,0.33,0.00,0.00,6,0,0,0,0,0,0,0,0,0,0,1,0,0,0,0,0,
09-05-2022,FEF,AIRCRAFT,TEMPERATURE CONTROL,15,1048,20,0,20,0,0,0.00,3.67,0.00,0.00,0,0,0,0,0,0,4,2,3,0,0,1,4,6,0,0,0,
09-05-2023,FAP,VESSEL,INVERTER,3,12,12,0,0,12,0,0.00,0.00,1.20,0.00,0,0,0,0,0,0,0,0,0,0,0,0,0,0,12,0,0,
09-05-2023,FEA NJ,VESSEL,INVERTER,13,423,27,13,14,0,0,13.00,4.67,0.00,0.00,0,0,0,4,8,1,1,1,0,3,2,7,0,0,0,0,0,
09-05-2024,FEI,VESSEL,TEMPERATURE CONTROL,5,133,7,0,7,0,0,0.00,0.23,0.00,0.00,0,0,0,0,0,0,0,0,0,0,0,0,4,3,0,0,0,
09-05-2024,FAP,VESSEL,INVERTER,21,321,26,6,19,1,0,6.00,6.33,0.10,0.00,3,3,0,0,0,0,5,1,0,1,5,7,0,0,1,0,0,
09-05-2024,FETW,AIRCRAFT,TEMPERATURE CONTROL,4,654,4,1,3,0,0,1.00,1.00,0.00,0.00,1,0,0,0,0,0,2,0,1,0,0,0,0,0,0,0,0,
09-06-2022,FEID,VESSEL,INVERTER,18,121,19,0,11,8,0,0.00,3.67,0.80,0.00,0,0,0,0,0,0,4,0,0,2,1,4,0,0,8,0,0,
09-06-2025,FETW,VESSEL,INVERTER,16,238,22,4,15,3,0,4.00,5.00,0.30,0.00,2,2,0,0,0,0,7,1,0,3,0,4,0,0,3,0,0,
09-08-2022,FEA NJ,VESSEL,INVERTER,11,237,73,4,6,63,0,4.00,2.00,6.30,0.00,0,0,0,0,2,2,2,0,0,1,1,2,0,0,63,0,0,
09-08-2022,FEA TWMC,VESSEL,INVERTER,3,37,34,0,1,33,0,0.00,0.33,3.30,0.00,0,0,0,0,0,0,0,0,0,0,1,0,0,0,33,0,0,
09-08-2023,FEA TWMC,VESSEL,INVERTER,2,13,3,1,2,0,0,1.00,0.67,0.00,0.00,0,0,0,0,1,0,0,0,0,1,1,0,0,0,0,0,0,
09-08-2023,FEA NJ AID,VESSEL,INVERTER,1,20,2,2,0,0,0,2.00,0.00,0.00,0.00,0,0,0,1,1,0,0,0,0,0,0,0,0,0,0,0,0,
09-08-2023,FEA NJ AID,AIRCRAFT,INVERTER,3,9,9,0,1,8,0,0.00,0.33,0.80,0.00,0,0,0,0,0,0,0,1,0,0,0,0,0,0,8,0,0,
09-08-2023,FEA NJ,VESSEL,INVERTER,17,367,85,10,11,64,0,10.00,3.67,6.40,0.00,0,0,0,2,8,0,3,1,0,2,2,3,0,0,64,0,0,
09-08-2023,FEA TWMC,AIRCRAFT,INVERTER,3,76,10,6,2,2,0,6.00,0.67,0.20,0.00,0,0,0,5,1,0,0,1,0,0,0,1,0,0,2,0,0,
09-08-2023,FEID,VESSEL,INVERTER,16,84,16,0,15,1,0,0.00,5.00,0.10,0.00,0,0,0,0,0,0,7,2,0,5,0,1,0,0,1,0,0,
09-08-2023,FETW,VESSEL,INVERTER,2,174,4,3,1,0,0,3.00,0.33,0.00,0.00,1,1,1,0,0,0,0,0,0,0,0,1,0,0,0,0,0,
09-08-2024,FAP,VESSEL,INVERTER,23,282,45,3,19,23,0,3.00,6.33,2.30,0.00,1,2,0,0,0,0,9,1,0,4,1,4,0,0,23,0,0,
09-08-2024,FEA NJ,VESSEL,INVERTER,3,399,10,7,3,0,0,7.00,1.00,0.00,0.00,0,0,0,7,0,0,0,0,0,0,1,2,0,0,0,0,0,
09-09-2022,FEA,AIRCRAFT,TEMPERATURE CONTROL,10,1636,17,0,17,0,0,0.00,2.67,0.00,0.00,0,0,0,0,0,0,0,6,1,0,0,0,5,5,0,0,0,
09-09-2024,FEI,VESSEL,TEMPERATURE CONTROL,3,2204,6,2,4,0,0,2.00,1.03,0.00,0.00,2,0,0,0,0,0,1,0,2,0,0,0,0,1,0,0,0,
09-09-2024,FEI,VESSEL,INVERTER,2,74,5,5,0,0,0,5.00,0.00,0.00,0.00,0,5,0,0,0,0,0,0,0,0,0,0,0,0,0,0,0,
09-09-2024,FEA NJ,VESSEL,INVERTER,1,25,1,0,1,0,0,0.00,0.33,0.00,0.00,0,0,0,0,0,0,0,0,0,1,0,0,0,0,0,0,0,
09-10-2024,FEI,VESSEL,INVERTER,18,1177,29,11,18,0,0,11.00,6.00,0.00,0.00,9,2,0,0,0,0,7,2,0,3,2,4,0,0,0,0,0,
09-10-2024,FAP,VESSEL,INVERTER,15,484,20,8,11,1,0,8.00,3.67,0.10,0.00,2,5,1,0,0,0,3,3,0,2,3,0,0,0,1,0,0,
09-10-2024,FEID,COURIER,INVERTER,1,8,1,0,1,0,0,0.00,0.33,0.00,0.00,0,0,0,0,0,0,0,0,0,1,0,0,0,0,0,0,0,
09-10-2025,FEID,VESSEL,INVERTER,40,461,81,12,25,44,0,12.00,8.33,4.40,0.00,0,12,0,0,0,0,6,2,0,2,6,9,0,0,44,0,0,
09-10-2025,FAP,VESSEL,INVERTER,20,240,37,19,15,3,0,19.00,5.00,0.30,0.00,0,19,0,0,0,0,4,1,0,1,4,5,0,0,3,0,0,
09-11-2022,FEE,VESSEL,INVERTER,5,427,9,0,0,0,9,0.00,0.00,0.00,4.50,0,0,0,0,0,0,0,0,0,0,0,0,0,0,0,0,9,
09-11-2023,FAP,VESSEL,INVERTER,15,49,20,0,11,9,0,0.00,3.67,0.90,0.00,0,0,0,0,0,0,2,2,0,3,2,2,0,0,9,0,0,
09-11-2023,FEID,VESSEL,TEMPERATURE CONTROL,3,58,4,0,4,0,0,0.00,0.43,0.00,0.00,0,0,0,0,0,0,0,0,1,0,0,0,3,0,0,0,0,
09-11-2023,FEA NJ,AIRCRAFT,INVERTER,1,1,1,0,0,1,0,0.00,0.00,0.10,0.00,0,0,0,0,0,0,0,0,0,0,0,0,0,0,1,0,0,
09-11-2023,FEA TWMC,VESSEL,INVERTER,5,59,55,0,3,52,0,0.00,1.00,5.20,0.00,0,0,0,0,0,0,1,1,0,0,0,1,0,0,52,0,0,
09-12-2022,FEID,COURIER,TEMPERATURE CONTROL,1,4,1,0,1,0,0,0.00,0.03,0.00,0.00,0,0,0,0,0,0,0,0,0,0,0,0,1,0,0,0,0,
09-12-2024,FEI,VESSEL,INVERTER,2,1213,22,22,0,0,0,22.00,0.00,0.00,0.00,22,0,0,0,0,0,0,0,0,0,0,0,0,0,0,0,0,
10-01-2022,FEE,AIRCRAFT,INVERTER,10,339,15,2,13,0,0,2.00,4.33,0.00,0.00,0,0,0,1,1,0,6,1,0,3,1,2,0,0,0,0,0,
10-01-2023,FEI,VESSEL,TEMPERATURE CONTROL,2,69,2,0,2,0,0,0.00,0.07,0.00,0.00,0,0,0,0,0,0,0,0,0,0,0,0,0,2,0,0,0,
10-01-2023,FEI,AIRCRAFT,INVERTER,16,853,39,22,15,2,0,22.00,5.00,0.20,0.00,18,4,0,0,0,0,3,4,0,2,4,2,0,0,2,0,0,
10-01-2023,FEI,VESSEL,INVERTER,2,38,3,2,1,0,0,2.00,0.33,0.00,0.00,1,1,0,0,0,0,0,0,0,1,0,0,0,0,0,0,0,
10-01-2023,FEA NJ AID,AIRCRAFT,INVERTER,2,7,3,0,1,2,0,0.00,0.33,0.20,0.00,0,0,0,0,0,0,0,0,0,0,0,1,0,0,2,0,0,
10-01-2023,FEI,VESSEL,INVERTER,4,7,4,0,2,2,0,0.00,0.67,0.20,0.00,0,0,0,0,0,0,1,1,0,0,0,0,0,0,2,0,0,
10-01-2023,FEI,AIRCRAFT,TEMPERATURE CONTROL,3,150,3,0,3,0,0,0.00,0.40,0.00,0.00,0,0,0,0,0,0,0,0,1,0,0,0,1,1,0,0,0,
10-01-2023,FETW,VESSEL,INVERTER,2,242,2,1,1,0,0,1.00,0.33,0.00,0.00,1,0,0,0,0,0,0,0,0,0,1,0,0,0,0,0,0,
10-01-2023,FEA NJ,AIRCRAFT,INVERTER,1,5,5,0,0,5,0,0.00,0.00,0.50,0.00,0,0,0,0,0,0,0,0,0,0,0,0,0,0,5,0,0,
10-01-2023,FEI,AIRCRAFT,INVERTER,15,515,20,6,10,4,0,6.00,3.33,0.40,0.00,3,3,0,0,0,0,7,2,0,1,0,0,0,0,4,0,0,
10-01-2023,FEI,AIRCRAFT,TEMPERATURE CONTROL,1,95,1,0,1,0,0,0.00,0.33,0.00,0.00,0,0,0,0,0,0,0,0,1,0,0,0,0,0,0,0,0,
10-01-2024,FEI,AIRCRAFT,INVERTER,2,6,6,0,0,6,0,0.00,0.00,0.60,0.00,0,0,0,0,0,0,0,0,0,0,0,0,0,0,6,0,0,
10-01-2024,FEID,VESSEL,INVERTER,11,98,18,3,8,7,0,3.00,2.67,0.70,0.00,0,3,0,0,0,0,3,1,0,1,2,1,0,0,7,0,0,
10-01-2024,FEC,AIRCRAFT,TEMPERATURE CONTROL,4,3352,9,6,3,0,0,6.00,0.70,0.00,0.00,6,0,0,0,0,0,0,0,2,0,0,0,0,1,0,0,0,
10-01-2024,FEA NJ AID,AIRCRAFT,INVERTER,1,5,5,0,0,5,0,0.00,0.00,0.50,0.00,0,0,0,0,0,0,0,0,0,0,0,0,0,0,5,0,0,
10-02-2023,FEI,VESSEL,INVERTER,22,550,54,12,9,33,0,12.00,3.00,3.30,0.00,8,3,1,0,0,0,1,3,0,0,3,2,0,0,33,0,0,
10-02-2023,FAP,VESSEL,INVERTER,12,262,12,1,11,0,0,1.00,3.67,0.00,0.00,0,1,0,0,0,0,3,2,0,4,0,2,0,0,0,0,0,
10-02-2023,FEI,VESSEL,TEMPERATURE CONTROL,5,28,6,0,6,0,0,0.00,0.20,0.00,0.00,0,0,0,0,0,0,0,0,0,0,0,0,6,0,0,0,0,
10-02-2026,FEE,SEA,INVERTER,1,62,31,0,1,29,1,0.00,0.33,2.90,0.50,0,0,0,0,0,0,0,0,0,0,0,1,0,0,29,0,1,
10-03-2022,FAP,VESSEL,INVERTER,3,11,4,0,2,2,0,0.00,0.67,0.20,0.00,0,0,0,0,0,0,0,0,0,1,1,0,0,0,2,0,0,
10-04-2023,FEI,VESSEL,INVERTER,45,1800,129,19,30,80,0,19.00,10.00,8.00,0.00,11,8,0,0,0,0,4,4,0,6,11,5,0,0,80,0,0,
10-04-2024,FEI,VESSEL,INVERTER,11,854,20,5,6,9,0,5.00,2.00,0.90,0.00,5,0,0,0,0,0,1,1,0,2,1,1,0,0,9,0,0,
10-04-2024,FEI,VESSEL,TEMPERATURE CONTROL,1,27,1,0,1,0,0,0.00,0.03,0.00,0.00,0,0,0,0,0,0,0,0,0,0,0,0,0,1,0,0,0,
10-04-2024,FAP,VESSEL,INVERTER,18,97,23,1,16,6,0,1.00,5.33,0.60,0.00,0,1,0,0,0,0,6,2,0,3,3,2,0,0,6,0,0,
10-05-2022,FEV,COURIER,VENDING MACHINE,1,5,5,0,0,5,0,0.00,0.00,5.00,0.00,0,0,0,0,0,0,0,0,0,0,0,0,0,0,0,5,0,
10-05-2022,FEI,AIRCRAFT,INVERTER,2,32,3,1,2,0,0,1.00,0.67,0.00,0.00,0,1,0,0,0,0,0,0,0,0,1,1,0,0,0,0,0,
10-05-2022,WuXi,AIRCRAFT,TEMPERATURE CONTROL,4,56,6,1,5,0,0,1.00,1.67,0.00,0.00,0,1,0,0,0,0,2,0,0,0,3,0,0,0,0,0,0,
10-05-2022,FEA TWMC,AIRCRAFT,INVERTER,1,10,10,0,0,10,0,0.00,0.00,1.00,0.00,0,0,0,0,0,0,0,0,0,0,0,0,0,0,10,0,0,
10-05-2022,FEID,VESSEL,INVERTER,10,91,10,0,9,1,0,0.00,3.00,0.10,0.00,0,0,0,0,0,0,5,1,0,3,0,0,0,0,1,0,0,
10-05-2022,FEA NJ,AIRCRAFT,INVERTER,5,98,50,0,3,47,0,0.00,1.00,4.70,0.00,0,0,0,0,0,0,0,0,0,0,2,1,0,0,47,0,0,
10-05-2022,FET,COURIER,VENDING MACHINE,1,3,3,0,0,3,0,0.00,0.00,3.00,0.00,0,0,0,0,0,0,0,0,0,0,0,0,0,0,0,3,0,
10-05-2022,FEA NJ,VESSEL,INVERTER,7,1310,31,20,7,4,0,20.00,2.33,0.40,0.00,0,0,0,8,12,0,2,0,0,1,3,1,0,0,4,0,0,
10-05-2022,FEID,AIRCRAFT,INVERTER,12,59,12,0,12,0,0,0.00,4.00,0.00,0.00,0,0,0,0,0,0,5,5,0,1,1,0,0,0,0,0,0,
10-05-2022,FEF,AIRCRAFT,TEMPERATURE CONTROL,2,17,2,0,2,0,0,0.00,0.07,0.00,0.00,0,0,0,0,0,0,0,0,0,0,0,0,2,0,0,0,0,
10-05-2023,FAP,VESSEL,INVERTER,3,5,5,0,0,5,0,0.00,0.00,0.50,0.00,0,0,0,0,0,0,0,0,0,0,0,0,0,0,5,0,0,
10-05-2023,FEID,VESSEL,INVERTER,31,199,40,0,29,11,0,0.00,9.67,1.10,0.00,0,0,0,0,0,0,14,4,0,5,3,3,0,0,11,0,0,
10-05-2023,FEI,VESSEL,INVERTER,1,2,2,0,0,2,0,0.00,0.00,0.20,0.00,0,0,0,0,0,0,0,0,0,0,0,0,0,0,2,0,0,
10-05-2024,FEI,VESSEL,INVERTER,4,194,4,0,4,0,0,0.00,1.33,0.00,0.00,0,0,0,0,0,0,1,0,0,0,0,3,0,0,0,0,0,
10-06-2022,FEJP,VESSEL,TEMPERATURE CONTROL,1,72,2,0,2,0,0,0.00,0.67,0.00,0.00,0,0,0,0,0,0,0,0,2,0,0,0,0,0,0,0,0,
10-06-2022,FEC,VESSEL,TEMPERATURE CONTROL,9,1766,20,0,20,0,0,0.00,4.57,0.00,0.00,0,0,0,0,0,0,2,0,11,0,0,0,3,4,0,0,0,
10-06-2022,FEC,AIRCRAFT,TEMPERATURE CONTROL,6,1826,18,2,16,0,0,2.00,5.33,0.00,0.00,2,0,0,0,0,0,3,0,13,0,0,0,0,0,0,0,0,
10-06-2024,FAP,AIRCRAFT,TEMPERATURE CONTROL,1,30,1,0,1,0,0,0.00,0.03,0.00,0.00,0,0,0,0,0,0,0,0,0,0,0,0,0,1,0,0,0,
10-06-2024,FEA,VESSEL,TEMPERATURE CONTROL,6,945,9,0,9,0,0,0.00,2.10,0.00,0.00,0,0,0,0,0,0,0,0,6,0,0,0,0,3,0,0,0,
10-06-2024,FETW,AIRCRAFT,TEMPERATURE CONTROL,1,26,2,0,2,0,0,0.00,0.07,0.00,0.00,0,0,0,0,0,0,0,0,0,0,0,0,2,0,0,0,0,
10-06-2024,FEF,AIRCRAFT,TEMPERATURE CONTROL,1,47,1,0,1,0,0,0.00,0.03,0.00,0.00,0,0,0,0,0,0,0,0,0,0,0,0,0,1,0,0,0,
10-06-2024,FETW,AIRCRAFT,TEMPERATURE CONTROL,1,32,2,0,2,0,0,0.00,0.07,0.00,0.00,0,0,0,0,0,0,0,0,0,0,0,0,2,0,0,0,0,
10-07-2023,FEI,AIRCRAFT,INVERTER,3,25,5,2,3,0,0,2.00,1.00,0.00,0.00,0,2,0,0,0,0,0,0,0,0,1,2,0,0,0,0,0,
10-07-2023,FEF,AIRCRAFT,TEMPERATURE CONTROL,1,25,1,0,1,0,0,0.00,0.03,0.00,0.00,0,0,0,0,0,0,0,0,0,0,0,0,0,1,0,0,0,
10-07-2024,FAP,VESSEL,INVERTER,1,1,1,0,1,0,0,0.00,0.33,0.00,0.00,0,0,0,0,0,0,1,0,0,0,0,0,0,0,0,0,0,
10-07-2024,FAP,VESSEL,INVERTER,13,196,22,2,13,7,0,2.00,4.33,0.70,0.00,0,1,1,0,0,0,2,0,0,5,1,5,0,0,7,0,0,
10-08-2022,FEA TWMC,VESSEL,INVERTER,1,10,10,0,0,10,0,0.00,0.00,1.00,0.00,0,0,0,0,0,0,0,0,0,0,0,0,0,0,10,0,0,
10-08-2023,FEI,VESSEL,INVERTER,43,805,126,17,26,83,0,17.00,8.67,8.30,0.00,13,4,0,0,0,0,8,1,0,3,8,6,0,0,83,0,0,
10-08-2023,FEI,VESSEL,TEMPERATURE CONTROL,3,134,5,0,5,0,0,0.00,0.77,0.00,0.00,0,0,0,0,0,0,0,0,2,0,0,0,0,3,0,0,0,
10-08-2023,FEF,AIRCRAFT,TEMPERATURE CONTROL,11,348,13,0,13,0,0,0.00,1.03,0.00,0.00,0,0,0,0,0,0,0,0,2,0,0,0,9,2,0,0,0,
10-09-2024,FEID,VESSEL,INVERTER,10,65,10,0,10,0,0,0.00,3.33,0.00,0.00,0,0,0,0,0,0,5,0,0,2,3,0,0,0,0,0,0,
10-10-2023,FEA NJ,VESSEL,INVERTER,3,24,24,0,0,24,0,0.00,0.00,2.40,0.00,0,0,0,0,0,0,0,0,0,0,0,0,0,0,24,0,0,
10-10-2023,FEA NJ AID,VESSEL,INVERTER,1,10,10,0,0,10,0,0.00,0.00,1.00,0.00,0,0,0,0,0,0,0,0,0,0,0,0,0,0,10,0,0,
10-10-2023,FEA NJ,VESSEL,INVERTER,17,648,98,42,9,47,0,42.00,3.00,4.70,0.00,0,0,0,10,32,0,1,0,0,4,2,2,0,0,47,0,0,
10-10-2023,FEF,VESSEL,TEMPERATURE CONTROL,2,24,3,0,3,0,0,0.00,0.10,0.00,0.00,0,0,0,0,0,0,0,0,0,0,0,0,3,0,0,0,0,
10-10-2023,FEA NJ,AIRCRAFT,INVERTER,1,7,7,0,0,7,0,0.00,0.00,0.70,0.00,0,0,0,0,0,0,0,0,0,0,0,0,0,0,7,0,0,
10-10-2024,FEA NJ,VESSEL,INVERTER,1,10,10,0,0,10,0,0.00,0.00,1.00,0.00,0,0,0,0,0,0,0,0,0,0,0,0,0,0,10,0,0,
10-10-2024,FEA,AIRCRAFT,TEMPERATURE CONTROL,1,25,1,0,1,0,0,0.00,0.03,0.00,0.00,0,0,0,0,0,0,0,0,0,0,0,0,0,1,0,0,0,
10-10-2024,FEA TWMC,VESSEL,INVERTER,1,5,5,0,0,5,0,0.00,0.00,0.50,0.00,0,0,0,0,0,0,0,0,0,0,0,0,0,0,5,0,0,
10-11-2022,FEI,AIRCRAFT,INVERTER,4,90,18,3,0,15,0,3.00,0.00,1.50,0.00,3,0,0,0,0,0,0,0,0,0,0,0,0,0,15,0,0,
10-11-2022,FAP,VESSEL,INVERTER,37,458,76,17,21,38,0,17.00,7.00,3.80,0.00,9,6,2,0,0,0,5,4,0,2,1,9,0,0,38,0,0,
11-01-2022,FEF,AIRCRAFT,TEMPERATURE CONTROL,5,48,5,0,5,0,0,0.00,0.47,0.00,0.00,0,0,0,0,0,0,1,0,0,0,0,0,2,2,0,0,0,
11-01-2022,FAP,AIRCRAFT,INVERTER,3,200,4,0,4,0,0,0.00,1.33,0.00,0.00,0,0,0,0,0,0,0,0,0,0,2,2,0,0,0,0,0,
11-01-2022,FEE,VESSEL,INVERTER,1,26,4,0,1,0,3,0.00,0.33,0.00,1.50,0,0,0,0,0,0,0,0,0,0,0,1,0,0,0,0,3,
11-01-2022,FEI,AIRCRAFT,INVERTER,19,491,50,8,10,32,0,8.00,3.33,3.20,0.00,0,6,2,0,0,0,6,1,0,0,2,1,0,0,32,0,0,
11-01-2022,WuXi,AIRCRAFT,TEMPERATURE CONTROL,3,101,3,2,1,0,0,2.00,0.33,0.00,0.00,2,0,0,0,0,0,0,0,0,1,0,0,0,0,0,0,0,
11-01-2022,FAP,AIRCRAFT,TEMPERATURE CONTROL,1,500,2,0,2,0,0,0.00,0.37,0.00,0.00,0,0,0,0,0,0,0,1,0,0,0,0,0,1,0,0,0,
11-01-2022,FEV,COURIER,TEMPERATURE CONTROL,1,5,1,0,1,0,0,0.00,0.03,0.00,0.00,0,0,0,0,0,0,0,0,0,0,0,0,1,0,0,0,0,
11-01-2023,FEA NJ AID,VESSEL,INVERTER,6,92,74,2,0,72,0,2.00,0.00,7.20,0.00,0,0,0,1,1,0,0,0,0,0,0,0,0,0,72,0,0,
11-01-2023,FEE,AIRCRAFT,INVERTER,5,151,7,5,2,0,0,5.00,0.67,0.00,0.00,0,0,0,2,2,1,1,0,0,0,1,0,0,0,0,0,0,
11-01-2023,FEE,VESSEL,INVERTER,37,1967,109,54,32,23,0,54.00,10.37,2.30,0.00,0,0,0,41,8,5,9,4,0,2,6,10,1,0,23,0,0,
11-01-2023,FEA NJ,VESSEL,INVERTER,15,1167,54,13,13,28,0,13.00,4.33,2.80,0.00,0,0,0,8,5,0,6,2,0,1,1,3,0,0,28,0,0,
11-01-2023,FAP,COURIER,TEMPERATURE CONTROL,1,2,1,0,1,0,0,0.00,0.03,0.00,0.00,0,0,0,0,0,0,0,0,0,0,0,0,1,0,0,0,0,
11-01-2024,FAP,VESSEL,INVERTER,74,1163,112,31,44,37,0,31.00,14.67,3.70,0.00,9,17,5,0,0,0,4,9,0,7,9,15,0,0,37,0,0,
11-01-2024,FEA,COURIER,TEMPERATURE CONTROL,1,14,1,0,1,0,0,0.00,0.03,0.00,0.00,0,0,0,0,0,0,0,0,0,0,0,0,0,1,0,0,0,
11-01-2024,FEA IDEC,VESSEL,INVERTER,5,175,153,2,1,150,0,2.00,0.33,15.00,0.00,0,0,0,2,0,0,0,1,0,0,0,0,0,0,150,0,0,
11-02-2026,FEID,SEA,INVERTER,9,47,9,0,7,2,0,0.00,2.33,0.20,0.00,0,0,0,0,0,0,5,1,0,1,0,0,0,0,2,0,0,
11-03-2022,WuXi,AIRCRAFT,TEMPERATURE CONTROL,5,116,19,0,19,0,0,0.00,6.33,0.00,0.00,0,0,0,0,0,0,16,1,0,0,1,1,0,0,0,0,0,
11-03-2024,FEE,AIRCRAFT,INVERTER,4,2270,16,15,1,0,0,15.00,0.33,0.00,0.00,0,0,0,14,1,0,0,0,0,0,0,1,0,0,0,0,0,
11-04-2022,FEI,VESSEL,INVERTER,21,1117,37,13,18,6,0,13.00,6.00,0.60,0.00,2,10,1,0,0,0,5,5,0,1,2,5,0,0,6,0,0,
11-04-2022,FEI,AIRCRAFT,INVERTER,1,2,2,0,0,2,0,0.00,0.00,0.20,0.00,0,0,0,0,0,0,0,0,0,0,0,0,0,0,2,0,0,
11-04-2022,FEI,AIRCRAFT,INVERTER,8,192,8,1,5,2,0,1.00,1.67,0.20,0.00,1,0,0,0,0,0,1,1,0,2,1,0,0,0,2,0,0,
11-04-2022,FEC,VESSEL,TEMPERATURE CONTROL,1,6,1,0,1,0,0,0.00,0.03,0.00,0.00,0,0,0,0,0,0,0,0,0,0,0,0,1,0,0,0,0,
11-04-2023,WuXi,AIRCRAFT,TEMPERATURE CONTROL,1,19,4,0,4,0,0,0.00,1.03,0.00,0.00,0,0,0,0,0,0,3,0,0,0,0,0,0,1,0,0,0,
11-04-2025,FEA NJ,VESSEL,INVERTER,16,602,377,94,11,272,0,94.00,3.67,27.20,0.00,0,0,0,88,6,0,1,0,0,0,3,7,0,0,272,0,0,
11-05-2022,FEI,AIRCRAFT,TEMPERATURE CONTROL,21,1095,32,0,32,0,0,0.00,3.47,0.00,0.00,0,0,0,0,0,0,1,0,7,0,0,0,16,8,0,0,0,
11-05-2022,FEC,VESSEL,TEMPERATURE CONTROL,7,624,12,0,12,0,0,0.00,2.50,0.00,0.00,0,0,0,0,0,0,1,0,6,0,0,0,3,2,0,0,0,
11-05-2022,FEA,COURIER,TEMPERATURE CONTROL,13,725,17,0,17,0,0,0.00,1.77,0.00,0.00,0,0,0,0,0,0,2,2,0,0,0,0,10,3,0,0,0,
11-05-2022,FEA,VESSEL,TEMPERATURE CONTROL,1,12,1,0,1,0,0,0.00,0.03,0.00,0.00,0,0,0,0,0,0,0,0,0,0,0,0,1,0,0,0,0,
11-05-2022,FEC,AIRCRAFT,TEMPERATURE CONTROL,5,1408,13,2,11,0,0,2.00,2.47,0.00,0.00,2,0,0,0,0,0,1,0,6,0,0,0,3,1,0,0,0,
11-05-2023,FAP,VESSEL,INVERTER,42,585,75,19,29,27,0,19.00,9.67,2.70,0.00,9,7,3,0,0,0,8,3,0,4,6,8,0,0,27,0,0,
11-06-2024,FEA NJ,VESSEL,INVERTER,8,583,12,6,6,0,0,6.00,2.00,0.00,0.00,0,0,0,4,2,0,1,1,0,0,2,2,0,0,0,0,0,
11-07-2022,FEE,AIRCRAFT,INVERTER,4,25,7,0,5,2,0,0.00,1.67,0.20,0.00,0,0,0,0,0,0,0,0,0,0,0,5,0,0,2,0,0,
11-07-2022,FEE,VESSEL,INVERTER,41,4815,289,0,19,237,33,0.00,6.33,23.70,16.50,0,0,0,0,0,0,5,0,0,2,3,9,0,0,237,0,33,
11-07-2022,FEI,AIRCRAFT,TEMPERATURE CONTROL,2,291,5,0,5,0,0,0.00,0.77,0.00,0.00,0,0,0,0,0,0,0,0,2,0,0,0,2,1,0,0,0,
11-07-2022,FEI,VESSEL,TEMPERATURE CONTROL,1,4,1,0,1,0,0,0.00,0.03,0.00,0.00,0,0,0,0,0,0,0,0,0,0,0,0,1,0,0,0,0,
11-07-2022,FEF,AIRCRAFT,TEMPERATURE CONTROL,5,32,5,0,5,0,0,0.00,0.77,0.00,0.00,0,0,0,0,0,0,0,0,0,1,0,1,3,0,0,0,0,
11-07-2022,FEI,VESSEL,INVERTER,15,789,41,9,7,25,0,9.00,2.33,2.50,0.00,7,1,1,0,0,0,1,1,0,2,0,3,0,0,25,0,0,
11-07-2022,FAP,COURIER,TEMPERATURE CONTROL,1,1,1,0,1,0,0,0.00,0.03,0.00,0.00,0,0,0,0,0,0,0,0,0,0,0,0,1,0,0,0,0,
11-07-2022,WuXi,AIRCRAFT,TEMPERATURE CONTROL,1,3,1,0,1,0,0,0.00,0.33,0.00,0.00,0,0,0,0,0,0,0,1,0,0,0,0,0,0,0,0,0,
11-07-2023,FEI,VESSEL,INVERTER,36,780,103,35,21,47,0,35.00,7.00,4.70,0.00,12,23,0,0,0,0,5,2,0,3,7,4,0,0,47,0,0,
11-07-2023,FEI,AIRCRAFT,INVERTER,1,40,3,1,2,0,0,1.00,0.67,0.00,0.00,1,0,0,0,0,0,0,0,0,0,2,0,0,0,0,0,0,
11-07-2023,FEA NJ,AIRCRAFT,INVERTER,1,7,1,0,1,0,0,0.00,0.33,0.00,0.00,0,0,0,0,0,0,0,0,0,0,1,0,0,0,0,0,0,
11-07-2025,FEI,VESSEL,INVERTER,2,5,5,0,1,4,0,0.00,0.33,0.40,0.00,0,0,0,0,0,0,1,0,0,0,0,0,0,0,4,0,0,
11-07-2025,FAP,VESSEL,INVERTER,13,141,20,2,11,7,0,2.00,3.67,0.70,0.00,1,1,0,0,0,0,1,2,0,2,3,3,0,0,7,0,0,
11-07-2025,FEE,AIRCRAFT,INVERTER,1,23,2,1,1,0,0,1.00,0.33,0.00,0.00,0,0,0,1,0,0,0,1,0,0,0,0,0,0,0,0,0,
11-08-2022,FAP,VESSEL,INVERTER,30,525,68,11,28,29,0,11.00,9.33,2.90,0.00,2,5,4,0,0,0,6,4,0,2,4,12,0,0,29,0,0,
11-08-2025,FAP,COURIER,INVERTER,1,5,5,0,0,5,0,0.00,0.00,0.50,0.00,0,0,0,0,0,0,0,0,0,0,0,0,0,0,5,0,0,
11-09-2023,FAP,VESSEL,INVERTER,12,152,16,2,13,1,0,2.00,4.33,0.10,0.00,2,0,0,0,0,0,8,0,0,2,0,3,0,0,1,0,0,
11-09-2024,FEA Nakano,VESSEL,INVERTER,1,2,2,0,0,2,0,0.00,0.00,0.20,0.00,0,0,0,0,0,0,0,0,0,0,0,0,0,0,2,0,0,
11-09-2024,FEA NJ,VESSEL,INVERTER,5,262,15,9,4,2,0,9.00,1.33,0.20,0.00,0,0,0,8,1,0,1,0,0,1,0,2,0,0,2,0,0,
11-09-2024,FEA NJ,AIRCRAFT,INVERTER,1,10,1,0,1,0,0,0.00,0.33,0.00,0.00,0,0,0,0,0,0,0,0,0,0,0,1,0,0,0,0,0,
11-09-2025,FEI,VESSEL,INVERTER,7,376,35,9,4,22,0,9.00,1.33,2.20,0.00,5,3,1,0,0,0,2,0,0,2,0,0,0,0,22,0,0,
11-09-2025,FEI,AIRCRAFT,INVERTER,1,11,2,0,2,0,0,0.00,0.67,0.00,0.00,0,0,0,0,0,0,0,0,0,1,0,1,0,0,0,0,0,
11-10-2022,FEF,AIRCRAFT,TEMPERATURE CONTROL,2,35,3,0,3,0,0,0.00,0.10,0.00,0.00,0,0,0,0,0,0,0,0,0,0,0,0,3,0,0,0,0,
11-10-2022,FEID,VESSEL,INVERTER,20,70,21,0,19,2,0,0.00,6.33,0.20,0.00,0,0,0,0,0,0,4,7,0,3,5,0,0,0,2,0,0,
11-10-2022,FEA TWMC,VESSEL,INVERTER,9,113,85,2,2,81,0,2.00,0.67,8.10,0.00,0,0,0,1,1,0,0,0,0,0,1,1,0,0,81,0,0,
11-10-2022,FEA NJ,VESSEL,INVERTER,13,358,60,8,31,21,0,8.00,10.33,2.10,0.00,0,0,0,3,5,0,1,2,0,1,3,24,0,0,21,0,0,
11-10-2023,FEA TWMC,VESSEL,INVERTER,5,29,9,2,3,4,0,2.00,1.00,0.40,0.00,0,0,0,0,2,0,1,1,0,1,0,0,0,0,4,0,0,
11-10-2023,FEA TWMC,AIRCRAFT,INVERTER,4,35,13,1,2,10,0,1.00,0.67,1.00,0.00,0,0,0,0,1,0,0,0,0,1,0,1,0,0,10,0,0,
11-10-2023,FEC,AIRCRAFT,TEMPERATURE CONTROL,4,280,4,0,4,0,0,0.00,0.73,0.00,0.00,0,0,0,0,0,0,0,1,1,0,0,0,0,2,0,0,0,
11-10-2023,FEI,VESSEL,TEMPERATURE CONTROL,3,178,3,0,3,0,0,0.00,0.70,0.00,0.00,0,0,0,0,0,0,1,1,0,0,0,0,1,0,0,0,0,
11-10-2023,FEI,VESSEL,INVERTER,42,2593,101,56,24,21,0,56.00,8.00,2.10,0.00,26,30,0,0,0,0,7,3,0,1,6,7,0,0,21,0,0,
11-11-2024,FEE,VESSEL,INVERTER,1,961,88,0,0,69,19,0.00,0.00,6.90,9.50,0,0,0,0,0,0,0,0,0,0,0,0,0,0,69,0,19,
11-12-2024,FEA NJ,VESSEL,INVERTER,1,1971,45,37,0,8,0,37.00,0.00,0.80,0.00,0,0,0,31,6,0,0,0,0,0,0,0,0,0,8,0,0,
11-12-2025,FEK,VESSEL,INVERTER,1,6,1,0,1,0,0,0.00,0.33,0.00,0.00,0,0,0,0,0,0,0,0,0,0,0,1,0,0,0,0,0,
11-12-2025,FAP,VESSEL,INVERTER,16,353,23,3,17,3,0,3.00,5.67,0.30,0.00,2,1,0,0,0,0,4,0,0,3,3,7,0,0,3,0,0,
11-12-2025,FAP,COURIER,INVERTER,1,3,1,0,1,0,0,0.00,0.33,0.00,0.00,0,0,0,0,0,0,0,0,0,0,1,0,0,0,0,0,0,
11-12-2025,FEV,AIRCRAFT,INVERTER,2,3,2,0,1,1,0,0.00,0.33,0.10,0.00,0,0,0,0,0,0,1,0,0,0,0,0,0,0,1,0,0,
12-01-2022,FEA NJ,VESSEL,INVERTER,11,1788,36,25,11,0,0,25.00,3.67,0.00,0.00,0,0,0,17,8,0,5,0,0,0,2,4,0,0,0,0,0,
12-01-2022,FEA NJ,AIRCRAFT,INVERTER,5,559,12,6,3,3,0,6.00,1.00,0.30,0.00,0,0,0,3,2,1,2,0,0,1,0,0,0,0,3,0,0,
12-01-2022,FEA FRE,AIRCRAFT,INVERTER,1,1,1,0,0,1,0,0.00,0.00,0.10,0.00,0,0,0,0,0,0,0,0,0,0,0,0,0,0,1,0,0,
12-01-2023,FEID,VESSEL,INVERTER,44,250,47,0,42,5,0,0.00,14.00,0.50,0.00,0,0,0,0,0,0,17,10,0,6,5,4,0,0,5,0,0,
12-01-2024,FEA TWMC,VESSEL,INVERTER,9,70,18,2,5,11,0,2.00,1.67,1.10,0.00,0,0,0,2,0,0,0,2,0,1,1,1,0,0,11,0,0,
12-02-2026,FEI,SEA,INVERTER,2,25,3,0,3,0,0,0.00,1.00,0.00,0.00,0,0,0,0,0,0,1,0,0,0,1,1,0,0,0,0,0,
12-02-2026,FEID,SEA,INVERTER,1,2,1,0,1,0,0,0.00,0.33,0.00,0.00,0,0,0,0,0,0,0,0,0,1,0,0,0,0,0,0,0,
12-03-2024,FEE,AIRCRAFT,INVERTER,13,415,85,15,4,66,0,15.00,1.33,6.60,0.00,0,0,0,1,14,0,0,0,0,0,4,0,0,0,66,0,0,
12-04-2022,FEC,AIRCRAFT,TEMPERATURE CONTROL,2,1295,5,2,3,0,0,2.00,0.70,0.00,0.00,2,0,0,0,0,0,0,0,2,0,0,0,1,0,0,0,0,
12-04-2023,FEA NJ,AIRCRAFT,INVERTER,1,19,1,0,1,0,0,0.00,0.33,0.00,0.00,0,0,0,0,0,0,0,0,0,0,0,1,0,0,0,0,0,
12-04-2023,FEI,AIRCRAFT,INVERTER,3,40,4,2,2,0,0,2.00,0.67,0.00,0.00,1,1,0,0,0,0,0,1,0,0,0,1,0,0,0,0,0,
12-04-2024,FEK,VESSEL,INVERTER,2,120,2,1,1,0,0,1.00,0.33,0.00,0.00,0,1,0,0,0,0,0,0,0,0,0,1,0,0,0,0,0,
12-05-2022,FEE,VESSEL,INVERTER,19,461,42,14,15,13,0,14.00,4.70,1.30,0.00,0,0,0,8,6,0,7,1,0,1,1,4,1,0,13,0,0,
12-05-2022,FAP,VESSEL,INVERTER,34,729,45,9,22,14,0,9.00,7.33,1.40,0.00,2,7,0,0,0,0,6,4,0,5,5,2,0,0,14,0,0,
12-05-2023,FAP,AIRCRAFT,INVERTER,4,10,10,0,0,10,0,0.00,0.00,1.00,0.00,0,0,0,0,0,0,0,0,0,0,0,0,0,0,10,0,0,
12-05-2023,FAP,VESSEL,INVERTER,1,2,2,0,0,2,0,0.00,0.00,0.20,0.00,0,0,0,0,0,0,0,0,0,0,0,0,0,0,2,0,0,
12-06-2023,FEI,VESSEL,INVERTER,17,1412,26,13,12,1,0,13.00,4.00,0.10,0.00,9,3,1,0,0,0,2,2,0,4,2,2,0,0,1,0,0,
12-06-2023,FEI,VESSEL,TEMPERATURE CONTROL,4,312,5,0,5,0,0,0.00,0.77,0.00,0.00,0,0,0,0,0,0,0,2,0,0,0,0,2,1,0,0,0,
12-06-2023,FEI,VESSEL,INVERTER,29,422,92,17,10,65,0,17.00,3.33,6.50,0.00,10,7,0,0,0,0,1,3,0,0,5,1,0,0,65,0,0,
12-06-2023,FEF,AIRCRAFT,TEMPERATURE CONTROL,8,172,12,0,12,0,0,0.00,0.40,0.00,0.00,0,0,0,0,0,0,0,0,0,0,0,0,10,2,0,0,0,
12-06-2024,FEA FRE,VESSEL,INVERTER,12,219,219,0,0,219,0,0.00,0.00,21.90,0.00,0,0,0,0,0,0,0,0,0,0,0,0,0,0,219,0,0,
12-06-2024,FETW,AIRCRAFT,TEMPERATURE CONTROL,1,211,3,0,3,0,0,0.00,0.70,0.00,0.00,0,0,0,0,0,0,0,0,2,0,0,0,0,1,0,0,0,
12-06-2025,FEI,VESSEL,INVERTER,1,1624,11,10,1,0,0,10.00,0.33,0.00,0.00,10,0,0,0,0,0,0,0,0,0,0,1,0,0,0,0,0,
12-07-2022,FEA IDEC,VESSEL,INVERTER,1,189,4,4,0,0,0,4.00,0.00,0.00,0.00,0,0,0,3,1,0,0,0,0,0,0,0,0,0,0,0,0,
12-07-2022,FEA NJ,VESSEL,INVERTER,7,399,28,3,3,22,0,3.00,1.00,2.20,0.00,0,0,0,2,1,0,1,0,0,2,0,0,0,0,22,0,0,
12-07-2022,FEA IDEC,AIRCRAFT,INVERTER,1,10,1,0,1,0,0,0.00,0.33,0.00,0.00,0,0,0,0,0,0,0,0,0,0,0,1,0,0,0,0,0,
12-07-2023,FEID,VESSEL,INVERTER,10,62,11,2,9,0,0,2.00,3.00,0.00,0.00,0,2,0,0,0,0,2,0,0,4,2,1,0,0,0,0,0,
12-07-2024,FEA NJ,COURIER,INVERTER,1,1,1,0,1,0,0,0.00,0.33,0.00,0.00,0,0,0,0,0,0,1,0,0,0,0,0,0,0,0,0,0,
12-07-2024,FEI,VESSEL,INVERTER,28,2538,109,33,20,56,0,33.00,6.67,5.60,0.00,24,8,1,0,0,0,3,2,0,3,3,9,0,0,56,0,0,
12-07-2024,FEI,VESSEL,TEMPERATURE CONTROL,6,679,11,0,11,0,0,0.00,2.17,0.00,0.00,0,0,0,0,0,0,1,0,5,0,0,0,1,4,0,0,0,
12-07-2024,FEK,COURIER,TEMPERATURE CONTROL,1,10,2,0,2,0,0,0.00,0.07,0.00,0.00,0,0,0,0,0,0,0,0,0,0,0,0,2,0,0,0,0,
12-07-2024,FAP,COURIER,TEMPERATURE CONTROL,1,60,2,0,2,0,0,0.00,0.07,0.00,0.00,0,0,0,0,0,0,0,0,0,0,0,0,1,1,0,0,0,
12-09-2022,FEI,VESSEL,INVERTER,9,152,20,2,5,13,0,2.00,1.67,1.30,0.00,1,1,0,0,0,0,2,0,0,0,0,3,0,0,13,0,0,
12-09-2023,FEJP,VESSEL,INVERTER,0.5,141,9,9,0,0,0,9.00,0.00,0.00,0.00,0,9,0,0,0,0,0,0,0,0,0,0,0,0,0,0,0,
12-09-2023,FEJP,VESSEL,TEMPERATURE CONTROL,0.5,66,1,0,1,0,0,0.00,0.33,0.00,0.00,0,0,0,0,0,0,1,0,0,0,0,0,0,0,0,0,0,
12-09-2023,FEE,AIRCRAFT,INVERTER,41,1402,93,45,31,17,0,45.00,10.33,1.70,0.00,0,0,0,5,39,1,3,3,0,8,8,9,0,0,17,0,0,
12-09-2023,FEID,VESSEL,INVERTER,15,61,15,0,15,0,0,0.00,5.00,0.00,0.00,0,0,0,0,0,0,11,3,0,0,1,0,0,0,0,0,0,
12-09-2023,FEF,AIRCRAFT,TEMPERATURE CONTROL,3,10,3,0,3,0,0,0.00,0.10,0.00,0.00,0,0,0,0,0,0,0,0,0,0,0,0,3,0,0,0,0,
12-09-2024,FEE,AIRCRAFT,INVERTER,1,276,63,5,1,57,0,5.00,0.33,5.70,0.00,0,0,0,5,0,0,0,0,0,1,0,0,0,0,57,0,0,
12-09-2024,FEA NJ,AIRCRAFT,INVERTER,4,18,4,0,4,0,0,0.00,1.33,0.00,0.00,0,0,0,0,0,0,1,0,0,1,1,1,0,0,0,0,0,
12-09-2025,FEK,VESSEL,INVERTER,4,14,4,0,2,2,0,0.00,0.67,0.20,0.00,0,0,0,0,0,0,0,1,0,0,0,1,0,0,2,0,0,
12-10-2022,FEK,VESSEL,TEMPERATURE CONTROL,2,150,3,0,3,0,0,0.00,0.40,0.00,0.00,0,0,0,0,0,0,0,0,1,0,0,0,1,1,0,0,0,
12-10-2022,FAP,VESSEL,INVERTER,29,291,76,9,19,48,0,9.00,6.33,4.80,0.00,7,2,0,0,0,0,2,5,0,4,6,2,0,0,48,0,0,
12-10-2023,FEE,AIRCRAFT,INVERTER,33,312,172,12,10,150,0,12.00,3.33,15.00,0.00,0,0,0,2,10,0,1,2,0,1,4,2,0,0,150,0,0,
12-10-2023,FEA,COURIER,TEMPERATURE CONTROL,2,105,3,0,3,0,0,0.00,0.40,0.00,0.00,0,0,0,0,0,0,1,0,0,0,0,0,1,1,0,0,0,
12-10-2023,FAP,VESSEL,INVERTER,12,63,24,2,9,13,0,2.00,3.00,1.30,0.00,0,2,0,0,0,0,1,1,0,1,4,2,0,0,13,0,0,
12-11-2024,FETW,VESSEL,INVERTER,10,645,41,9,8,24,0,9.00,2.67,2.40,0.00,5,3,1,0,0,0,2,0,0,1,4,1,0,0,24,0,0,
12-11-2024,FEA NJ,VESSEL,INVERTER,1,282,7,3,0,4,0,3.00,0.00,0.40,0.00,0,0,0,2,1,0,0,0,0,0,0,0,0,0,4,0,0,
12-11-2025,FEI,VESSEL,INVERTER,2,326,4,3,0,1,0,3.00,0.00,0.10,0.00,2,1,0,0,0,0,0,0,0,0,0,0,0,0,1,0,0,
12-12-2023,FEJP,AIRCRAFT,INVERTER,0.5,39,3,2,1,0,0,2.00,0.33,0.00,0.00,0,2,0,0,0,0,0,0,0,0,0,1,0,0,0,0,0,
12-12-2023,FEJP,AIRCRAFT,TEMPERATURE CONTROL,0.5,660,1,1,0,0,0,1.00,0.00,0.00,0.00,1,0,0,0,0,0,0,0,0,0,0,0,0,0,0,0,0,
12-12-2023,FEE,AIRCRAFT,INVERTER,1,13,2,0,2,0,0,0.00,0.67,0.00,0.00,0,0,0,0,0,0,1,0,0,0,0,1,0,0,0,0,0,
12-12-2023,FEA NJ,AIRCRAFT,INVERTER,2,15,2,0,2,0,0,0.00,0.67,0.00,0.00,0,0,0,0,0,0,1,0,0,0,1,0,0,0,0,0,0,
12-12-2023,FEF,AIRCRAFT,TEMPERATURE CONTROL,5,104,7,0,7,0,0,0.00,0.53,0.00,0.00,0,0,0,0,0,0,1,0,0,0,0,0,6,0,0,0,0,
12-12-2023,FEA TWMC,VESSEL,INVERTER,13,98,98,0,0,98,0,0.00,0.00,9.80,0.00,0,0,0,0,0,0,0,0,0,0,0,0,0,0,98,0,0,
12-12-2024,FEID,COURIER,TEMPERATURE CONTROL,1,124,2,0,2,0,0,0.00,0.67,0.00,0.00,0,0,0,0,0,0,1,0,1,0,0,0,0,0,0,0,0,
12-12-2025,FEA NJ,VESSEL,INVERTER,1,81,2,1,1,0,0,1.00,0.33,0.00,0.00,0,0,0,0,1,0,0,1,0,0,0,0,0,0,0,0,0,
12-12-2025,FAP,VESSEL,INVERTER,1,2,1,1,0,0,0,1.00,0.00,0.00,0.00,0,0,1,0,0,0,0,0,0,0,0,0,0,0,0,0,0,
13-01-2022,FEID,AIRCRAFT,INVERTER,15,86,15,0,15,0,0,0.00,5.00,0.00,0.00,0,0,0,0,0,0,14,0,0,1,0,0,0,0,0,0,0,
13-01-2022,FEJP,VESSEL,INVERTER,1,1726,79,21,0,58,0,21.00,0.00,5.80,0.00,9,12,0,0,0,0,0,0,0,0,0,0,0,0,58,0,0,
13-01-2022,FEID,VESSEL,INVERTER,12,96,12,1,11,0,0,1.00,3.67,0.00,0.00,0,0,1,0,0,0,2,4,0,4,0,1,0,0,0,0,0,
13-01-2022,FAP,COURIER,INVERTER,1,4,1,0,1,0,0,0.00,0.33,0.00,0.00,0,0,0,0,0,0,1,0,0,0,0,0,0,0,0,0,0,
13-01-2022,FEK,VESSEL,INVERTER,2,13,14,0,0,14,0,0.00,0.00,1.40,0.00,0,0,0,0,0,0,0,0,0,0,0,0,0,0,14,0,0,
13-01-2023,FAP,VESSEL,INVERTER,8,40,12,0,8,4,0,0.00,2.67,0.40,0.00,0,0,0,0,0,0,3,2,0,1,1,1,0,0,4,0,0,
13-01-2023,FAP,VESSEL,INVERTER,37,445,61,12,28,21,0,12.00,9.33,2.10,0.00,10,2,0,0,0,0,10,5,0,3,7,3,0,0,21,0,0,
13-01-2025,FAP,VESSEL,INVERTER,24,4973,439,152,9,278,0,152.00,3.00,27.80,0.00,49,103,0,0,0,0,0,2,0,2,1,4,0,0,278,0,0,
13-01-2025,FEE,AIRCRAFT,INVERTER,2,146,6,0,2,4,0,0.00,0.67,0.40,0.00,0,0,0,0,0,0,0,0,0,0,0,2,0,0,4,0,0,
13-02-2023,FAP,COURIER,TEMPERATURE CONTROL,1,3,1,0,1,0,0,0.00,0.03,0.00,0.00,0,0,0,0,0,0,0,0,0,0,0,0,1,0,0,0,0,
13-02-2023,FETW,AIRCRAFT,TEMPERATURE CONTROL,1,16,2,0,2,0,0,0.00,0.07,0.00,0.00,0,0,0,0,0,0,0,0,0,0,0,0,2,0,0,0,0,
13-02-2024,FEF,AIRCRAFT,TEMPERATURE CONTROL,1,4,1,0,1,0,0,0.00,0.03,0.00,0.00,0,0,0,0,0,0,0,0,0,0,0,0,1,0,0,0,0,
13-02-2024,FEA NJ,VESSEL,INVERTER,18,197,91,1,3,87,0,1.00,1.00,8.70,0.00,0,0,0,1,0,0,1,0,0,2,0,0,0,0,87,0,0,
13-02-2024,FEA NJ,VESSEL,INVERTER,2,54,5,5,0,0,0,5.00,0.00,0.00,0.00,0,0,0,4,1,0,0,0,0,0,0,0,0,0,0,0,0,
13-02-2025,FEID,VESSEL,INVERTER,8,148,10,1,8,1,0,1.00,2.67,0.10,0.00,1,0,0,0,0,0,4,0,0,3,1,0,0,0,1,0,0,
13-03-2023,WuXi,AIRCRAFT,TEMPERATURE CONTROL,2,14,3,0,3,0,0,0.00,0.70,0.00,0.00,0,0,0,0,0,0,2,0,0,0,0,0,0,1,0,0,0,
13-03-2023,FEV,VESSEL,INVERTER,4,300,14,11,3,0,0,11.00,1.00,0.00,0.00,10,1,0,0,0,0,1,0,0,1,1,0,0,0,0,0,0,
13-03-2023,FEF,AIRCRAFT,TEMPERATURE CONTROL,2,16,3,0,3,0,0,0.00,0.10,0.00,0.00,0,0,0,0,0,0,0,0,0,0,0,0,3,0,0,0,0,
13-03-2023,FEI,AIRCRAFT,INVERTER,2,11,3,0,2,1,0,0.00,0.67,0.10,0.00,0,0,0,0,0,0,0,1,0,0,0,1,0,0,1,0,0,
13-03-2024,FEE,AIRCRAFT,INVERTER,1,2,1,0,1,0,0,0.00,0.33,0.00,0.00,0,0,0,0,0,0,0,0,0,0,1,0,0,0,0,0,0,
13-03-2024,FAP,VESSEL,INVERTER,6,13,13,0,0,13,0,0.00,0.00,1.30,0.00,0,0,0,0,0,0,0,0,0,0,0,0,0,0,13,0,0,
13-03-2025,FEE,AIRCRAFT,INVERTER,1,26,1,0,1,0,0,0.00,0.33,0.00,0.00,0,0,0,0,0,0,0,0,0,1,0,0,0,0,0,0,0,
13-05-2022,FAP,AIRCRAFT,INVERTER,2,12,2,0,2,0,0,0.00,0.67,0.00,0.00,0,0,0,0,0,0,0,0,0,0,1,1,0,0,0,0,0,
13-05-2022,FAP,VESSEL,INVERTER,5,479,8,5,3,0,0,5.00,1.00,0.00,0.00,4,1,0,0,0,0,1,0,0,0,1,1,0,0,0,0,0,
13-05-2022,FEE,VESSEL,INVERTER,10,1815,34,24,10,0,0,24.00,3.03,0.00,0.00,0,0,0,19,5,0,4,2,0,1,0,2,1,0,0,0,0,
13-05-2022,FEA NJ,VESSEL,INVERTER,5,519,22,5,17,0,0,5.00,5.67,0.00,0.00,0,0,0,4,1,0,2,0,0,2,1,12,0,0,0,0,0,
13-05-2025,FEI,VESSEL,INVERTER,1,1421,38,28,0,10,0,28.00,0.00,1.00,0.00,23,5,0,0,0,0,0,0,0,0,0,0,0,0,10,0,0,
13-05-2025,FETW,VESSEL,INVERTER,7,416,31,7,1,23,0,7.00,0.33,2.30,0.00,3,2,2,0,0,0,0,0,0,0,1,0,0,0,23,0,0,
13-05-2025,FEID,VESSEL,INVERTER,27,338,31,1,26,4,0,1.00,8.67,0.40,0.00,1,0,0,0,0,0,14,4,0,2,3,3,0,0,4,0,0,
13-06-2022,FEF,AIRCRAFT,TEMPERATURE CONTROL,2,8,2,0,2,0,0,0.00,0.67,0.00,0.00,0,0,0,0,0,0,0,0,0,2,0,0,0,0,0,0,0,
13-06-2022,WuXi,AIRCRAFT,TEMPERATURE CONTROL,4,73,9,1,8,0,0,1.00,2.67,0.00,0.00,0,1,0,0,0,0,7,1,0,0,0,0,0,0,0,0,0,
13-06-2022,FAP,VESSEL,INVERTER,32,422,53,2,37,14,0,2.00,12.03,1.40,0.00,2,0,0,0,0,0,6,5,0,5,5,15,1,0,14,0,0,
13-06-2023,FEA NJ,VESSEL,INVERTER,20,2806,69,54,14,1,0,54.00,4.67,0.10,0.00,0,0,0,18,36,0,3,4,0,3,3,1,0,0,1,0,0,
13-06-2023,FEA NJ AID,VESSEL,INVERTER,3,90,90,0,0,90,0,0.00,0.00,9.00,0.00,0,0,0,0,0,0,0,0,0,0,0,0,0,0,90,0,0,
13-06-2023,FEA NJ,AIRCRAFT,INVERTER,1,1,1,0,1,0,0,0.00,0.33,0.00,0.00,0,0,0,0,0,0,1,0,0,0,0,0,0,0,0,0,0,
13-06-2023,FEA TWMC,AIRCRAFT,INVERTER,2,52,6,4,2,0,0,4.00,0.67,0.00,0.00,0,0,0,4,0,0,0,1,0,1,0,0,0,0,0,0,0,
13-06-2023,FEI,AIRCRAFT,INVERTER,1,5,5,0,0,5,0,0.00,0.00,0.50,0.00,0,0,0,0,0,0,0,0,0,0,0,0,0,0,5,0,0,
13-06-2023,FAP,COURIER,TEMPERATURE CONTROL,1,6,1,0,1,0,0,0.00,0.03,0.00,0.00,0,0,0,0,0,0,0,0,0,0,0,0,1,0,0,0,0,
13-06-2024,FEI,VESSEL,TEMPERATURE CONTROL,2,1305,7,1,6,0,0,1.00,1.70,0.00,0.00,1,0,0,0,0,0,1,0,4,0,0,0,1,0,0,0,0,
13-06-2024,FEE,AIRCRAFT,INVERTER,8,148,13,4,6,3,0,4.00,2.00,0.30,0.00,0,0,0,3,1,0,1,0,0,0,4,1,0,0,3,0,0,
13-06-2024,FEI,AIRCRAFT,INVERTER,1,50,1,0,1,0,0,0.00,0.33,0.00,0.00,0,0,0,0,0,0,0,0,0,0,1,0,0,0,0,0,0,
13-06-2025,FEI,VESSEL,INVERTER,1,245,51,2,2,47,0,2.00,0.67,4.70,0.00,2,0,0,0,0,0,1,0,0,0,0,1,0,0,47,0,0,
13-07-2023,FAP,VESSEL,INVERTER,27,200,32,3,24,5,0,3.00,8.00,0.50,0.00,2,1,0,0,0,0,6,0,0,3,5,10,0,0,5,0,0,
13-08-2024,FEE,AIRCRAFT,INVERTER,1,1653,18,18,0,0,0,18.00,0.00,0.00,0.00,0,0,0,12,6,0,0,0,0,0,0,0,0,0,0,0,0,
13-08-2024,FEC,VESSEL,TEMPERATURE CONTROL,2,3021,12,7,5,0,0,7.00,1.37,0.00,0.00,7,0,0,0,0,0,0,0,4,0,0,0,1,0,0,0,0,
13-09-2022,FEA NJ,VESSEL,INVERTER,11,324,61,17,17,27,0,17.00,5.67,2.70,0.00,0,0,0,0,17,0,2,2,0,0,0,13,0,0,27,0,0,
13-09-2022,FEE,VESSEL,INVERTER,57,4500,232,102,76,54,0,102.00,25.33,5.40,0.00,0,0,0,67,33,2,4,6,0,7,9,50,0,0,54,0,0,
13-09-2022,FEE,AIRCRAFT,INVERTER,9,216,15,2,13,0,0,2.00,4.33,0.00,0.00,0,0,0,1,1,0,1,1,0,1,2,8,0,0,0,0,0,
13-09-2023,FEE,VESSEL,INVERTER,43,1628,104,34,25,45,0,34.00,8.33,4.50,0.00,0,0,0,29,5,0,4,3,0,5,7,6,0,0,45,0,0,
13-09-2024,FEI,VESSEL,TEMPERATURE CONTROL,3,903,9,0,9,0,0,0.00,2.40,0.00,0.00,0,0,0,0,0,0,0,2,5,0,0,0,2,0,0,0,0,
13-09-2024,FAP,VESSEL,INVERTER,16,306,40,12,14,14,0,12.00,4.67,1.40,0.00,2,9,1,0,0,0,2,6,0,0,1,5,0,0,14,0,0,
13-11-2023,FEID,VESSEL,INVERTER,8,16,8,0,4,4,0,0.00,1.33,0.40,0.00,0,0,0,0,0,0,2,0,0,1,1,0,0,0,4,0,0,
13-11-2023,FEF,AIRCRAFT,TEMPERATURE CONTROL,2,24,2,0,2,0,0,0.00,0.07,0.00,0.00,0,0,0,0,0,0,0,0,0,0,0,0,2,0,0,0,0,
13-11-2023,FEA TWMC,AIRCRAFT,INVERTER,4,19,6,2,2,2,0,2.00,0.67,0.20,0.00,0,0,0,0,2,0,0,2,0,0,0,0,0,0,2,0,0,
13-11-2023,FEA IDEC,VESSEL,INVERTER,5,370,34,9,4,21,0,9.00,1.33,2.10,0.00,0,0,0,6,2,1,1,2,0,0,1,0,0,0,21,0,0,
13-11-2025,FAP,VESSEL,INVERTER,23,254,45,7,12,26,0,7.00,4.00,2.60,0.00,2,5,0,0,0,0,2,1,0,2,5,2,0,0,26,0,0,
13-12-2022,FEI,VESSEL,INVERTER,65,4636,197,64,33,100,0,64.00,11.00,10.00,0.00,44,18,2,0,0,0,11,2,0,8,7,5,0,0,100,0,0,
13-12-2022,FEE,VESSEL,INVERTER,40,2326,190,0,18,129,43,0.00,6.00,12.90,21.50,0,0,0,0,0,0,4,4,0,5,2,3,0,0,129,0,43,
13-12-2022,FEE,AIRCRAFT,INVERTER,18,478,46,14,22,10,0,14.00,7.33,1.00,0.00,0,0,0,0,14,0,3,3,0,2,3,11,0,0,10,0,0,
13-12-2023,FEI,VESSEL,INVERTER,11,438,39,9,3,27,0,9.00,1.00,2.70,0.00,6,3,0,0,0,0,1,0,0,0,2,0,0,0,27,0,0,
13-12-2023,FEA NJ,VESSEL,INVERTER,21,545,110,15,9,86,0,15.00,3.00,8.60,0.00,0,0,0,7,7,1,2,1,0,1,1,4,0,0,86,0,0,
13-12-2023,FEI,VESSEL,TEMPERATURE CONTROL,2,40,2,0,2,0,0,0.00,0.37,0.00,0.00,0,0,0,0,0,0,1,0,0,0,0,0,0,1,0,0,0,
13-12-2023,FEA TWMC,AIRCRAFT,INVERTER,2,20,2,1,1,0,0,1.00,0.33,0.00,0.00,0,0,0,0,1,0,0,0,0,1,0,0,0,0,0,0,0,
13-12-2023,FEA ROA,AIRCRAFT,INVERTER,1,201,3,2,1,0,0,2.00,0.33,0.00,0.00,0,0,0,1,1,0,0,1,0,0,0,0,0,0,0,0,0,
13-12-2024,FEID,AIRCRAFT,INVERTER,11,109,11,0,10,1,0,0.00,3.33,0.10,0.00,0,0,0,0,0,0,5,1,0,2,1,1,0,0,1,0,0,
13-12-2024,FEA,VESSEL,TEMPERATURE CONTROL,1,73,1,0,1,0,0,0.00,0.33,0.00,0.00,0,0,0,0,0,0,1,0,0,0,0,0,0,0,0,0,0,
14-01-2022,FEC,AIRCRAFT,TEMPERATURE CONTROL,3,1346,7,1,6,0,0,1.00,1.70,0.00,0.00,1,0,0,0,0,0,1,0,4,0,0,0,0,1,0,0,0,
14-01-2022,FEC,VESSEL,TEMPERATURE CONTROL,11,5722,26,8,18,0,0,8.00,3.90,0.00,0.00,8,0,0,0,0,0,2,0,9,0,0,0,4,3,0,0,0,
14-01-2022,FEE,VESSEL,INVERTER,6,178,9,4,5,0,0,4.00,1.67,0.00,0.00,0,0,0,0,3,1,1,2,0,1,0,1,0,0,0,0,0,
14-01-2022,FEI,VESSEL,INVERTER,3,66,4,2,2,0,0,2.00,0.67,0.00,0.00,2,0,0,0,0,0,1,0,0,1,0,0,0,0,0,0,0,
14-01-2022,FEI,AIRCRAFT,INVERTER,10,577,35,3,8,24,0,3.00,2.67,2.40,0.00,3,0,0,0,0,0,4,1,0,2,0,1,0,0,24,0,0,
14-01-2025,FEA NJ,VESSEL,INVERTER,1,1252,93,14,1,78,0,14.00,0.33,7.80,0.00,0,0,0,11,3,0,0,0,0,0,0,1,0,0,78,0,0,
14-01-2025,FEI,VESSEL,INVERTER,2,1094,16,11,2,3,0,11.00,0.67,0.30,0.00,11,0,0,0,0,0,0,0,0,0,1,1,0,0,3,0,0,
14-01-2026,FEID,SEA,INVERTER,11,128,11,1,9,1,0,1.00,3.00,0.10,0.00,0,1,0,0,0,0,2,2,0,2,2,1,0,0,1,0,0,
14-02-2022,FEK,VESSEL,INVERTER,2,9,8,0,1,7,0,0.00,0.33,0.70,0.00,0,0,0,0,0,0,0,0,0,1,0,0,0,0,7,0,0,
14-02-2022,FEF,AIRCRAFT,TEMPERATURE CONTROL,5,296,6,0,6,0,0,0.00,1.70,0.00,0.00,0,0,0,0,0,0,2,0,1,0,1,1,0,1,0,0,0,
14-02-2022,FAP,COURIER,TEMPERATURE CONTROL,1,2,1,0,1,0,0,0.00,0.03,0.00,0.00,0,0,0,0,0,0,0,0,0,0,0,0,1,0,0,0,0,
14-02-2023,FEE,VESSEL,INVERTER,22,851,47,11,14,22,0,11.00,4.67,2.20,0.00,0,0,0,5,6,0,2,1,0,1,3,7,0,0,22,0,0,
14-02-2023,FEE,AIRCRAFT,INVERTER,27,1161,90,34,26,30,0,34.00,8.67,3.00,0.00,0,0,0,22,11,1,0,2,0,3,5,16,0,0,30,0,0,
14-02-2023,FEID,VESSEL,VENDING MACHINE,1,32,32,0,0,32,0,0.00,0.00,32.00,0.00,0,0,0,0,0,0,0,0,0,0,0,0,0,0,0,32,0,
14-02-2023,FEF,VESSEL,TEMPERATURE CONTROL,1,201,1,0,1,0,0,0.00,0.33,0.00,0.00,0,0,0,0,0,0,1,0,0,0,0,0,0,0,0,0,0,
14-02-2023,FEF,AIRCRAFT,TEMPERATURE CONTROL,13,264,15,0,15,0,0,0.00,0.80,0.00,0.00,0,0,0,0,0,0,0,0,0,1,0,0,9,5,0,0,0,
14-02-2024,FEA TWMC,VESSEL,INVERTER,5,10,5,0,2,3,0,0.00,0.67,0.30,0.00,0,0,0,0,0,0,0,1,0,0,0,1,0,0,3,0,0,
14-02-2025,FEI,AIRCRAFT,INVERTER,1,24,1,1,0,0,0,1.00,0.00,0.00,0.00,1,0,0,0,0,0,0,0,0,0,0,0,0,0,0,0,0,
14-02-2025,FEE,VESSEL,INVERTER,1,3143,106,0,0,69,37,0.00,0.00,6.90,18.50,0,0,0,0,0,0,0,0,0,0,0,0,0,0,69,0,37,
14-02-2025,FEE,AIRCRAFT,INVERTER,1,1476,20,10,0,10,0,10.00,0.00,1.00,0.00,0,0,0,9,1,0,0,0,0,0,0,0,0,0,10,0,0,
14-03-2022,FEI,AIRCRAFT,INVERTER,1,2,2,0,0,2,0,0.00,0.00,0.20,0.00,0,0,0,0,0,0,0,0,0,0,0,0,0,0,2,0,0,
14-03-2022,FEI,VESSEL,INVERTER,12,680,21,5,8,8,0,5.00,2.67,0.80,0.00,3,2,0,0,0,0,4,0,0,1,3,0,0,0,8,0,0,
14-03-2023,FEA NJ AID,VESSEL,INVERTER,1,14,14,0,0,14,0,0.00,0.00,1.40,0.00,0,0,0,0,0,0,0,0,0,0,0,0,0,0,14,0,0,
14-03-2023,FEA NJ,AIRCRAFT,INVERTER,2,40,40,0,0,40,0,0.00,0.00,4.00,0.00,0,0,0,0,0,0,0,0,0,0,0,0,0,0,40,0,0,
14-03-2023,FAP,VESSEL,INVERTER,1,100,5,4,1,0,0,4.00,0.33,0.00,0.00,3,1,0,0,0,0,1,0,0,0,0,0,0,0,0,0,0,
14-03-2023,FEI,AIRCRAFT,INVERTER,1,2,2,0,0,2,0,0.00,0.00,0.20,0.00,0,0,0,0,0,0,0,0,0,0,0,0,0,0,2,0,0,
14-03-2023,FEA NJ,VESSEL,INVERTER,11,263,18,6,7,5,0,6.00,2.33,0.50,0.00,0,0,0,4,1,1,2,0,0,1,3,1,0,0,5,0,0,
14-03-2023,FEI,AIRCRAFT,TEMPERATURE CONTROL,1,100,1,0,1,0,0,0.00,0.33,0.00,0.00,0,0,0,0,0,0,0,0,1,0,0,0,0,0,0,0,0,
14-03-2023,FEI,AIRCRAFT,TEMPERATURE CONTROL,3,104,5,0,5,0,0,0.00,0.17,0.00,0.00,0,0,0,0,0,0,0,0,0,0,0,0,1,4,0,0,0,
14-03-2024,FEA NJ AID,AIRCRAFT,INVERTER,2,4,4,0,0,4,0,0.00,0.00,0.40,0.00,0,0,0,0,0,0,0,0,0,0,0,0,0,0,4,0,0,
14-03-2024,FAP,VESSEL,INVERTER,3,14,14,0,0,14,0,0.00,0.00,1.40,0.00,0,0,0,0,0,0,0,0,0,0,0,0,0,0,14,0,0,
14-05-2024,FEF,AIRCRAFT,TEMPERATURE CONTROL,36,909,49,0,49,0,0,0.00,2.83,0.00,0.00,0,0,0,0,0,0,2,0,2,0,0,0,37,8,0,0,0,
14-05-2024,FEA NJ,VESSEL,INVERTER,3,206,8,1,1,6,0,1.00,0.33,0.60,0.00,0,0,0,1,0,0,0,0,0,0,0,1,0,0,6,0,0,
14-05-2025,FEK,AIRCRAFT,TEMPERATURE CONTROL,1,3,1,0,1,0,0,0.00,0.03,0.00,0.00,0,0,0,0,0,0,0,0,0,0,0,0,1,0,0,0,0,
14-05-2025,FEA NJ,VESSEL,INVERTER,17,1666,40,22,11,7,0,22.00,3.67,0.70,0.00,0,0,0,15,7,0,4,4,0,0,2,1,0,0,7,0,0,
14-06-2022,FEA FRE,VESSEL,INVERTER,1,2,1,0,1,0,0,0.00,0.33,0.00,0.00,0,0,0,0,0,0,0,0,0,1,0,0,0,0,0,0,0,
14-06-2022,FEA,COURIER,TEMPERATURE CONTROL,7,292,7,0,7,0,0,0.00,1.13,0.00,0.00,0,0,0,0,0,0,3,0,0,0,0,0,2,2,0,0,0,
14-06-2022,FEA NJ,VESSEL,INVERTER,14,381,41,7,8,26,0,7.00,2.67,2.60,0.00,0,0,0,2,5,0,3,1,0,0,1,3,0,0,26,0,0,
14-06-2022,FEA TWMC,AIRCRAFT,INVERTER,3,39,28,0,2,26,0,0.00,0.67,2.60,0.00,0,0,0,0,0,0,0,0,0,0,1,1,0,0,26,0,0,
14-06-2022,FEA,VESSEL,TEMPERATURE CONTROL,1,7,1,0,1,0,0,0.00,0.03,0.00,0.00,0,0,0,0,0,0,0,0,0,0,0,0,1,0,0,0,0,
14-06-2022,FEA NJ,AIRCRAFT,INVERTER,1,1,1,0,1,0,0,0.00,0.33,0.00,0.00,0,0,0,0,0,0,0,1,0,0,0,0,0,0,0,0,0,
14-06-2022,FEI,VESSEL,INVERTER,10,931,23,13,10,0,0,13.00,3.33,0.00,0.00,7,5,1,0,0,0,3,1,0,2,1,3,0,0,0,0,0,
14-06-2023,FEE,AIRCRAFT,INVERTER,32,945,156,33,17,106,0,33.00,5.67,10.60,0.00,0,0,0,10,22,1,2,7,0,4,4,0,0,0,106,0,0,
14-06-2024,FAP,VESSEL,INVERTER,16,191,20,3,12,5,0,3.00,4.00,0.50,0.00,0,2,1,0,0,0,5,1,0,2,0,4,0,0,5,0,0,
14-07-2022,FAP,VESSEL,INVERTER,17,566,27,8,11,8,0,8.00,3.67,0.80,0.00,2,5,1,0,0,0,2,3,0,3,3,0,0,0,8,0,0,
14-07-2022,FEID,VESSEL,INVERTER,9,47,10,0,6,4,0,0.00,2.00,0.40,0.00,0,0,0,0,0,0,5,1,0,0,0,0,0,0,4,0,0,
14-07-2025,FEE,AIRCRAFT,INVERTER,5,1208,35,31,3,1,0,31.00,1.00,0.10,0.00,0,0,0,27,4,0,0,1,0,1,1,0,0,0,1,0,0,
14-07-2025,FEA NJ,VESSEL,INVERTER,2,97,4,2,2,0,0,2.00,0.67,0.00,0.00,0,0,0,2,0,0,0,0,0,0,0,2,0,0,0,0,0,
14-09-2022,FEID,VESSEL,INVERTER,26,258,27,0,23,4,0,0.00,7.67,0.40,0.00,0,0,0,0,0,0,10,7,0,2,2,2,0,0,4,0,0,
14-09-2022,FAP,VESSEL,INVERTER,2,12,8,0,1,7,0,0.00,0.33,0.70,0.00,0,0,0,0,0,0,0,0,0,0,0,1,0,0,7,0,0,
14-09-2022,FAP,AIRCRAFT,INVERTER,1,2,2,0,0,2,0,0.00,0.00,0.20,0.00,0,0,0,0,0,0,0,0,0,0,0,0,0,0,2,0,0,
14-09-2023,FEA NJ,VESSEL,INVERTER,23,516,86,26,15,45,0,26.00,5.00,4.50,0.00,0,0,0,5,21,0,4,3,0,2,3,3,0,0,45,0,0,
14-09-2023,FEA IDEC,VESSEL,INVERTER,1,19,19,0,0,19,0,0.00,0.00,1.90,0.00,0,0,0,0,0,0,0,0,0,0,0,0,0,0,19,0,0,
14-09-2023,FEA TWMC,AIRCRAFT,INVERTER,2,4,4,0,0,4,0,0.00,0.00,0.40,0.00,0,0,0,0,0,0,0,0,0,0,0,0,0,0,4,0,0,
14-09-2023,FEID,AIRCRAFT,INVERTER,12,37,12,0,12,0,0,0.00,4.00,0.00,0.00,0,0,0,0,0,0,8,3,0,0,1,0,0,0,0,0,0,
14-09-2023,FEA TWMC,VESSEL,INVERTER,4,63,37,2,2,33,0,2.00,0.67,3.30,0.00,0,0,0,0,2,0,1,0,0,0,1,0,0,0,33,0,0,
14-09-2023,FEA TWMC,AIRCRAFT,INVERTER,6,36,22,1,3,18,0,1.00,1.00,1.80,0.00,0,0,0,0,1,0,2,0,0,1,0,0,0,0,18,0,0,
14-10-2022,FEE,AIRCRAFT,INVERTER,8,121,11,5,6,0,0,5.00,2.00,0.00,0.00,0,0,0,1,4,0,2,2,0,0,0,2,0,0,0,0,0,
14-11-2022,FEF,AIRCRAFT,TEMPERATURE CONTROL,5,20,6,0,6,0,0,0.00,0.50,0.00,0.00,0,0,0,0,0,0,1,0,0,0,0,0,0,5,0,0,0,
14-11-2022,FEI,VESSEL,INVERTER,35,1944,128,57,22,49,0,57.00,7.33,4.90,0.00,48,9,0,0,0,0,2,4,0,7,5,4,0,0,49,0,0,
14-11-2022,FEI,AIRCRAFT,TEMPERATURE CONTROL,2,40,2,0,2,0,0,0.00,0.07,0.00,0.00,0,0,0,0,0,0,0,0,0,0,0,0,1,1,0,0,0,
14-11-2022,FEI,VESSEL,TEMPERATURE CONTROL,11,904,18,0,18,0,0,0.00,2.70,0.00,0.00,0,0,0,0,0,0,0,0,7,0,0,0,8,3,0,0,0,
14-11-2023,FEA TWMC,VESSEL,INVERTER,7,18,18,0,1,17,0,0.00,0.33,1.70,0.00,0,0,0,0,0,0,0,1,0,0,0,0,0,0,17,0,0,
14-11-2023,FEA NJ,VESSEL,INVERTER,21,1339,120,42,14,64,0,42.00,4.67,6.40,0.00,0,0,0,14,28,0,3,1,0,2,3,5,0,0,64,0,0,
14-11-2023,FEA ROA,AIRCRAFT,INVERTER,1,649,6,5,1,0,0,5.00,0.33,0.00,0.00,0,0,0,5,0,0,0,0,0,0,0,1,0,0,0,0,0,
14-11-2023,FEA NJ,AIRCRAFT,INVERTER,1,1,1,0,0,1,0,0.00,0.00,0.10,0.00,0,0,0,0,0,0,0,0,0,0,0,0,0,0,1,0,0,
14-11-2023,FEA NJ,VESSEL,INVERTER,8,453,147,26,4,117,0,26.00,1.33,11.70,0.00,0,0,0,2,24,0,0,0,0,1,2,1,0,0,117,0,0,
14-11-2024,FAP,VESSEL,INVERTER,19,263,52,4,13,35,0,4.00,4.33,3.50,0.00,3,1,0,0,0,0,7,2,0,1,2,1,0,0,35,0,0,
14-12-2022,FEID,VESSEL,INVERTER,24,114,27,0,19,8,0,0.00,6.33,0.80,0.00,0,0,0,0,0,0,10,6,0,2,1,0,0,0,8,0,0,
14-12-2022,WuXi,AIRCRAFT,TEMPERATURE CONTROL,1,15,3,0,3,0,0,0.00,1.00,0.00,0.00,0,0,0,0,0,0,3,0,0,0,0,0,0,0,0,0,0,
14-12-2022,FEF,VESSEL,TEMPERATURE CONTROL,1,3,1,0,1,0,0,0.00,0.03,0.00,0.00,0,0,0,0,0,0,0,0,0,0,0,0,1,0,0,0,0,
14-12-2022,FEF,AIRCRAFT,TEMPERATURE CONTROL,4,327,4,0,4,0,0,0.00,1.03,0.00,0.00,0,0,0,0,0,0,3,0,0,0,0,0,0,1,0,0,0,
14-12-2022,FEE,VESSEL,INVERTER,12,309,51,0,5,35,11,0.00,1.67,3.50,5.50,0,0,0,0,0,0,0,2,0,0,2,1,0,0,35,0,11,
14-12-2023,FAP,VESSEL,INVERTER,55,1130,144,19,32,93,0,19.00,10.67,9.30,0.00,8,7,4,0,0,0,7,6,0,5,9,5,0,0,93,0,0,
14-12-2023,FAP,VESSEL,INVERTER,4,12,12,0,0,12,0,0.00,0.00,1.20,0.00,0,0,0,0,0,0,0,0,0,0,0,0,0,0,12,0,0,
14-12-2023,FEE,AIRCRAFT,INVERTER,29,588,51,10,15,26,0,10.00,5.00,2.60,0.00,0,0,0,4,6,0,2,2,0,5,2,4,0,0,26,0,0,
15-01-2024,FEI,VESSEL,TEMPERATURE CONTROL,6,207,8,0,8,0,0,0.00,0.87,0.00,0.00,0,0,0,0,0,0,0,0,2,0,0,0,5,1,0,0,0,
15-01-2024,FEF,AIRCRAFT,TEMPERATURE CONTROL,2,15,2,0,2,0,0,0.00,0.07,0.00,0.00,0,0,0,0,0,0,0,0,0,0,0,0,2,0,0,0,0,
15-01-2024,FEI,VESSEL,INVERTER,58,2611,227,25,25,177,0,25.00,8.33,17.70,0.00,18,7,0,0,0,0,3,4,0,6,4,8,0,0,177,0,0,
15-01-2025,FEK,VESSEL,INVERTER,8,331,19,1,6,12,0,1.00,2.00,1.20,0.00,0,1,0,0,0,0,1,0,0,1,1,3,0,0,12,0,0,
15-01-2026,FAP,SEA,INVERTER,26,545,50,3,24,23,0,3.00,8.00,2.30,0.00,2,1,0,0,0,0,5,4,0,3,5,7,0,0,23,0,0,
15-01-2026,FEI,SEA,INVERTER,1,252,7,6,1,0,0,6.00,0.33,0.00,0.00,6,0,0,0,0,0,0,0,0,0,0,1,0,0,0,0,0,
15-02-2022,FEE,AIRCRAFT,INVERTER,9,137,12,2,10,0,0,2.00,3.33,0.00,0.00,0,0,0,2,0,0,4,1,0,1,0,4,0,0,0,0,0,
15-02-2022,FEID,AIRCRAFT,INVERTER,4,8,4,0,4,0,0,0.00,1.33,0.00,0.00,0,0,0,0,0,0,2,0,0,2,0,0,0,0,0,0,0,
15-02-2022,FEA FRE,AIRCRAFT,INVERTER,1,1,1,0,0,1,0,0.00,0.00,0.10,0.00,0,0,0,0,0,0,0,0,0,0,0,0,0,0,1,0,0,
15-02-2022,FEA TWMC,AIRCRAFT,INVERTER,2,28,10,1,1,8,0,1.00,0.33,0.80,0.00,0,0,0,0,1,0,0,0,0,0,1,0,0,0,8,0,0,
15-02-2022,FEA NJ,AIRCRAFT,INVERTER,5,172,12,6,1,5,0,6.00,0.33,0.50,0.00,0,0,0,0,6,0,0,0,0,1,0,0,0,0,5,0,0,
15-02-2022,WuXi,AIRCRAFT,TEMPERATURE CONTROL,2,22,4,0,4,0,0,0.00,1.33,0.00,0.00,0,0,0,0,0,0,3,0,0,1,0,0,0,0,0,0,0,
15-02-2022,FEA NJ,VESSEL,INVERTER,2,46,2,1,1,0,0,1.00,0.33,0.00,0.00,0,0,0,0,1,0,0,0,0,1,0,0,0,0,0,0,0,
15-02-2022,FET,COURIER,VENDING MACHINE,1,49,49,0,0,49,0,0.00,0.00,49.00,0.00,0,0,0,0,0,0,0,0,0,0,0,0,0,0,0,49,0,
15-02-2023,FEA NJ,VESSEL,INVERTER,12,461,29,11,6,12,0,11.00,2.00,1.20,0.00,0,0,0,4,7,0,0,2,0,0,1,3,0,0,12,0,0,
15-02-2023,FEA,COURIER,TEMPERATURE CONTROL,13,691,17,0,17,0,0,0.00,1.47,0.00,0.00,0,0,0,0,0,0,1,2,0,0,0,0,10,4,0,0,0,
15-02-2023,FEA,AIRCRAFT,TEMPERATURE CONTROL,10,437,13,0,13,0,0,0.00,1.63,0.00,0.00,0,0,0,0,0,0,3,0,1,0,0,0,6,3,0,0,0,
15-02-2023,FEA ROA,AIRCRAFT,INVERTER,1,40,2,2,0,0,0,2.00,0.00,0.00,0.00,0,0,0,1,1,0,0,0,0,0,0,0,0,0,0,0,0,
15-02-2023,FEA NJ AID,AIRCRAFT,INVERTER,5,23,23,0,0,23,0,0.00,0.00,2.30,0.00,0,0,0,0,0,0,0,0,0,0,0,0,0,0,23,0,0,
15-02-2023,FEA NJ AID,VESSEL,INVERTER,3,29,29,0,0,29,0,0.00,0.00,2.90,0.00,0,0,0,0,0,0,0,0,0,0,0,0,0,0,29,0,0,
15-02-2023,FEA NJ,AIRCRAFT,INVERTER,1,1,1,0,0,1,0,0.00,0.00,0.10,0.00,0,0,0,0,0,0,0,0,0,0,0,0,0,0,1,0,0,
15-03-2022,FEI,VESSEL,INVERTER,7,354,46,16,5,25,0,16.00,1.67,2.50,0.00,0,0,0,14,2,0,1,1,0,3,0,0,0,0,25,0,0,
15-03-2022,FEF,AIRCRAFT,TEMPERATURE CONTROL,6,383,10,1,9,0,0,1.00,1.20,0.00,0.00,0,1,0,0,0,0,1,1,0,1,0,0,5,1,0,0,0,
15-03-2023,FAP,VESSEL,INVERTER,10,34,34,0,1,33,0,0.00,0.33,3.30,0.00,0,0,0,0,0,0,1,0,0,0,0,0,0,0,33,0,0,
15-03-2023,FETW,VESSEL,INVERTER,2,668,7,6,1,0,0,6.00,0.33,0.00,0.00,3,3,0,0,0,0,0,0,0,1,0,0,0,0,0,0,0,
15-03-2023,FEA NJ,AIRCRAFT,INVERTER,1,50,50,0,0,50,0,0.00,0.00,5.00,0.00,0,0,0,0,0,0,0,0,0,0,0,0,0,0,50,0,0,
15-03-2023,FEI,VESSEL,TEMPERATURE CONTROL,2,129,3,0,3,0,0,0.00,0.40,0.00,0.00,0,0,0,0,0,0,0,0,1,0,0,0,2,0,0,0,0,
15-03-2023,FEI,AIRCRAFT,TEMPERATURE CONTROL,3,180,3,0,3,0,0,0.00,0.70,0.00,0.00,0,0,0,0,0,0,2,0,0,0,0,0,0,1,0,0,0,
15-03-2023,FEID,VESSEL,INVERTER,18,70,20,1,14,5,0,1.00,4.67,0.50,0.00,0,1,0,0,0,0,6,6,0,0,1,1,0,0,5,0,0,
15-03-2023,FETW,VESSEL,INVERTER,2,138,6,5,1,0,0,5.00,0.33,0.00,0.00,2,2,1,0,0,0,1,0,0,0,0,0,0,0,0,0,0,
15-03-2023,FEI,VESSEL,TEMPERATURE CONTROL,5,64,8,0,8,0,0,0.00,0.57,0.00,0.00,0,0,0,0,0,0,1,0,0,0,0,0,7,0,0,0,0,
15-03-2024,FETW,VESSEL,INVERTER,4,32,23,0,1,22,0,0.00,0.33,2.20,0.00,0,0,0,0,0,0,0,0,0,1,0,0,0,0,22,0,0,
15-03-2024,FAP,VESSEL,INVERTER,3,6,6,0,0,6,0,0.00,0.00,0.60,0.00,0,0,0,0,0,0,0,0,0,0,0,0,0,0,6,0,0,
15-05-2023,FEI,VESSEL,INVERTER,85,4717,288,87,44,157,0,87.00,14.67,15.70,0.00,66,19,2,0,0,0,13,6,0,8,5,12,0,0,157,0,0,
15-05-2023,FEI,VESSEL,TEMPERATURE CONTROL,14,777,22,0,22,0,0,0.00,2.83,0.00,0.00,0,0,0,0,0,0,1,0,6,0,0,0,11,4,0,0,0,
15-05-2025,FAP,VESSEL,INVERTER,15,448,124,7,11,106,0,7.00,3.67,10.60,0.00,0,6,1,0,0,0,1,1,0,4,0,5,0,0,106,0,0,
15-06-2022,FEE,VESSEL,INVERTER,14,439,97,0,6,76,15,0.00,1.40,7.60,7.50,0,0,0,0,0,0,0,1,0,1,2,0,2,0,76,0,15,
15-06-2022,FEE,AIRCRAFT,INVERTER,1,38,2,2,0,0,0,2.00,0.00,0.00,0.00,0,0,0,1,1,0,0,0,0,0,0,0,0,0,0,0,0,
15-06-2023,FEA TWMC,VESSEL,INVERTER,1,10,2,1,1,0,0,1.00,0.33,0.00,0.00,0,0,0,0,1,0,0,0,0,1,0,0,0,0,0,0,0,
15-06-2023,FEE,VESSEL,INVERTER,49,5264,145,0,21,77,47,0.00,7.00,7.70,23.50,0,0,0,0,0,0,5,3,0,5,1,7,0,0,77,0,47,
15-06-2023,FEA IDEC,AIRCRAFT,INVERTER,1,20,2,1,1,0,0,1.00,0.33,0.00,0.00,0,0,0,1,0,0,0,0,0,0,1,0,0,0,0,0,0,
15-06-2023,FEA TWMC,AIRCRAFT,INVERTER,1,2,2,0,0,2,0,0.00,0.00,0.20,0.00,0,0,0,0,0,0,0,0,0,0,0,0,0,0,2,0,0,
15-06-2023,FEID,VESSEL,INVERTER,13,123,13,0,13,0,0,0.00,4.33,0.00,0.00,0,0,0,0,0,0,7,1,0,3,0,2,0,0,0,0,0,
15-06-2023,FEID,AIRCRAFT,TEMPERATURE CONTROL,3,349,7,0,7,0,0,0.00,1.43,0.00,0.00,0,0,0,0,0,0,0,0,4,0,0,0,2,1,0,0,0,
15-06-2023,FEA IDEC,VESSEL,INVERTER,2,688,26,15,1,10,0,15.00,0.33,1.00,0.00,0,0,0,12,3,0,0,0,0,0,1,0,0,0,10,0,0,
15-07-2022,FEI,VESSEL,INVERTER,19,556,50,2,12,36,0,2.00,4.00,3.60,0.00,2,0,0,0,0,0,2,1,0,5,0,4,0,0,36,0,0,
15-07-2022,FEI,AIRCRAFT,TEMPERATURE CONTROL,2,80,3,0,3,0,0,0.00,0.10,0.00,0.00,0,0,0,0,0,0,0,0,0,0,0,0,1,2,0,0,0,
15-07-2022,FEI,VESSEL,TEMPERATURE CONTROL,4,225,6,0,6,0,0,0.00,0.80,0.00,0.00,0,0,0,0,0,0,0,0,2,0,0,0,3,1,0,0,0,
15-07-2024,FEE,VESSEL,INVERTER,19,1330,103,0,12,67,24,0.00,4.00,6.70,12.00,0,0,0,0,0,0,2,3,0,2,2,3,0,0,67,0,24,
15-07-2025,FEE,VESSEL,INVERTER,8,428,21,0,4,1,16,0.00,1.33,0.10,8.00,0,0,0,0,0,0,0,3,0,0,1,0,0,0,1,0,16,
15-08-2024,FEE,VESSEL,INVERTER,1,3229,97,62,1,34,0,62.00,0.33,3.40,0.00,0,0,0,43,19,0,0,0,0,0,0,1,0,0,34,0,0,
15-09-2022,FAP,VESSEL,INVERTER,31,434,93,13,23,57,0,13.00,7.67,5.70,0.00,6,7,0,0,0,0,2,5,0,1,7,8,0,0,57,0,0,
15-09-2022,FAP,AIRCRAFT,INVERTER,2,6,6,0,0,6,0,0.00,0.00,0.60,0.00,0,0,0,0,0,0,0,0,0,0,0,0,0,0,6,0,0,
15-09-2023,FAP,COURIER,TEMPERATURE CONTROL,1,7,1,0,1,0,0,0.00,0.03,0.00,0.00,0,0,0,0,0,0,0,0,0,0,0,0,1,0,0,0,0,
15-09-2023,FEI,VESSEL,TEMPERATURE CONTROL,4,474,7,0,7,0,0,0.00,1.43,0.00,0.00,0,0,0,0,0,0,1,0,3,0,0,0,2,1,0,0,0,
15-09-2023,FEI,VESSEL,INVERTER,49,1745,150,36,26,88,0,36.00,8.67,8.80,0.00,32,4,0,0,0,0,7,5,0,5,6,3,0,0,88,0,0,
15-09-2023,FEC,VESSEL,TEMPERATURE CONTROL,7,2505,19,3,16,0,0,3.00,3.23,0.00,0.00,3,0,0,0,0,0,0,0,9,0,0,0,5,2,0,0,0,
15-10-2024,FEA,VESSEL,TEMPERATURE CONTROL,3,366,4,0,4,0,0,0.00,0.73,0.00,0.00,0,0,0,0,0,0,1,0,1,0,0,0,0,2,0,0,0,
15-10-2024,FEA NJ,VESSEL,INVERTER,5,322,26,3,3,20,0,3.00,1.00,2.00,0.00,0,0,0,1,2,0,1,0,0,0,0,2,0,0,20,0,0,
15-10-2024,FEI,VESSEL,INVERTER,2,1297,14,13,1,0,0,13.00,0.33,0.00,0.00,12,1,0,0,0,0,0,0,0,0,0,1,0,0,0,0,0,
15-10-2025,FEI,VESSEL,INVERTER,3,655,6,3,1,2,0,3.00,0.33,0.20,0.00,3,0,0,0,0,0,0,0,0,0,0,1,0,0,2,0,0,
15-11-2022,FEID,VESSEL,INVERTER,39,423,48,0,33,15,0,0.00,11.00,1.50,0.00,0,0,0,0,0,0,18,2,0,10,2,1,0,0,15,0,0,
15-11-2022,FEA NJ,VESSEL,INVERTER,14,917,29,6,10,13,0,6.00,3.33,1.30,0.00,0,0,0,3,3,0,2,2,0,2,0,4,0,0,13,0,0,
15-11-2023,FEI,VESSEL,TEMPERATURE CONTROL,2,68,5,0,5,0,0,0.00,0.17,0.00,0.00,0,0,0,0,0,0,0,0,0,0,0,0,4,1,0,0,0,
15-11-2023,FEI,VESSEL,INVERTER,46,3691,136,51,30,55,0,51.00,10.00,5.50,0.00,33,18,0,0,0,0,8,3,0,4,7,8,0,0,55,0,0,
15-11-2024,FEA,VESSEL,TEMPERATURE CONTROL,1,82,1,0,1,0,0,0.00,0.33,0.00,0.00,0,0,0,0,0,0,1,0,0,0,0,0,0,0,0,0,0,
15-11-2024,FAP,COURIER,INVERTER,1,6,1,0,1,0,0,0.00,0.33,0.00,0.00,0,0,0,0,0,0,0,0,0,1,0,0,0,0,0,0,0,
15-12-2022,FAP,COURIER,TEMPERATURE CONTROL,1,2,1,0,1,0,0,0.00,0.03,0.00,0.00,0,0,0,0,0,0,0,0,0,0,0,0,1,0,0,0,0,
15-12-2022,FEV,AIRCRAFT,TEMPERATURE CONTROL,1,3,1,0,1,0,0,0.00,0.03,0.00,0.00,0,0,0,0,0,0,0,0,0,0,0,0,1,0,0,0,0,
15-12-2022,FAP,VESSEL,INVERTER,19,485,37,4,19,14,0,4.00,6.33,1.40,0.00,3,0,1,0,0,0,1,3,0,5,4,6,0,0,14,0,0,
15-12-2023,FEA,AIRCRAFT,TEMPERATURE CONTROL,13,2058,23,0,23,0,0,0.00,4.67,0.00,0.00,0,0,0,0,0,0,2,0,11,0,0,0,4,6,0,0,0,
15-12-2023,FEI,VESSEL,TEMPERATURE CONTROL,1,50,1,0,1,0,0,0.00,0.33,0.00,0.00,0,0,0,0,0,0,1,0,0,0,0,0,0,0,0,0,0,
15-12-2023,FEC,AIRCRAFT,TEMPERATURE CONTROL,3,400,4,0,4,0,0,0.00,1.33,0.00,0.00,0,0,0,0,0,0,1,1,2,0,0,0,0,0,0,0,0,
15-12-2025,FEI,VESSEL,INVERTER,3,627,20,5,2,13,0,5.00,0.67,1.30,0.00,3,2,0,0,0,0,1,1,0,0,0,0,0,0,13,0,0,
15-12-2025,FEI,AIRCRAFT,INVERTER,1,4,4,0,0,4,0,0.00,0.00,0.40,0.00,0,0,0,0,0,0,0,0,0,0,0,0,0,0,4,0,0,
16-01-2023,FEI,VESSEL,INVERTER,32,703,59,8,24,27,0,8.00,8.00,2.70,0.00,6,2,0,0,0,0,9,2,0,5,5,3,0,0,27,0,0,
16-01-2023,FEC,AIRCRAFT,TEMPERATURE CONTROL,4,2019,14,2,12,0,0,2.00,3.40,0.00,0.00,2,0,0,0,0,0,1,0,9,0,0,0,1,1,0,0,0,
16-01-2023,FEF,VESSEL,TEMPERATURE CONTROL,1,50,1,0,1,0,0,0.00,0.03,0.00,0.00,0,0,0,0,0,0,0,0,0,0,0,0,0,1,0,0,0,
16-01-2023,FEF,AIRCRAFT,TEMPERATURE CONTROL,4,159,5,0,5,0,0,0.00,1.07,0.00,0.00,0,0,0,0,0,0,3,0,0,0,0,0,0,2,0,0,0,
16-01-2023,FEI,VESSEL,TEMPERATURE CONTROL,5,294,6,0,6,0,0,0.00,1.10,0.00,0.00,0,0,0,0,0,0,2,0,1,0,0,0,1,2,0,0,0,
16-01-2023,FEC,VESSEL,TEMPERATURE CONTROL,13,5931,25,5,20,0,0,5.00,5.17,0.00,0.00,5,0,0,0,0,0,1,1,13,0,0,0,5,0,0,0,0,
16-01-2023,FEA,COURIER,TEMPERATURE CONTROL,9,1024,15,0,15,0,0,0.00,2.60,0.00,0.00,0,0,0,0,0,0,0,0,7,0,0,0,3,5,0,0,0,
16-01-2023,FEA,VESSEL,TEMPERATURE CONTROL,1,65,2,0,2,0,0,0.00,0.07,0.00,0.00,0,0,0,0,0,0,0,0,0,0,0,0,0,2,0,0,0,
16-01-2023,FEA,AIRCRAFT,TEMPERATURE CONTROL,1,10,1,0,1,0,0,0.00,0.03,0.00,0.00,0,0,0,0,0,0,0,0,0,0,0,0,1,0,0,0,0,
16-01-2024,FEI,VESSEL,TEMPERATURE CONTROL,1,74,2,0,2,0,0,0.00,0.37,0.00,0.00,0,0,0,0,0,0,0,0,1,0,0,0,0,1,0,0,0,
16-01-2024,FEE,AIRCRAFT,INVERTER,6,106,16,5,6,5,0,5.00,2.00,0.50,0.00,0,0,0,0,5,0,0,1,0,0,0,5,0,0,5,0,0,
16-01-2024,FEE,AIRCRAFT,INVERTER,14,292,49,10,3,36,0,10.00,1.00,3.60,0.00,0,0,0,6,4,0,0,2,0,0,1,0,0,0,36,0,0,
16-01-2024,FEID,VESSEL,INVERTER,12,74,13,0,11,2,0,0.00,3.67,0.20,0.00,0,0,0,0,0,0,4,3,0,2,1,1,0,0,2,0,0,
16-01-2026,FEI,SEA,INVERTER,2,1024,33,27,0,6,0,27.00,0.00,0.60,0.00,15,12,0,0,0,0,0,0,0,0,0,0,0,0,6,0,0,
16-01-2026,FEID,SEA,INVERTER,2,3,2,0,2,0,0,0.00,0.67,0.00,0.00,0,0,0,0,0,0,1,0,0,1,0,0,0,0,0,0,0,
16-02-2023,FEI,AIRCRAFT,TEMPERATURE CONTROL,4,1413,9,2,7,0,0,2.00,2.03,0.00,0.00,2,0,0,0,0,0,2,0,4,0,0,0,0,1,0,0,0,
16-02-2023,FEC,VESSEL,TEMPERATURE CONTROL,14,7035,34,11,23,0,0,11.00,5.87,0.00,0.00,11,0,0,0,0,0,5,0,12,0,0,0,2,4,0,0,0,
16-02-2023,FEID,VESSEL,INVERTER,10,49,10,0,8,2,0,0.00,2.67,0.20,0.00,0,0,0,0,0,0,6,0,0,1,1,0,0,0,2,0,0,
16-02-2023,FAP,AIRCRAFT,INVERTER,1,1,1,0,0,1,0,0.00,0.00,0.10,0.00,0,0,0,0,0,0,0,0,0,0,0,0,0,0,1,0,0,
16-02-2023,FAP,VESSEL,INVERTER,25,259,36,2,21,13,0,2.00,7.00,1.30,0.00,2,0,0,0,0,0,4,6,0,6,1,4,0,0,13,0,0,
16-02-2024,FAP,VESSEL,INVERTER,22,142,32,4,20,8,0,4.00,6.67,0.80,0.00,1,3,0,0,0,0,2,2,0,1,7,8,0,0,8,0,0,
16-03-2022,FEA NJ,VESSEL,INVERTER,1,725,7,7,0,0,0,7.00,0.00,0.00,0.00,0,0,0,6,1,0,0,0,0,0,0,0,0,0,0,0,0,
16-03-2022,FEID,AIRCRAFT,INVERTER,8,54,8,0,8,0,0,0.00,2.67,0.00,0.00,0,0,0,0,0,0,3,2,0,2,1,0,0,0,0,0,0,
16-03-2022,FEC,AIRCRAFT,TEMPERATURE CONTROL,4,3243,11,4,7,0,0,4.00,2.33,0.00,0.00,4,0,0,0,0,0,3,0,4,0,0,0,0,0,0,0,0,
16-03-2022,FEI,AIRCRAFT,TEMPERATURE CONTROL,9,567,12,0,12,0,0,0.00,1.30,0.00,0.00,0,0,0,0,0,0,0,1,2,0,0,0,8,1,0,0,0,
16-03-2022,FEC,VESSEL,TEMPERATURE CONTROL,7,1701,15,1,14,0,0,1.00,3.47,0.00,0.00,1,0,0,0,0,0,1,0,9,0,0,0,3,1,0,0,0,
16-03-2023,FAP,VESSEL,INVERTER,54,828,100,25,47,28,0,25.00,15.67,2.80,0.00,2,22,1,0,0,0,7,8,0,4,21,7,0,0,28,0,0,
16-03-2023,FAP,VESSEL,INVERTER,2,50,3,2,1,0,0,2.00,0.33,0.00,0.00,1,1,0,0,0,0,0,0,0,0,1,0,0,0,0,0,0,
16-04-2025,FEID,VESSEL,INVERTER,3,66,3,0,3,0,0,0.00,1.00,0.00,0.00,0,0,0,0,0,0,0,2,0,0,1,0,0,0,0,0,0,
16-05-2023,FEE,VESSEL,INVERTER,32,653,95,0,20,62,13,0.00,6.67,6.20,6.50,0,0,0,0,0,0,9,3,0,2,5,1,0,0,62,0,13,
16-05-2024,FEC,VESSEL,TEMPERATURE CONTROL,13,7778,32,12,20,0,0,12.00,3.97,0.00,0.00,12,0,0,0,0,0,1,5,5,0,0,0,4,5,0,0,0,
16-05-2024,FEI,VESSEL,INVERTER,18,2449,38,24,14,0,0,24.00,4.67,0.00,0.00,15,9,0,0,0,0,5,0,0,4,3,2,0,0,0,0,0,
16-06-2022,FAP,VESSEL,INVERTER,27,910,51,13,27,11,0,13.00,9.00,1.10,0.00,8,5,0,0,0,0,5,5,0,1,5,11,0,0,11,0,0,
16-06-2022,FAP,COURIER,TEMPERATURE CONTROL,1,18,2,0,2,0,0,0.00,0.07,0.00,0.00,0,0,0,0,0,0,0,0,0,0,0,0,2,0,0,0,0,
16-06-2023,FEA NJ AID,AIRCRAFT,INVERTER,3,14,14,0,0,14,0,0.00,0.00,1.40,0.00,0,0,0,0,0,0,0,0,0,0,0,0,0,0,14,0,0,
16-06-2023,FEJP,COURIER,TEMPERATURE CONTROL,1,20,2,0,2,0,0,0.00,0.07,0.00,0.00,0,0,0,0,0,0,0,0,0,0,0,0,2,0,0,0,0,
16-06-2023,FEI,AIRCRAFT,TEMPERATURE CONTROL,2,252,4,0,4,0,0,0.00,0.73,0.00,0.00,0,0,0,0,0,0,0,0,2,0,0,0,2,0,0,0,0,
16-06-2023,FEA NJ AID,AIRCRAFT,INVERTER,2,8,8,0,0,8,0,0.00,0.00,0.80,0.00,0,0,0,0,0,0,0,0,0,0,0,0,0,0,8,0,0,
16-07-2024,FEF,AIRCRAFT,TEMPERATURE CONTROL,1,7,1,0,1,0,0,0.00,0.03,0.00,0.00,0,0,0,0,0,0,0,0,0,0,0,0,1,0,0,0,0,
16-07-2025,FEID,VESSEL,INVERTER,17,193,17,0,16,1,0,0.00,5.33,0.10,0.00,0,0,0,0,0,0,6,4,0,3,2,1,0,0,1,0,0,
16-08-2022,FEI,VESSEL,INVERTER,20,872,156,12,11,133,0,12.00,3.67,13.30,0.00,5,7,0,0,0,0,6,3,0,1,0,1,0,0,133,0,0,
16-08-2022,FEI,AIRCRAFT,TEMPERATURE CONTROL,6,82,7,0,7,0,0,0.00,0.23,0.00,0.00,0,0,0,0,0,0,0,0,0,0,0,0,6,1,0,0,0,
16-08-2022,FEI,VESSEL,TEMPERATURE CONTROL,5,1244,10,0,10,0,0,0.00,2.73,0.00,0.00,0,0,0,0,0,0,1,1,6,0,0,0,0,2,0,0,0,
16-08-2022,FEA NJ,VESSEL,INVERTER,16,763,63,31,9,23,0,31.00,3.00,2.30,0.00,0,0,0,4,27,0,1,0,0,3,2,3,0,0,23,0,0,
16-08-2023,FEA IDEC,AIRCRAFT,INVERTER,2,30,7,1,1,5,0,1.00,0.33,0.50,0.00,0,0,0,0,0,1,1,0,0,0,0,0,0,0,5,0,0,
16-08-2023,FEA IDEC,VESSEL,INVERTER,7,572,51,11,5,35,0,11.00,1.67,3.50,0.00,0,0,0,4,5,2,1,1,0,2,1,0,0,0,35,0,0,
16-08-2023,FAP,VESSEL,INVERTER,59,918,104,17,41,46,0,17.00,13.67,4.60,0.00,4,12,1,0,0,0,8,4,0,8,9,12,0,0,46,0,0,
16-09-2022,WuXi,AIRCRAFT,TEMPERATURE CONTROL,1,20,4,0,4,0,0,0.00,1.33,0.00,0.00,0,0,0,0,0,0,4,0,0,0,0,0,0,0,0,0,0,
16-09-2024,FETW,VESSEL,INVERTER,3,425,6,3,3,0,0,3.00,1.00,0.00,0.00,2,1,0,0,0,0,1,0,0,1,0,1,0,0,0,0,0,
16-09-2024,FEE,VESSEL,INVERTER,4,1091,201,0,2,172,27,0.00,0.67,17.20,13.50,0,0,0,0,0,0,0,0,0,0,1,1,0,0,172,0,27,
16-09-2025,FEE,VESSEL,INVERTER,9,3687,131,0,3,52,76,0.00,1.00,5.20,38.00,0,0,0,0,0,0,0,0,0,3,0,0,0,0,52,0,76,
16-10-2023,FEID,VESSEL,INVERTER,13,45,14,1,10,3,0,1.00,3.33,0.30,0.00,0,1,0,0,0,0,6,0,0,1,1,2,0,0,3,0,0,
16-10-2023,FEE,VESSEL,INVERTER,77,4421,340,81,58,201,0,81.00,19.33,20.10,0.00,0,0,0,66,15,0,2,7,0,12,11,26,0,0,201,0,0,
16-10-2023,FAP,AIRCRAFT,INVERTER,1,1,1,0,0,1,0,0.00,0.00,0.10,0.00,0,0,0,0,0,0,0,0,0,0,0,0,0,0,1,0,0,
16-10-2024,FEA TWMC,VESSEL,INVERTER,5,70,16,2,4,10,0,2.00,1.33,1.00,0.00,0,0,0,0,2,0,0,0,0,1,1,2,0,0,10,0,0,
16-10-2024,FETW,VESSEL,INVERTER,7,251,40,8,3,29,0,8.00,1.00,2.90,0.00,6,2,0,0,0,0,0,0,0,0,1,2,0,0,29,0,0,
16-11-2022,FAP,VESSEL,INVERTER,50,1284,93,12,36,45,0,12.00,12.00,4.50,0.00,5,4,3,0,0,0,7,5,0,12,6,6,0,0,45,0,0,
16-11-2023,FAP,VESSEL,INVERTER,17,263,31,0,11,20,0,0.00,3.67,2.00,0.00,0,0,0,0,0,0,1,0,0,5,1,4,0,0,20,0,0,
16-11-2023,FEA TWMC,VESSEL,INVERTER,2,9,9,0,0,9,0,0.00,0.00,0.90,0.00,0,0,0,0,0,0,0,0,0,0,0,0,0,0,9,0,0,
16-11-2023,FEE,AIRCRAFT,INVERTER,26,266,122,4,15,103,0,4.00,5.00,10.30,0.00,0,0,0,1,3,0,1,1,0,1,2,10,0,0,103,0,0,
16-12-2022,FEC,VESSEL,VENDING MACHINE,1,12,12,0,0,12,0,0.00,0.00,12.00,0.00,0,0,0,0,0,0,0,0,0,0,0,0,0,0,0,12,0,
16-12-2024,FAP,VESSEL,INVERTER,35,541,80,8,28,44,0,8.00,9.33,4.40,0.00,4,4,0,0,0,0,10,5,0,7,3,3,0,0,44,0,0,
16-12-2025,FEID,VESSEL,INVERTER,22,183,23,4,18,1,0,4.00,6.00,0.10,0.00,0,3,1,0,0,0,10,4,0,3,1,0,0,0,1,0,0,
17-01-2022,FEF,AIRCRAFT,TEMPERATURE CONTROL,6,50,8,0,8,0,0,0.00,0.87,0.00,0.00,0,0,0,0,0,0,2,0,0,0,0,0,4,2,0,0,0,
17-01-2023,FEA NJ,VESSEL,INVERTER,10,880,18,8,7,3,0,8.00,2.33,0.30,0.00,0,0,0,6,2,0,3,1,0,0,1,2,0,0,3,0,0,
17-01-2023,FEA NJ AID,VESSEL,INVERTER,5,14,14,0,0,14,0,0.00,0.00,1.40,0.00,0,0,0,0,0,0,0,0,0,0,0,0,0,0,14,0,0,
17-01-2023,FEID,VESSEL,INVERTER,6,12,8,0,5,3,0,0.00,1.67,0.30,0.00,0,0,0,0,0,0,2,0,0,0,2,1,0,0,3,0,0,
17-01-2024,FEA NJ,AIRCRAFT,INVERTER,3,185,19,7,1,11,0,7.00,0.33,1.10,0.00,0,0,0,7,0,0,0,0,0,0,1,0,0,0,11,0,0,
17-01-2024,FEID,VESSEL,INVERTER,5,66,5,0,5,0,0,0.00,1.67,0.00,0.00,0,0,0,0,0,0,3,0,0,2,0,0,0,0,0,0,0,
17-01-2024,FAP,COURIER,TEMPERATURE CONTROL,1,3,1,0,1,0,0,0.00,0.03,0.00,0.00,0,0,0,0,0,0,0,0,0,0,0,0,1,0,0,0,0,
17-01-2024,FEA NJ,VESSEL,INVERTER,20,242,70,3,16,51,0,3.00,5.33,5.10,0.00,0,0,0,1,2,0,4,2,0,2,2,6,0,0,51,0,0,
17-01-2024,FEE,AIRCRAFT,INVERTER,2,6,6,0,0,6,0,0.00,0.00,0.60,0.00,0,0,0,0,0,0,0,0,0,0,0,0,0,0,6,0,0,
17-02-2022,FEE,VESSEL,INVERTER,30,1774,114,0,22,64,28,0.00,7.33,6.40,14.00,0,0,0,0,0,0,4,1,0,7,5,5,0,0,64,0,28,
17-02-2022,FEC,VESSEL,TEMPERATURE CONTROL,4,2490,7,4,3,0,0,4.00,0.40,0.00,0.00,4,0,0,0,0,0,0,0,1,0,0,0,1,1,0,0,0,
17-02-2022,FEI,AIRCRAFT,TEMPERATURE CONTROL,12,1434,26,0,26,0,0,0.00,5.37,0.00,0.00,0,0,0,0,0,0,2,0,13,0,0,0,7,4,0,0,0,
17-02-2023,FEE,VESSEL,INVERTER,22,1133,53,11,16,26,0,11.00,4.73,2.60,0.00,0,0,0,6,4,1,5,2,0,1,4,2,2,0,26,0,0,
17-02-2025,FEI,VESSEL,INVERTER,2,444,92,3,2,87,0,3.00,0.67,8.70,0.00,2,1,0,0,0,0,1,0,0,0,0,1,0,0,87,0,0,
17-02-2025,FEE,AIRCRAFT,INVERTER,1,70,1,1,0,0,0,1.00,0.00,0.00,0.00,0,0,0,0,1,0,0,0,0,0,0,0,0,0,0,0,0,
17-03-2022,FAP,VESSEL,INVERTER,1,14,7,0,1,6,0,0.00,0.33,0.60,0.00,0,0,0,0,0,0,0,0,0,0,1,0,0,0,6,0,0,
17-03-2022,FAP,VESSEL,INVERTER,14,158,14,2,11,1,0,2.00,3.67,0.10,0.00,0,2,0,0,0,0,4,0,0,1,3,3,0,0,1,0,0,
17-03-2023,FEE,AIRCRAFT,INVERTER,24,726,96,36,18,42,0,36.00,6.00,4.20,0.00,0,0,0,6,30,0,3,3,0,2,7,3,0,0,42,0,0,
17-03-2023,FEE,AIRCRAFT,INVERTER,9,786,37,29,8,0,0,29.00,2.67,0.00,0.00,0,0,0,20,8,1,3,2,0,2,1,0,0,0,0,0,0,
17-03-2025,FEA NJ,VESSEL,INVERTER,1,2481,57,26,0,31,0,26.00,0.00,3.10,0.00,0,0,0,24,2,0,0,0,0,0,0,0,0,0,31,0,0,
17-04-2024,FEF,AIRCRAFT,TEMPERATURE CONTROL,6,177,7,0,7,0,0,0.00,0.23,0.00,0.00,0,0,0,0,0,0,0,0,0,0,0,0,1,6,0,0,0,
17-04-2024,FEID,AIRCRAFT,TEMPERATURE CONTROL,2,265,4,0,4,0,0,0.00,1.03,0.00,0.00,0,0,0,0,0,0,0,0,3,0,0,0,0,1,0,0,0,
17-04-2024,FEID,VESSEL,INVERTER,8,37,14,0,7,7,0,0.00,2.33,0.70,0.00,0,0,0,0,0,0,3,1,0,1,0,2,0,0,7,0,0,
17-04-2024,FEA NJ,VESSEL,INVERTER,5,2051,19,16,3,0,0,16.00,1.00,0.00,0.00,0,0,0,15,1,0,1,2,0,0,0,0,0,0,0,0,0,
17-04-2024,FEA FRE,VESSEL,INVERTER,8,44,26,0,2,24,0,0.00,0.67,2.40,0.00,0,0,0,0,0,0,0,0,0,0,1,1,0,0,24,0,0,
17-04-2025,FEF,AIRCRAFT,TEMPERATURE CONTROL,1,106,1,0,1,0,0,0.00,0.33,0.00,0.00,0,0,0,0,0,0,0,0,1,0,0,0,0,0,0,0,0,
17-04-2025,FEI,VESSEL,INVERTER,1,110,8,3,0,5,0,3.00,0.00,0.50,0.00,1,2,0,0,0,0,0,0,0,0,0,0,0,0,5,0,0,
17-04-2025,FAP,VESSEL,INVERTER,26,144,36,0,20,16,0,0.00,6.67,1.60,0.00,0,0,0,0,0,0,6,4,0,3,3,4,0,0,16,0,0,
17-04-2025,FET,TRUCK,TEMPERATURE CONTROL,2,12,2,0,2,0,0,0.00,0.07,0.00,0.00,0,0,0,0,0,0,0,0,0,0,0,0,2,0,0,0,0,
17-05-2022,FEA NJ,VESSEL,INVERTER,16,337,98,3,8,87,0,3.00,2.67,8.70,0.00,0,0,0,1,1,1,1,0,0,2,3,2,0,0,87,0,0,
17-05-2022,FEA TWMC,AIRCRAFT,INVERTER,2,14,2,0,2,0,0,0.00,0.67,0.00,0.00,0,0,0,0,0,0,0,1,0,0,1,0,0,0,0,0,0,
17-05-2022,FEK,VESSEL,TEMPERATURE CONTROL,1,100,1,0,1,0,0,0.00,0.33,0.00,0.00,0,0,0,0,0,0,1,0,0,0,0,0,0,0,0,0,0,
17-05-2022,FAP,VESSEL,INVERTER,7,103,7,0,7,0,0,0.00,2.33,0.00,0.00,0,0,0,0,0,0,2,1,0,2,1,1,0,0,0,0,0,
17-05-2022,FEA NJ,AIRCRAFT,INVERTER,4,50,18,3,0,15,0,3.00,0.00,1.50,0.00,0,0,0,0,3,0,0,0,0,0,0,0,0,0,15,0,0,
17-05-2022,FEF,AIRCRAFT,TEMPERATURE CONTROL,12,142,15,0,15,0,0,0.00,2.00,0.00,0.00,0,0,0,0,0,0,5,0,0,0,0,0,7,3,0,0,0,
17-05-2022,FETW,AIRCRAFT,TEMPERATURE CONTROL,1,9,2,0,2,0,0,0.00,0.07,0.00,0.00,0,0,0,0,0,0,0,0,0,0,0,0,2,0,0,0,0,
17-05-2022,FEE,AIRCRAFT,INVERTER,16,583,30,10,20,0,0,10.00,6.67,0.00,0.00,0,0,0,7,3,0,7,0,0,0,2,11,0,0,0,0,0,
17-05-2022,FEE,VESSEL,INVERTER,8,428,12,5,7,0,0,5.00,2.33,0.00,0.00,0,0,0,2,2,1,3,1,0,2,0,1,0,0,0,0,0,
17-05-2023,FEE,AIRCRAFT,INVERTER,1,6,1,0,1,0,0,0.00,0.33,0.00,0.00,0,0,0,0,0,0,0,0,0,0,1,0,0,0,0,0,0,
17-05-2024,FEI,VESSEL,TEMPERATURE CONTROL,4,416,7,0,7,0,0,0.00,2.33,0.00,0.00,0,0,0,0,0,0,0,0,7,0,0,0,0,0,0,0,0,
17-06-2022,FEJP,VESSEL,TEMPERATURE CONTROL,1,50,1,0,1,0,0,0.00,0.33,0.00,0.00,0,0,0,0,0,0,1,0,0,0,0,0,0,0,0,0,0,
17-06-2023,FAP,VESSEL,INVERTER,39,449,58,11,33,14,0,11.00,11.00,1.40,0.00,4,5,2,0,0,0,6,6,0,5,9,7,0,0,14,0,0,
17-06-2023,FEC,VESSEL,TEMPERATURE CONTROL,17,7418,41,10,31,0,0,10.00,8.23,0.00,0.00,10,0,0,0,0,0,4,0,20,0,0,0,3,4,0,0,0,
17-06-2024,FEE,VESSEL,INVERTER,38,2034,290,0,13,216,61,0.00,4.33,21.60,30.50,0,0,0,0,0,0,3,1,0,3,3,3,0,0,216,0,61,
17-06-2024,FEF,AIRCRAFT,TEMPERATURE CONTROL,1,2,1,0,1,0,0,0.00,0.03,0.00,0.00,0,0,0,0,0,0,0,0,0,0,0,0,1,0,0,0,0,
17-07-2023,FEI,VESSEL,TEMPERATURE CONTROL,1,5,2,0,2,0,0,0.00,0.07,0.00,0.00,0,0,0,0,0,0,0,0,0,0,0,0,2,0,0,0,0,
17-07-2023,FEI,VESSEL,INVERTER,53,1363,144,32,27,85,0,32.00,9.00,8.50,0.00,17,15,0,0,0,0,3,3,0,3,11,7,0,0,85,0,0,
17-07-2024,FEA NJ,VESSEL,INVERTER,5,184,9,4,5,0,0,4.00,1.67,0.00,0.00,0,0,0,0,3,1,4,0,0,0,1,0,0,0,0,0,0,
17-07-2024,FEID,VESSEL,INVERTER,16,100,16,1,15,0,0,1.00,5.00,0.00,0.00,0,0,1,0,0,0,6,4,0,4,0,1,0,0,0,0,0,
17-07-2024,FEID,AIRCRAFT,TEMPERATURE CONTROL,5,248,7,0,7,0,0,0.00,0.83,0.00,0.00,0,0,0,0,0,0,0,0,2,0,0,0,3,2,0,0,0,
17-07-2025,FEI,VESSEL,INVERTER,4,336,11,4,3,4,0,4.00,1.00,0.40,0.00,1,2,1,0,0,0,0,1,0,1,0,1,0,0,4,0,0,
17-08-2022,FEC,VESSEL,TEMPERATURE CONTROL,11,2753,21,3,18,0,0,3.00,4.50,0.00,0.00,3,0,0,0,0,0,1,0,12,0,0,0,2,3,0,0,0,
17-08-2022,FAP,COURIER,INVERTER,1,2,2,0,0,2,0,0.00,0.00,0.20,0.00,0,0,0,0,0,0,0,0,0,0,0,0,0,0,2,0,0,
17-08-2022,FEC,AIRCRAFT,TEMPERATURE CONTROL,6,1850,17,2,15,0,0,2.00,3.50,0.00,0.00,2,0,0,0,0,0,3,0,7,0,0,0,3,2,0,0,0,
17-08-2022,FEA,COURIER,TEMPERATURE CONTROL,3,100,5,0,5,0,0,0.00,0.17,0.00,0.00,0,0,0,0,0,0,0,0,0,0,0,0,4,1,0,0,0,
17-08-2022,FEC,VESSEL,INVERTER,1,61,2,2,0,0,0,2.00,0.00,0.00,0.00,1,1,0,0,0,0,0,0,0,0,0,0,0,0,0,0,0,
17-08-2022,FEF,AIRCRAFT,TEMPERATURE CONTROL,13,475,19,0,19,0,0,0.00,3.03,0.00,0.00,0,0,0,0,0,0,6,0,1,0,1,0,5,6,0,0,0,
17-08-2023,FEID,VESSEL,INVERTER,18,88,19,0,16,3,0,0.00,5.33,0.30,0.00,0,0,0,0,0,0,7,2,0,3,4,0,0,0,3,0,0,
17-08-2023,FAP,VESSEL,INVERTER,3,20,4,2,2,0,0,2.00,0.67,0.00,0.00,0,2,0,0,0,0,0,0,0,0,1,1,0,0,0,0,0,
17-09-2024,FEA TWMC,VESSEL,INVERTER,5,60,34,1,3,30,0,1.00,1.00,3.00,0.00,0,0,0,1,0,0,0,0,0,0,2,1,0,0,30,0,0,
17-09-2024,FEA NJ,VESSEL,INVERTER,4,1180,18,17,1,0,0,17.00,0.33,0.00,0.00,0,0,0,16,1,0,0,0,0,0,1,0,0,0,0,0,0,
17-10-2022,FEE,VESSEL,INVERTER,32,1285,70,0,23,23,24,0.00,7.67,2.30,12.00,0,0,0,0,0,0,6,2,0,2,7,6,0,0,23,0,24,
17-10-2022,FEJP,VESSEL,INVERTER,1,128,9,4,5,0,0,4.00,1.07,0.00,0.00,0,3,1,0,0,0,1,0,0,2,0,0,0,2,0,0,0,
17-10-2022,FEI,VESSEL,TEMPERATURE CONTROL,4,310,4,0,4,0,0,0.00,0.43,0.00,0.00,0,0,0,0,0,0,0,0,1,0,0,0,1,2,0,0,0,
17-10-2023,FEI,AIRCRAFT,INVERTER,1,47,2,1,1,0,0,1.00,0.33,0.00,0.00,0,1,0,0,0,0,0,0,0,0,1,0,0,0,0,0,0,
17-10-2023,FEI,AIRCRAFT,TEMPERATURE CONTROL,2,339,4,0,4,0,0,0.00,1.03,0.00,0.00,0,0,0,0,0,0,0,0,3,0,0,0,1,0,0,0,0,
17-10-2024,FEI,AIRCRAFT,INVERTER,1,500,4,3,1,0,0,3.00,0.33,0.00,0.00,3,0,0,0,0,0,0,0,0,1,0,0,0,0,0,0,0,
17-10-2025,FEE,VESSEL,INVERTER,2,6385,326,0,0,246,80,0.00,0.00,24.60,40.00,0,0,0,0,0,0,0,0,0,0,0,0,0,0,246,0,80,
17-10-2025,FETW,VESSEL,INVERTER,4,35,35,0,2,33,0,0.00,0.67,3.30,0.00,0,0,0,0,0,0,1,1,0,0,0,0,0,0,33,0,0,
17-11-2023,FEE,VESSEL,INVERTER,38,1445,159,0,19,102,38,0.00,6.33,10.20,19.00,0,0,0,0,0,0,3,3,0,1,5,7,0,0,102,0,38,
17-11-2025,FEID,VESSEL,INVERTER,26,175,29,0,25,4,0,0.00,8.33,0.40,0.00,0,0,0,0,0,0,13,3,2,2,3,2,0,0,4,0,0,
17-11-2025,FEE,VESSEL,INVERTER,2,359,6,0,1,0,5,0.00,0.33,0.00,2.50,0,0,0,0,0,0,0,0,0,0,1,0,0,0,0,0,5,
17-11-2025,FEI,VESSEL,INVERTER,1,1,1,0,0,1,0,0.00,0.00,0.10,0.00,0,0,0,0,0,0,0,0,0,0,0,0,0,0,1,0,0,
17-11-2025,FEE,AIRCRAFT,INVERTER,1,70,1,1,0,0,0,1.00,0.00,0.00,0.00,0,0,0,1,0,0,0,0,0,0,0,0,0,0,0,0,0,
17-12-2024,FAP,VESSEL,INVERTER,1,14,4,2,2,0,0,2.00,0.67,0.00,0.00,2,0,0,0,0,0,0,0,0,0,0,2,0,0,0,0,0,
18-01-2022,FEA NJ,VESSEL,INVERTER,9,413,29,16,8,5,0,16.00,2.67,0.50,0.00,0,0,0,1,15,0,6,0,0,0,1,1,0,0,5,0,0,
18-01-2022,FEA TWMC,AIRCRAFT,INVERTER,3,49,14,3,2,9,0,3.00,0.67,0.90,0.00,0,0,0,0,3,0,0,0,0,1,1,0,0,0,9,0,0,
18-01-2022,FET,COURIER,VENDING MACHINE,1,1,1,0,0,1,0,0.00,0.00,1.00,0.00,0,0,0,0,0,0,0,0,0,0,0,0,0,0,0,1,0,
18-01-2022,FEA NJ,AIRCRAFT,INVERTER,8,216,14,2,5,7,0,2.00,1.67,0.70,0.00,0,0,0,0,1,1,2,1,0,0,1,1,0,0,7,0,0,
18-01-2022,FEA FRE,AIRCRAFT,INVERTER,1,1,1,0,0,1,0,0.00,0.00,0.10,0.00,0,0,0,0,0,0,0,0,0,0,0,0,0,0,1,0,0,
18-01-2024,FAP,VESSEL,INVERTER,3,10,10,0,0,10,0,0.00,0.00,1.00,0.00,0,0,0,0,0,0,0,0,0,0,0,0,0,0,10,0,0,
18-01-2024,FAP,VESSEL,INVERTER,49,1561,130,14,29,87,0,14.00,9.67,8.70,0.00,10,3,1,0,0,0,6,3,0,5,6,9,0,0,87,0,0,
18-03-2022,FEK,VESSEL,TEMPERATURE CONTROL,2,270,5,0,5,0,0,0.00,0.77,0.00,0.00,0,0,0,0,0,0,0,0,2,0,0,0,3,0,0,0,0,
18-03-2024,FEF,AIRCRAFT,TEMPERATURE CONTROL,1,6,1,0,1,0,0,0.00,0.03,0.00,0.00,0,0,0,0,0,0,0,0,0,0,0,0,1,0,0,0,0,
18-03-2024,FEA TWMC,VESSEL,INVERTER,18,236,231,0,1,230,0,0.00,0.33,23.00,0.00,0,0,0,0,0,0,0,0,0,1,0,0,0,0,230,0,0,
18-04-2022,FEF,AIRCRAFT,TEMPERATURE CONTROL,3,98,3,0,3,0,0,0.00,0.70,0.00,0.00,0,0,0,0,0,0,2,0,0,0,0,0,0,1,0,0,0,
18-04-2022,FEI,AIRCRAFT,INVERTER,5,76,11,2,3,6,0,2.00,1.00,0.60,0.00,2,0,0,0,0,0,1,0,0,1,1,0,0,0,6,0,0,
18-04-2022,FEA TWMC,AIRCRAFT,INVERTER,1,10,1,0,1,0,0,0.00,0.33,0.00,0.00,0,0,0,0,0,0,0,0,0,0,0,1,0,0,0,0,0,
18-04-2022,FEE,AIRCRAFT,INVERTER,28,964,98,29,16,53,0,29.00,5.33,5.30,0.00,0,0,0,11,18,0,2,3,0,2,1,8,0,0,53,0,0,
18-04-2022,FEI,VESSEL,INVERTER,10,150,20,3,15,2,0,3.00,5.00,0.20,0.00,2,1,0,0,0,0,2,2,0,1,1,9,0,0,2,0,0,
18-04-2022,FEK,VESSEL,INVERTER,1,6,1,0,1,0,0,0.00,0.33,0.00,0.00,0,0,0,0,0,0,1,0,0,0,0,0,0,0,0,0,0,
18-04-2022,FAP,AIRCRAFT,INVERTER,2,36,2,0,1,1,0,0.00,0.33,0.10,0.00,0,0,0,0,0,0,0,0,0,0,1,0,0,0,1,0,0,
18-04-2022,FEID,AIRCRAFT,INVERTER,7,20,7,0,6,1,0,0.00,2.00,0.10,0.00,0,0,0,0,0,0,5,1,0,0,0,0,0,0,1,0,0,
18-04-2022,FAP,VESSEL,INVERTER,14,271,18,3,11,4,0,3.00,3.67,0.40,0.00,0,1,2,0,0,0,6,1,0,0,2,2,0,0,4,0,0,
18-04-2022,FEA,AIRCRAFT,TEMPERATURE CONTROL,1,21,1,0,1,0,0,0.00,0.03,0.00,0.00,0,0,0,0,0,0,0,0,0,0,0,0,0,1,0,0,0,
18-04-2022,FEA,COURIER,TEMPERATURE CONTROL,9,360,10,0,10,0,0,0.00,0.93,0.00,0.00,0,0,0,0,0,0,2,0,0,0,0,0,3,5,0,0,0,
18-04-2022,FEA,VESSEL,TEMPERATURE CONTROL,2,539,7,0,7,0,0,0.00,1.43,0.00,0.00,0,0,0,0,0,0,0,0,4,0,0,0,1,2,0,0,0,
18-04-2023,FEC,VESSEL,TEMPERATURE CONTROL,21,3625,42,1,41,0,0,1.00,9.77,0.00,0.00,1,0,0,0,0,0,6,0,22,0,0,0,7,6,0,0,0,
18-04-2023,FAP,AIRCRAFT,INVERTER,1,5,1,0,1,0,0,0.00,0.33,0.00,0.00,0,0,0,0,0,0,0,0,0,0,0,1,0,0,0,0,0,
18-04-2023,FEA,COURIER,TEMPERATURE CONTROL,23,1682,34,0,34,0,0,0.00,5.03,0.00,0.00,0,0,0,0,0,0,8,2,3,0,0,0,13,8,0,0,0,
18-04-2024,FEID,VESSEL,INVERTER,1,7,1,0,1,0,0,0.00,0.33,0.00,0.00,0,0,0,0,0,0,1,0,0,0,0,0,0,0,0,0,0,
18-04-2025,FEE,VESSEL,INVERTER,10,648,51,0,6,36,9,0.00,2.00,3.60,4.50,0,0,0,0,0,0,3,0,0,1,0,2,0,0,36,0,9,
18-04-2025,FEA NJ,VESSEL,INVERTER,7,314,50,4,3,43,0,4.00,1.00,4.30,0.00,0,0,0,4,0,0,0,0,0,0,1,2,0,0,43,0,0,
18-05-2022,FAP,VESSEL,INVERTER,4,24,14,0,2,12,0,0.00,0.67,1.20,0.00,0,0,0,0,0,0,0,1,0,0,1,0,0,0,12,0,0,
18-05-2022,FEK,VESSEL,INVERTER,2,2,2,0,0,2,0,0.00,0.00,0.20,0.00,0,0,0,0,0,0,0,0,0,0,0,0,0,0,2,0,0,
18-05-2022,FEI,AIRCRAFT,INVERTER,15,598,45,13,2,30,0,13.00,0.67,3.00,0.00,5,8,0,0,0,0,0,0,0,1,0,1,0,0,30,0,0,
18-05-2022,FEID,AIRCRAFT,INVERTER,5,15,5,0,5,0,0,0.00,1.67,0.00,0.00,0,0,0,0,0,0,5,0,0,0,0,0,0,0,0,0,0,
18-05-2022,FEID,VESSEL,INVERTER,7,88,7,0,7,0,0,0.00,2.33,0.00,0.00,0,0,0,0,0,0,3,1,0,3,0,0,0,0,0,0,0,
18-05-2022,FEE,VESSEL,INVERTER,3,213,4,1,3,0,0,1.00,1.00,0.00,0.00,0,0,0,1,0,0,0,0,0,0,3,0,0,0,0,0,0,
18-05-2023,FEE,AIRCRAFT,INVERTER,9,441,28,16,6,6,0,16.00,2.00,0.60,0.00,0,0,0,9,7,0,2,1,0,1,0,2,0,0,6,0,0,
18-05-2023,FEA NJ AID,VESSEL,INVERTER,3,22,4,1,2,1,0,1.00,0.67,0.10,0.00,0,0,0,0,1,0,0,0,0,1,1,0,0,0,1,0,0,
18-05-2023,FEA NJ,VESSEL,INVERTER,22,988,74,28,17,29,0,28.00,5.67,2.90,0.00,0,0,0,6,21,1,4,2,0,2,4,5,0,0,29,0,0,
18-05-2023,FEI,VESSEL,TEMPERATURE CONTROL,2,150,2,0,2,0,0,0.00,0.37,0.00,0.00,0,0,0,0,0,0,0,0,1,0,0,0,0,1,0,0,0,
18-05-2023,WuXi,AIRCRAFT,TEMPERATURE CONTROL,1,14,3,0,3,0,0,0.00,0.70,0.00,0.00,0,0,0,0,0,0,2,0,0,0,0,0,0,1,0,0,0,
18-05-2023,FEC,AIRCRAFT,TEMPERATURE CONTROL,5,1623,13,2,11,0,0,2.00,3.37,0.00,0.00,2,0,0,0,0,0,0,0,10,0,0,0,0,1,0,0,0,
18-05-2023,FEF,AIRCRAFT,TEMPERATURE CONTROL,3,61,4,0,4,0,0,0.00,0.13,0.00,0.00,0,0,0,0,0,0,0,0,0,0,0,0,3,1,0,0,0,
18-05-2023,FEE,AIRCRAFT,INVERTER,17,626,45,25,11,9,0,25.00,3.67,0.90,0.00,0,0,0,13,12,0,1,3,0,2,2,3,0,0,9,0,0,
18-06-2025,FEI,VESSEL,INVERTER,2,1207,10,7,3,0,0,7.00,1.00,0.00,0.00,7,0,0,0,0,0,1,1,0,0,0,1,0,0,0,0,0,
18-06-2025,FEID,VESSEL,INVERTER,8,68,8,0,7,1,0,0.00,2.33,0.10,0.00,0,0,0,0,0,0,3,1,0,2,1,0,0,0,1,0,0,
18-06-2025,FEE,VESSEL,INVERTER,22,4089,88,0,7,4,77,0.00,2.33,0.40,38.50,0,0,0,0,0,0,2,0,0,0,3,2,0,0,4,0,77,
18-06-2025,FEE,AIRCRAFT,INVERTER,5,1138,11,6,5,0,0,6.00,1.67,0.00,0.00,0,0,0,6,0,0,1,1,0,1,1,1,0,0,0,0,0,
18-07-2023,FETW,VESSEL,INVERTER,8,1553,19,17,2,0,0,17.00,0.67,0.00,0.00,4,10,3,0,0,0,1,0,0,0,1,0,0,0,0,0,0,
18-07-2023,FEA NJ,VESSEL,INVERTER,14,436,40,11,18,11,0,11.00,6.00,1.10,0.00,0,0,0,7,4,0,1,0,0,2,2,13,0,0,11,0,0,
18-07-2023,FEF,AIRCRAFT,TEMPERATURE CONTROL,19,898,24,0,24,0,0,0.00,2.60,0.00,0.00,0,0,0,0,0,0,1,1,4,0,0,0,12,6,0,0,0,
18-07-2023,FEA TWMC,VESSEL,INVERTER,3,20,19,0,1,18,0,0.00,0.33,1.80,0.00,0,0,0,0,0,0,1,0,0,0,0,0,0,0,18,0,0,
18-07-2024,FETW,AIRCRAFT,TEMPERATURE CONTROL,2,109,2,0,2,0,0,0.00,0.37,0.00,0.00,0,0,0,0,0,0,1,0,0,0,0,0,0,1,0,0,0,
18-07-2024,FAP,VESSEL,INVERTER,19,242,34,3,13,18,0,3.00,4.33,1.80,0.00,0,2,1,0,0,0,2,1,0,3,3,4,0,0,18,0,0,
18-07-2024,FEI,AIRCRAFT,TEMPERATURE CONTROL,2,55,3,0,3,0,0,0.00,0.10,0.00,0.00,0,0,0,0,0,0,0,0,0,0,0,0,1,2,0,0,0,
18-08-2022,WuXi,AIRCRAFT,TEMPERATURE CONTROL,2,36,2,1,1,0,0,1.00,0.33,0.00,0.00,0,1,0,0,0,0,0,0,0,1,0,0,0,0,0,0,0,
18-08-2022,FEE,AIRCRAFT,INVERTER,14,370,30,12,18,0,0,12.00,6.00,0.00,0.00,0,0,0,6,6,0,2,2,0,3,3,8,0,0,0,0,0,
18-08-2022,FEA,AIRCRAFT,TEMPERATURE CONTROL,11,840,15,0,15,0,0,0.00,2.90,0.00,0.00,0,0,0,0,0,0,2,0,6,0,0,0,4,3,0,0,0,
18-08-2022,FEE,VESSEL,INVERTER,39,4639,140,0,15,60,65,0.00,5.00,6.00,32.50,0,0,0,0,0,0,4,3,0,2,3,3,0,0,60,0,65,
18-08-2023,FEC,VESSEL,TEMPERATURE CONTROL,3,1071,8,1,7,0,0,1.00,1.43,0.00,0.00,1,0,0,0,0,0,0,0,4,0,0,0,2,1,0,0,0,
18-08-2023,FEA,COURIER,TEMPERATURE CONTROL,3,84,3,0,3,0,0,0.00,0.10,0.00,0.00,0,0,0,0,0,0,0,0,0,0,0,0,1,2,0,0,0,
18-08-2023,FAP,AIRCRAFT,INVERTER,1,10,1,0,1,0,0,0.00,0.33,0.00,0.00,0,0,0,0,0,0,0,0,0,0,0,1,0,0,0,0,0,
18-08-2023,WuXi,AIRCRAFT,TEMPERATURE CONTROL,1,2,1,0,1,0,0,0.00,0.03,0.00,0.00,0,0,0,0,0,0,0,0,0,0,0,0,0,1,0,0,0,
18-08-2025,FEK,VESSEL,INVERTER,5,16,16,0,0,16,0,0.00,0.00,1.60,0.00,0,0,0,0,0,0,0,0,0,0,0,0,0,0,16,0,0,
18-08-2025,FEI,VESSEL,INVERTER,5,610,13,6,3,4,0,6.00,1.00,0.40,0.00,2,4,0,0,0,0,1,0,0,1,0,1,0,0,4,0,0,
18-09-2023,FAP,VESSEL,INVERTER,43,565,56,11,34,11,0,11.00,11.33,1.10,0.00,4,7,0,0,0,0,20,4,0,7,2,1,0,0,11,0,0,
18-09-2023,FEID,AIRCRAFT,INVERTER,6,20,6,0,6,0,0,0.00,2.00,0.00,0.00,0,0,0,0,0,0,6,0,0,0,0,0,0,0,0,0,0,
18-09-2024,FEA TWMC,VESSEL,INVERTER,1,30,2,1,1,0,0,1.00,0.33,0.00,0.00,0,0,0,0,1,0,0,0,0,0,0,1,0,0,0,0,0,
18-09-2024,FEI,VESSEL,INVERTER,9,76,9,1,8,0,0,1.00,2.67,0.00,0.00,0,0,1,0,0,0,4,2,0,0,0,2,0,0,0,0,0,
18-09-2024,FET,COURIER,TEMPERATURE CONTROL,1,50,2,0,2,0,0,0.00,0.07,0.00,0.00,0,0,0,0,0,0,0,0,0,0,0,0,1,1,0,0,0,
18-09-2024,FEA,VESSEL,TEMPERATURE CONTROL,1,25,1,0,1,0,0,0.00,0.03,0.00,0.00,0,0,0,0,0,0,0,0,0,0,0,0,0,1,0,0,0,
18-10-2022,FEA NJ,AIRCRAFT,INVERTER,1,8,8,0,0,8,0,0.00,0.00,0.80,0.00,0,0,0,0,0,0,0,0,0,0,0,0,0,0,8,0,0,
18-10-2022,FEI,AIRCRAFT,INVERTER,1,3,3,0,0,3,0,0.00,0.00,0.30,0.00,0,0,0,0,0,0,0,0,0,0,0,0,0,0,3,0,0,
18-10-2022,FEID,VESSEL,INVERTER,12,34,13,0,10,3,0,0.00,3.33,0.30,0.00,0,0,0,0,0,0,5,3,0,1,1,0,0,0,3,0,0,
18-10-2022,FEF,AIRCRAFT,TEMPERATURE CONTROL,2,17,4,0,4,0,0,0.00,0.13,0.00,0.00,0,0,0,0,0,0,0,0,0,0,0,0,4,0,0,0,0,
18-10-2022,FEA NJ,VESSEL,INVERTER,11,829,61,7,7,47,0,7.00,2.33,4.70,0.00,0,0,0,5,1,1,1,3,0,1,1,1,0,0,47,0,0,
18-10-2023,FEI,VESSEL,TEMPERATURE CONTROL,7,521,8,0,8,0,0,0.00,1.47,0.00,0.00,0,0,0,0,0,0,3,0,1,0,0,0,3,1,0,0,0,
18-10-2023,FEI,VESSEL,INVERTER,40,1538,123,48,25,50,0,48.00,8.33,5.00,0.00,14,33,1,0,0,0,11,0,0,3,3,8,0,0,50,0,0,
18-10-2023,FEA NJ,VESSEL,INVERTER,14,200,75,3,4,68,0,3.00,1.33,6.80,0.00,0,0,0,0,3,0,1,0,0,1,1,1,0,0,68,0,0,
18-10-2024,FAP,AIRCRAFT,INVERTER,1,50,2,2,0,0,0,2.00,0.00,0.00,0.00,2,0,0,0,0,0,0,0,0,0,0,0,0,0,0,0,0,
18-10-2024,FEA TWMC,VESSEL,INVERTER,4,33,25,0,2,23,0,0.00,0.67,2.30,0.00,0,0,0,0,0,0,0,0,0,0,2,0,0,0,23,0,0,
18-11-2022,FEJP,AIRCRAFT,TEMPERATURE CONTROL,1,505,1,0,1,0,0,0.00,0.33,0.00,0.00,0,0,0,0,0,0,0,0,0,0,1,0,0,0,0,0,0,
18-11-2024,FAP,COURIER,TEMPERATURE CONTROL,1,4,1,0,1,0,0,0.00,0.03,0.00,0.00,0,0,0,0,0,0,0,0,0,0,0,0,1,0,0,0,0,
18-11-2025,FEI,AIRCRAFT,INVERTER,1,1,1,0,0,1,0,0.00,0.00,0.10,0.00,0,0,0,0,0,0,0,0,0,0,0,0,0,0,1,0,0,
18-12-2023,FEI,VESSEL,TEMPERATURE CONTROL,1,50,1,0,1,0,0,0.00,0.33,0.00,0.00,0,0,0,0,0,0,1,0,0,0,0,0,0,0,0,0,0,
18-12-2023,FEC,VESSEL,TEMPERATURE CONTROL,7,5405,20,8,12,0,0,8.00,3.40,0.00,0.00,8,0,0,0,0,0,1,0,9,0,0,0,0,2,0,0,0,
18-12-2023,FEA TWMC,VESSEL,INVERTER,4,39,39,0,0,39,0,0.00,0.00,3.90,0.00,0,0,0,0,0,0,0,0,0,0,0,0,0,0,39,0,0,
18-12-2023,FEA TWMC,AIRCRAFT,INVERTER,1,7,7,0,0,7,0,0.00,0.00,0.70,0.00,0,0,0,0,0,0,0,0,0,0,0,0,0,0,7,0,0,
18-12-2025,FEI,AIRCRAFT,INVERTER,1,137,4,4,0,0,0,4.00,0.00,0.00,0.00,3,1,0,0,0,0,0,0,0,0,0,0,0,0,0,0,0,
18-12-2025,FEA NJ,VESSEL,INVERTER,2,216,10,4,1,5,0,4.00,0.33,0.50,0.00,0,0,0,3,1,0,1,0,0,0,0,0,0,0,5,0,0,
18-12-2025,FEI,VESSEL,INVERTER,4,2478,26,16,3,7,0,16.00,1.00,0.70,0.00,15,1,0,0,0,0,2,0,0,0,0,1,0,0,7,0,0,
19-01-2022,FEJP,AIRCRAFT,TEMPERATURE CONTROL,1,500,5,0,5,0,0,0.00,1.67,0.00,0.00,0,0,0,0,0,0,1,0,4,0,0,0,0,0,0,0,0,
19-01-2022,FEID,VESSEL,INVERTER,6,59,6,0,6,0,0,0.00,2.00,0.00,0.00,0,0,0,0,0,0,3,0,0,1,2,0,0,0,0,0,0,
19-01-2022,FEID,AIRCRAFT,INVERTER,4,16,4,0,4,0,0,0.00,1.33,0.00,0.00,0,0,0,0,0,0,4,0,0,0,0,0,0,0,0,0,0,
19-01-2023,FEA ROA,AIRCRAFT,INVERTER,2,30,3,1,2,0,0,1.00,0.67,0.00,0.00,0,0,0,0,0,1,1,0,0,0,0,1,0,0,0,0,0,
19-01-2023,FAP,VESSEL,INVERTER,20,384,62,10,13,39,0,10.00,4.33,3.90,0.00,0,9,1,0,0,0,1,2,0,4,1,5,0,0,39,0,0,
19-01-2024,FEA TWMC,VESSEL,INVERTER,4,45,5,0,5,0,0,0.00,1.67,0.00,0.00,0,0,0,0,0,0,0,0,0,0,1,4,0,0,0,0,0,
19-01-2024,FEE,AIRCRAFT,INVERTER,17,109,105,0,2,103,0,0.00,0.67,10.30,0.00,0,0,0,0,0,0,0,1,0,1,0,0,0,0,103,0,0,
19-02-2025,FAP,VESSEL,INVERTER,9,222,21,9,8,4,0,9.00,2.67,0.40,0.00,9,0,0,0,0,0,1,1,0,2,2,2,0,0,4,0,0,
19-03-2024,FEC,VESSEL,TEMPERATURE CONTROL,12,6815,31,7,24,0,0,7.00,6.50,0.00,0.00,7,0,0,0,0,0,2,8,9,0,0,0,1,4,0,0,0,
19-03-2024,FEI,VESSEL,INVERTER,1,3,3,0,0,3,0,0.00,0.00,0.30,0.00,0,0,0,0,0,0,0,0,0,0,0,0,0,0,3,0,0,
19-03-2024,FEA TWMC,VESSEL,INVERTER,3,14,14,0,0,14,0,0.00,0.00,1.40,0.00,0,0,0,0,0,0,0,0,0,0,0,0,0,0,14,0,0,
19-04-2022,FEE,VESSEL,INVERTER,11,595,27,0,6,10,11,0.00,2.00,1.00,5.50,0,0,0,0,0,0,3,0,0,2,1,0,0,0,10,0,11,
19-04-2022,FEE,VESSEL,INVERTER,23,4506,84,0,8,21,55,0.00,2.67,2.10,27.50,0,0,0,0,0,0,2,3,0,2,0,1,0,0,21,0,55,
19-04-2023,FEA NJ,VESSEL,INVERTER,9,908,39,32,7,0,0,32.00,2.33,0.00,0.00,0,0,0,26,6,0,2,0,0,2,0,3,0,0,0,0,0,
19-04-2023,FEID,VESSEL,INVERTER,25,108,25,0,23,2,0,0.00,7.67,0.20,0.00,0,0,0,0,0,0,16,6,0,1,0,0,0,0,2,0,0,
19-04-2023,FEE,AIRCRAFT,INVERTER,26,1641,56,22,18,16,0,22.00,6.00,1.60,0.00,0,0,0,9,12,1,2,2,0,4,4,6,0,0,16,0,0,
19-04-2023,FEF,AIRCRAFT,TEMPERATURE CONTROL,2,232,4,0,4,0,0,0.00,1.33,0.00,0.00,0,0,0,0,0,0,2,0,2,0,0,0,0,0,0,0,0,
19-04-2024,FEC,VESSEL,TEMPERATURE CONTROL,15,7605,33,10,23,0,0,10.00,4.67,0.00,0.00,10,0,0,0,0,0,2,1,10,0,0,0,5,5,0,0,0,
19-04-2024,FETW,VESSEL,INVERTER,6,1054,16,11,5,0,0,11.00,1.67,0.00,0.00,8,2,1,0,0,0,1,0,0,1,1,2,0,0,0,0,0,
19-05-2022,FEI,VESSEL,INVERTER,21,2539,46,28,18,0,0,28.00,6.00,0.00,0.00,12,16,0,0,0,0,5,1,0,8,1,3,0,0,0,0,0,
19-05-2022,FETW,AIRCRAFT,TEMPERATURE CONTROL,2,51,2,0,2,0,0,0.00,0.37,0.00,0.00,0,0,0,0,0,0,0,0,1,0,0,0,0,1,0,0,0,
19-05-2022,FETW,VESSEL,TEMPERATURE CONTROL,1,19,2,0,2,0,0,0.00,0.07,0.00,0.00,0,0,0,0,0,0,0,0,0,0,0,0,2,0,0,0,0,
19-05-2023,FEA NJ AID,AIRCRAFT,INVERTER,2,53,53,0,0,53,0,0.00,0.00,5.30,0.00,0,0,0,0,0,0,0,0,0,0,0,0,0,0,53,0,0,
19-05-2023,FAP,AIRCRAFT,INVERTER,7,16,16,0,0,16,0,0.00,0.00,1.60,0.00,0,0,0,0,0,0,0,0,0,0,0,0,0,0,16,0,0,
19-05-2023,FEI,VESSEL,TEMPERATURE CONTROL,1,50,2,0,2,0,0,0.00,0.07,0.00,0.00,0,0,0,0,0,0,0,0,0,0,0,0,1,1,0,0,0,
19-05-2023,FEA NJ,AIRCRAFT,INVERTER,8,58,16,1,4,11,0,1.00,1.33,1.10,0.00,0,0,0,1,0,0,0,0,0,1,1,2,0,0,11,0,0,
19-05-2025,FEE,AIRCRAFT,INVERTER,8,139,8,1,7,0,0,1.00,2.33,0.00,0.00,0,0,0,1,0,0,2,2,0,1,1,1,0,0,0,0,0,
19-05-2025,FEE,VESSEL,INVERTER,4,63,5,0,2,2,1,0.00,0.67,0.20,0.50,0,0,0,0,0,0,0,0,0,1,0,1,0,0,2,0,1,
19-06-2023,FEV,COURIER,TEMPERATURE CONTROL,1,8,1,0,1,0,0,0.00,0.03,0.00,0.00,0,0,0,0,0,0,0,0,0,0,0,0,1,0,0,0,0,
19-06-2023,FEI,VESSEL,INVERTER,29,936,75,16,15,44,0,16.00,5.00,4.40,0.00,1,14,1,0,0,0,5,3,0,0,4,3,0,0,44,0,0,
19-06-2023,FEI,AIRCRAFT,INVERTER,5,956,9,5,4,0,0,5.00,1.33,0.00,0.00,3,2,0,0,0,0,0,0,0,2,0,2,0,0,0,0,0,
19-06-2023,FEI,VESSEL,TEMPERATURE CONTROL,2,334,3,0,3,0,0,0.00,1.00,0.00,0.00,0,0,0,0,0,0,1,1,1,0,0,0,0,0,0,0,0,
19-06-2024,FEID,VESSEL,INVERTER,9,52,9,0,8,1,0,0.00,2.67,0.10,0.00,0,0,0,0,0,0,5,0,0,2,0,1,0,0,1,0,0,
19-07-2022,FEF,AIRCRAFT,TEMPERATURE CONTROL,3,26,4,0,4,0,0,0.00,1.03,0.00,0.00,0,0,0,0,0,0,0,0,0,1,2,0,1,0,0,0,0,
19-07-2022,FEA NJ,VESSEL,INVERTER,13,682,24,6,9,9,0,6.00,3.00,0.90,0.00,0,0,0,3,3,0,1,0,0,3,2,3,0,0,9,0,0,
19-07-2022,FEID,VESSEL,INVERTER,11,64,11,0,11,0,0,0.00,3.67,0.00,0.00,0,0,0,0,0,0,5,3,0,2,1,0,0,0,0,0,0,
19-07-2023,FAP,VESSEL,INVERTER,40,583,61,8,33,20,0,8.00,11.00,2.00,0.00,7,1,0,0,0,0,4,3,0,6,13,7,0,0,20,0,0,
19-07-2023,FEID,VESSEL,INVERTER,54,319,74,0,48,26,0,0.00,16.00,2.60,0.00,0,0,0,0,0,0,19,10,0,2,11,6,0,0,26,0,0,
19-07-2023,FEA NJ AID,AIRCRAFT,INVERTER,1,2,2,0,0,2,0,0.00,0.00,0.20,0.00,0,0,0,0,0,0,0,0,0,0,0,0,0,0,2,0,0,
19-07-2023,FEA FRE,AIRCRAFT,INVERTER,1,3,3,0,0,3,0,0.00,0.00,0.30,0.00,0,0,0,0,0,0,0,0,0,0,0,0,0,0,3,0,0,
19-07-2024,FEID,AIRCRAFT,TEMPERATURE CONTROL,1,155,3,0,3,0,0,0.00,0.70,0.00,0.00,0,0,0,0,0,0,0,0,2,0,0,0,1,0,0,0,0,
19-07-2024,FEID,AIRCRAFT,TEMPERATURE CONTROL,3,63,3,0,3,0,0,0.00,0.10,0.00,0.00,0,0,0,0,0,0,0,0,0,0,0,0,2,1,0,0,0,
19-08-2022,FAP,AIRCRAFT,INVERTER,4,6,6,0,0,6,0,0.00,0.00,0.60,0.00,0,0,0,0,0,0,0,0,0,0,0,0,0,0,6,0,0,
19-08-2022,FEE,AIRCRAFT,INVERTER,8,663,35,0,5,10,20,0.00,1.67,1.00,10.00,0,0,0,0,0,0,0,2,0,0,0,3,0,0,10,0,20,
19-08-2024,FEA NJ,VESSEL,INVERTER,1,5,1,0,1,0,0,0.00,0.33,0.00,0.00,0,0,0,0,0,0,0,0,0,0,1,0,0,0,0,0,0,
19-08-2024,FEI,VESSEL,INVERTER,1,46,2,2,0,0,0,2.00,0.00,0.00,0.00,2,0,0,0,0,0,0,0,0,0,0,0,0,0,0,0,0,
19-09-2022,FEC,AIRCRAFT,TEMPERATURE CONTROL,2,200,3,0,3,0,0,0.00,1.00,0.00,0.00,0,0,0,0,0,0,2,1,0,0,0,0,0,0,0,0,0,
19-09-2022,FEC,VESSEL,TEMPERATURE CONTROL,9,1466,11,1,10,0,0,1.00,3.33,0.00,0.00,1,0,0,0,0,0,9,1,0,0,0,0,0,0,0,0,0,
19-09-2022,FAP,VESSEL,INVERTER,2,4,4,0,0,4,0,0.00,0.00,0.40,0.00,0,0,0,0,0,0,0,0,0,0,0,0,0,0,4,0,0,
19-09-2023,FEI,VESSEL,TEMPERATURE CONTROL,9,1644,17,2,15,0,0,2.00,3.50,0.00,0.00,2,0,0,0,0,0,3,0,7,0,0,0,2,3,0,0,0,
19-09-2023,FEI,VESSEL,INVERTER,35,1678,115,16,23,76,0,16.00,7.67,7.60,0.00,12,3,1,0,0,0,10,3,0,4,2,4,0,0,76,0,0,
19-09-2023,FMT,TRUCK,INVERTER,1,34,34,0,0,34,0,0.00,0.00,3.40,0.00,0,0,0,0,0,0,0,0,0,0,0,0,0,0,34,0,0,
19-09-2023,FEA NJ,VESSEL,INVERTER,2,7,2,1,1,0,0,1.00,0.33,0.00,0.00,0,0,0,0,1,0,0,0,0,0,1,0,0,0,0,0,0,
19-09-2023,FETW,VESSEL,INVERTER,7,761,11,6,5,0,0,6.00,1.67,0.00,0.00,3,1,2,0,0,0,2,0,0,0,3,0,0,0,0,0,0,
19-09-2023,FEC,VESSEL,TEMPERATURE CONTROL,1,1400,4,2,2,0,0,2.00,0.37,0.00,0.00,2,0,0,0,0,0,0,1,0,0,0,0,0,1,0,0,0,
19-09-2023,FEID,VESSEL,TEMPERATURE CONTROL,3,181,5,0,5,0,0,0.00,0.77,0.00,0.00,0,0,0,0,0,0,1,0,1,0,0,0,1,2,0,0,0,
19-09-2024,FEA NJ,VESSEL,INVERTER,1,1273,9,6,1,2,0,6.00,0.33,0.20,0.00,0,0,0,6,0,0,0,0,0,1,0,0,0,0,2,0,0,
19-09-2025,FEE,AIRCRAFT,INVERTER,4,339,10,7,3,0,0,7.00,1.00,0.00,0.00,0,0,0,1,5,1,0,0,0,0,1,2,0,0,0,0,0,
19-09-2025,FEE,VESSEL,INVERTER,2,120,6,0,1,0,5,0.00,0.33,0.00,2.50,0,0,0,0,0,0,0,0,0,0,0,1,0,0,0,0,5,
19-10-2022,FAP,VESSEL,INVERTER,21,1095,27,8,15,4,0,8.00,5.00,0.40,0.00,3,4,1,0,0,0,5,4,0,2,2,2,0,0,4,0,0,
19-10-2023,FEC,VESSEL,TEMPERATURE CONTROL,11,8435,37,12,25,0,0,12.00,5.93,0.00,0.00,12,0,0,0,0,0,1,0,16,0,0,0,2,6,0,0,0,
19-10-2023,FAP,VESSEL,INVERTER,21,143,25,4,19,2,0,4.00,6.33,0.20,0.00,0,4,0,0,0,0,7,0,0,1,8,3,0,0,2,0,0,
19-12-2022,FAP,VESSEL,INVERTER,5,157,8,5,3,0,0,5.00,1.00,0.00,0.00,5,0,0,0,0,0,1,0,0,2,0,0,0,0,0,0,0,
19-12-2023,FEA NJ,VESSEL,INVERTER,18,365,190,8,5,177,0,8.00,1.67,17.70,0.00,0,0,0,4,4,0,0,2,0,0,1,2,0,0,177,0,0,
19-12-2023,FAP,VESSEL,INVERTER,4,5,5,0,0,5,0,0.00,0.00,0.50,0.00,0,0,0,0,0,0,0,0,0,0,0,0,0,0,5,0,0,
19-12-2023,FEID,VESSEL,INVERTER,20,197,35,2,15,18,0,2.00,5.00,1.80,0.00,0,2,0,0,0,0,10,1,0,1,1,2,0,0,18,0,0,
19-12-2023,FEF,AIRCRAFT,TEMPERATURE CONTROL,1,2,1,0,1,0,0,0.00,0.03,0.00,0.00,0,0,0,0,0,0,0,0,0,0,0,0,1,0,0,0,0,
19-12-2023,FEA FRE,AIRCRAFT,INVERTER,1,350,3,3,0,0,0,3.00,0.00,0.00,0.00,0,0,0,3,0,0,0,0,0,0,0,0,0,0,0,0,0,
19-12-2023,FEF,AIRCRAFT,TEMPERATURE CONTROL,4,31,4,0,4,0,0,0.00,0.13,0.00,0.00,0,0,0,0,0,0,0,0,0,0,0,0,4,0,0,0,0,
19-12-2023,FEA NJ AID,AIRCRAFT,INVERTER,1,2,2,0,0,2,0,0.00,0.00,0.20,0.00,0,0,0,0,0,0,0,0,0,0,0,0,0,0,2,0,0,
20-01-2022,FAP,COURIER,TEMPERATURE CONTROL,1,2,1,0,1,0,0,0.00,0.03,0.00,0.00,0,0,0,0,0,0,0,0,0,0,0,0,1,0,0,0,0,
20-01-2022,FAP,VESSEL,INVERTER,18,340,24,3,15,6,0,3.00,4.70,0.60,0.00,0,2,1,0,0,0,4,5,0,1,2,2,1,0,6,0,0,
20-01-2022,FEI,AIRCRAFT,TEMPERATURE CONTROL,8,315,10,0,10,0,0,0.00,1.83,0.00,0.00,0,0,0,0,0,0,3,0,2,0,0,0,4,1,0,0,0,
20-01-2023,FEE,VESSEL,INVERTER,16,892,44,16,14,14,0,16.00,4.67,1.40,0.00,0,0,0,6,9,1,3,3,0,1,2,5,0,0,14,0,0,
20-01-2023,FEE,AIRCRAFT,INVERTER,7,186,10,4,6,0,0,4.00,2.00,0.00,0.00,0,0,0,1,3,0,0,2,0,1,1,2,0,0,0,0,0,
20-01-2026,FEID,SEA,INVERTER,5,57,5,0,5,0,0,0.00,1.67,0.00,0.00,0,0,0,0,0,0,1,1,0,2,1,0,0,0,0,0,0,
20-01-2026,FAP,AIR,INVERTER,1,20,1,0,1,0,0,0.00,0.33,0.00,0.00,0,0,0,0,0,0,1,0,0,0,0,0,0,0,0,0,0,
20-02-2023,FEF,AIRCRAFT,TEMPERATURE CONTROL,11,164,15,0,15,0,0,0.00,2.00,0.00,0.00,0,0,0,0,0,0,3,0,1,0,0,1,6,4,0,0,0,
20-02-2023,FEI,VESSEL,TEMPERATURE CONTROL,21,707,28,0,28,0,0,0.00,3.93,0.00,0.00,0,0,0,0,0,0,5,0,5,0,0,0,12,6,0,0,0,
20-02-2023,FEI,VESSEL,INVERTER,26,933,66,15,14,37,0,15.00,4.67,3.70,0.00,10,4,1,0,0,0,7,1,0,3,1,2,0,0,37,0,0,
20-02-2023,FEE,AIRCRAFT,INVERTER,26,1142,51,25,21,5,0,25.00,7.00,0.50,0.00,0,0,0,17,8,0,0,7,0,6,5,3,0,0,5,0,0,
20-02-2023,FEE,AIRCRAFT,INVERTER,5,130,7,0,5,2,0,0.00,1.67,0.20,0.00,0,0,0,0,0,0,0,0,0,0,3,2,0,0,2,0,0,
20-02-2024,FEID,VESSEL,INVERTER,21,290,28,1,20,7,0,1.00,6.67,0.70,0.00,0,1,0,0,0,0,6,0,0,5,6,3,0,0,7,0,0,
20-02-2024,FEF,AIRCRAFT,TEMPERATURE CONTROL,1,25,1,0,1,0,0,0.00,0.03,0.00,0.00,0,0,0,0,0,0,0,0,0,0,0,0,0,1,0,0,0,
20-02-2024,FEA NJ,VESSEL,INVERTER,14,113,81,1,4,76,0,1.00,1.33,7.60,0.00,0,0,0,0,0,1,1,2,0,0,0,1,0,0,76,0,0,
20-02-2024,FEI,VESSEL,INVERTER,1,4,4,0,0,4,0,0.00,0.00,0.40,0.00,0,0,0,0,0,0,0,0,0,0,0,0,0,0,4,0,0,
20-02-2025,FEK,VESSEL,INVERTER,3,23,17,0,1,16,0,0.00,0.33,1.60,0.00,0,0,0,0,0,0,0,0,0,0,1,0,0,0,16,0,0,
20-03-2023,WuXi,AIRCRAFT,TEMPERATURE CONTROL,1,18,3,0,3,0,0,0.00,1.00,0.00,0.00,0,0,0,0,0,0,3,0,0,0,0,0,0,0,0,0,0,
20-03-2023,FEA,AIRCRAFT,TEMPERATURE CONTROL,17,889,22,0,22,0,0,0.00,2.23,0.00,0.00,0,0,0,0,0,0,0,0,5,0,0,0,9,8,0,0,0,
20-03-2023,FAP,AIRCRAFT,INVERTER,2,2,2,0,0,2,0,0.00,0.00,0.20,0.00,0,0,0,0,0,0,0,0,0,0,0,0,0,0,2,0,0,
20-03-2024,FAP,VESSEL,INVERTER,4,10,10,0,0,10,0,0.00,0.00,1.00,0.00,0,0,0,0,0,0,0,0,0,0,0,0,0,0,10,0,0,
20-03-2025,FEA NJ,VESSEL,INVERTER,1,997,63,47,0,16,0,47.00,0.00,1.60,0.00,0,0,0,47,0,0,0,0,0,0,0,0,0,0,16,0,0,
20-04-2022,FEID,VESSEL,TEMPERATURE CONTROL,2,219,4,0,4,0,0,0.00,0.73,0.00,0.00,0,0,0,0,0,0,0,0,2,0,0,0,0,2,0,0,0,
20-04-2022,FEID,AIRCRAFT,INVERTER,6,31,6,0,6,0,0,0.00,2.00,0.00,0.00,0,0,0,0,0,0,4,2,0,0,0,0,0,0,0,0,0,
20-04-2022,FEID,AIRCRAFT,TEMPERATURE CONTROL,2,39,4,0,4,0,0,0.00,0.13,0.00,0.00,0,0,0,0,0,0,0,0,0,0,0,0,3,1,0,0,0,
20-04-2023,FEE,VESSEL,INVERTER,27,1445,87,0,5,49,33,0.00,1.67,4.90,16.50,0,0,0,0,0,0,2,0,0,0,1,2,0,0,49,0,33,
20-04-2023,FETW,VESSEL,INVERTER,4,290,6,2,4,0,0,2.00,1.33,0.00,0.00,2,0,0,0,0,0,0,0,0,1,1,2,0,0,0,0,0,
20-05-2022,FEI,VESSEL,INVERTER,12,1452,42,15,5,22,0,15.00,1.67,2.20,0.00,11,4,0,0,0,0,2,0,0,1,2,0,0,0,22,0,0,
20-05-2024,FEF,AIRCRAFT,TEMPERATURE CONTROL,3,92,3,0,3,0,0,0.00,0.10,0.00,0.00,0,0,0,0,0,0,0,0,0,0,0,0,1,2,0,0,0,
20-05-2024,FEID,VESSEL,INVERTER,7,48,7,0,7,0,0,0.00,2.33,0.00,0.00,0,0,0,0,0,0,4,2,0,1,0,0,0,0,0,0,0,
20-05-2025,FEA NJ,VESSEL,INVERTER,9,247,23,3,3,17,0,3.00,1.00,1.70,0.00,0,0,0,3,0,0,3,0,0,0,0,0,0,0,17,0,0,
20-06-2022,FEI,VESSEL,INVERTER,29,1455,58,12,22,24,0,12.00,7.33,2.40,0.00,6,5,1,0,0,0,8,2,0,3,2,7,0,0,24,0,0,
20-06-2022,FEF,AIRCRAFT,TEMPERATURE CONTROL,5,20,5,0,5,0,0,0.00,1.07,0.00,0.00,0,0,0,0,0,0,1,0,0,1,0,1,1,1,0,0,0,
20-06-2022,FEID,VESSEL,INVERTER,17,71,17,0,17,0,0,0.00,5.67,0.00,0.00,0,0,0,0,0,0,12,0,0,4,1,0,0,0,0,0,0,
20-06-2022,FEI,VESSEL,TEMPERATURE CONTROL,2,396,6,0,6,0,0,0.00,1.10,0.00,0.00,0,0,0,0,0,0,0,0,3,0,0,0,2,1,0,0,0,
20-06-2022,FEI,AIRCRAFT,TEMPERATURE CONTROL,10,441,14,0,14,0,0,0.00,1.37,0.00,0.00,0,0,0,0,0,0,2,0,1,0,0,0,8,3,0,0,0,
20-06-2023,FEF,AIRCRAFT,TEMPERATURE CONTROL,8,173,11,0,11,0,0,0.00,0.67,0.00,0.00,0,0,0,0,0,0,0,0,1,0,0,0,9,1,0,0,0,
20-06-2023,FEA NJ AID,AIRCRAFT,INVERTER,3,12,12,0,0,12,0,0.00,0.00,1.20,0.00,0,0,0,0,0,0,0,0,0,0,0,0,0,0,12,0,0,
20-06-2024,FEI,VESSEL,INVERTER,20,1851,47,20,18,9,0,20.00,6.00,0.90,0.00,19,1,0,0,0,0,8,2,0,3,3,2,0,0,9,0,0,
20-06-2024,FAP,VESSEL,INVERTER,16,221,25,4,15,6,0,4.00,5.00,0.60,0.00,2,2,0,0,0,0,8,2,0,1,2,2,0,0,6,0,0,
20-06-2024,FEK,VESSEL,TEMPERATURE CONTROL,1,250,3,0,3,0,0,0.00,0.70,0.00,0.00,0,0,0,0,0,0,0,0,2,0,0,0,1,0,0,0,0,
20-06-2024,FAP,VESSEL,INVERTER,1,5,5,0,0,5,0,0.00,0.00,0.50,0.00,0,0,0,0,0,0,0,0,0,0,0,0,0,0,5,0,0,
20-06-2024,FEI,VESSEL,TEMPERATURE CONTROL,3,880,8,0,8,0,0,0.00,2.37,0.00,0.00,0,0,0,0,0,0,0,0,7,0,0,0,0,1,0,0,0,
20-06-2025,FEI,AIRCRAFT,INVERTER,1,132,1,0,1,0,0,0.00,0.33,0.00,0.00,0,0,0,0,0,0,0,0,0,0,0,1,0,0,0,0,0,
20-07-2023,FEE,AIRCRAFT,INVERTER,30,1006,129,46,60,23,0,46.00,20.00,2.30,0.00,0,0,0,2,44,0,2,3,0,1,4,50,0,0,23,0,0,
20-07-2023,FETW,VESSEL,INVERTER,3,579,5,4,1,0,0,4.00,0.33,0.00,0.00,3,0,1,0,0,0,1,0,0,0,0,0,0,0,0,0,0,
20-07-2023,FEI,VESSEL,INVERTER,4,319,12,9,3,0,0,9.00,1.00,0.00,0.00,6,3,0,0,0,0,1,0,0,0,1,1,0,0,0,0,0,
20-08-2024,FEA NJ,VESSEL,INVERTER,3,432,6,4,2,0,0,4.00,0.67,0.00,0.00,0,0,0,4,0,0,1,0,0,1,0,0,0,0,0,0,0,
20-08-2024,FEA NJ,VESSEL,INVERTER,4,157,13,1,2,10,0,1.00,0.67,1.00,0.00,0,0,0,0,1,0,1,0,0,0,0,1,0,0,10,0,0,
20-08-2024,FEA Nakano,VESSEL,INVERTER,4,33,33,0,0,33,0,0.00,0.00,3.30,0.00,0,0,0,0,0,0,0,0,0,0,0,0,0,0,33,0,0,
20-08-2024,FEI,VESSEL,INVERTER,12,2598,30,21,9,0,0,21.00,3.00,0.00,0.00,18,3,0,0,0,0,4,2,0,1,0,2,0,0,0,0,0,
20-09-2022,FEE,VESSEL,INVERTER,1,16,2,0,2,0,0,0.00,0.67,0.00,0.00,0,0,0,0,0,0,2,0,0,0,0,0,0,0,0,0,0,
20-09-2022,FEID,VESSEL,INVERTER,21,189,21,0,21,0,0,0.00,7.00,0.00,0.00,0,0,0,0,0,0,7,3,0,11,0,0,0,0,0,0,0,
20-09-2022,FEE,VESSEL,INVERTER,23,1276,90,29,13,48,0,29.00,4.33,4.80,0.00,0,0,0,10,19,0,2,0,0,5,1,5,0,0,48,0,0,
20-09-2022,FEA NJ,AIRCRAFT,INVERTER,1,10,2,1,1,0,0,1.00,0.33,0.00,0.00,0,0,0,0,1,0,0,0,0,1,0,0,0,0,0,0,0,
20-09-2022,FEI,VESSEL,TEMPERATURE CONTROL,2,240,3,0,3,0,0,0.00,0.40,0.00,0.00,0,0,0,0,0,0,1,0,0,0,0,0,2,0,0,0,0,
20-09-2022,FAP,VESSEL,INVERTER,2,3,3,0,0,3,0,0.00,0.00,0.30,0.00,0,0,0,0,0,0,0,0,0,0,0,0,0,0,3,0,0,
20-09-2022,FEA NJ,VESSEL,INVERTER,14,586,36,9,7,20,0,9.00,2.33,2.00,0.00,0,0,0,3,6,0,1,0,0,3,2,1,0,0,20,0,0,
20-10-2022,FEI,VESSEL,INVERTER,10,642,24,14,7,3,0,14.00,2.33,0.30,0.00,9,5,0,0,0,0,1,2,0,0,2,2,0,0,3,0,0,
20-10-2022,FEI,VESSEL,TEMPERATURE CONTROL,3,886,10,0,10,0,0,0.00,2.73,0.00,0.00,0,0,0,0,0,0,1,0,7,0,0,0,2,0,0,0,0,
20-10-2022,FET,COURIER,INVERTER,1,19,2,1,1,0,0,1.00,0.33,0.00,0.00,0,1,0,0,0,0,0,0,0,0,1,0,0,0,0,0,0,
20-10-2023,FEA NJ,AIRCRAFT,INVERTER,1,2,2,0,0,2,0,0.00,0.00,0.20,0.00,0,0,0,0,0,0,0,0,0,0,0,0,0,0,2,0,0,
20-11-2023,FEC,VESSEL,TEMPERATURE CONTROL,10,10893,36,19,17,0,0,19.00,3.87,0.00,0.00,19,0,0,0,0,0,0,1,10,0,0,0,3,3,0,0,0,
20-11-2023,FAP,VESSEL,TEMPERATURE CONTROL,1,400,4,0,4,0,0,0.00,1.33,0.00,0.00,0,0,0,0,0,0,0,0,4,0,0,0,0,0,0,0,0,
20-11-2025,FEI,VESSEL,INVERTER,4,1955,36,11,1,24,0,11.00,0.33,2.40,0.00,8,3,0,0,0,0,0,0,0,0,1,0,0,0,24,0,0,
20-12-2022,FEA NJ AID,VESSEL,INVERTER,6,68,68,0,1,67,0,0.00,0.33,6.70,0.00,0,0,0,0,0,0,1,0,0,0,0,0,0,0,67,0,0,
20-12-2022,FEA,AIRCRAFT,TEMPERATURE CONTROL,9,748,13,0,13,0,0,0.00,2.53,0.00,0.00,0,0,0,0,0,0,3,0,4,0,0,0,5,1,0,0,0,
20-12-2022,FEI,VESSEL,INVERTER,44,913,67,12,36,19,0,12.00,12.00,1.90,0.00,8,3,1,0,0,0,11,5,0,8,4,8,0,0,19,0,0,
20-12-2022,FEA,COURIER,TEMPERATURE CONTROL,1,50,1,0,1,0,0,0.00,0.33,0.00,0.00,0,0,0,0,0,0,1,0,0,0,0,0,0,0,0,0,0,
20-12-2022,FEI,VESSEL,TEMPERATURE CONTROL,7,693,11,0,11,0,0,0.00,1.87,0.00,0.00,0,0,0,0,0,0,0,0,5,0,0,0,3,3,0,0,0,
20-12-2022,FEA NJ,VESSEL,INVERTER,18,768,31,10,15,6,0,10.00,5.00,0.60,0.00,0,0,0,9,1,0,6,4,0,0,4,1,0,0,6,0,0,
20-12-2022,FEI,AIRCRAFT,TEMPERATURE CONTROL,4,147,5,0,5,0,0,0.00,0.47,0.00,0.00,0,0,0,0,0,0,1,0,0,0,0,0,3,1,0,0,0,
20-12-2023,FEI,VESSEL,INVERTER,11,1672,33,23,7,3,0,23.00,2.33,0.30,0.00,16,5,2,0,0,0,2,0,0,2,2,1,0,0,3,0,0,
20-12-2023,FEA NJ AID,AIRCRAFT,INVERTER,2,4,4,0,0,4,0,0.00,0.00,0.40,0.00,0,0,0,0,0,0,0,0,0,0,0,0,0,0,4,0,0,
20-12-2023,FAP,VESSEL,INVERTER,48,237,74,4,38,32,0,4.00,12.67,3.20,0.00,1,3,0,0,0,0,4,8,0,6,10,10,0,0,32,0,0,
20-12-2023,FETW,AIRCRAFT,TEMPERATURE CONTROL,1,16,1,0,1,0,0,0.00,0.03,0.00,0.00,0,0,0,0,0,0,0,0,0,0,0,0,0,1,0,0,0,
21-01-2026,FEE,AIR,INVERTER,1,397,24,7,0,17,0,7.00,0.00,1.70,0.00,0,0,0,2,5,0,0,0,0,0,0,0,0,0,17,0,0,
21-01-2026,FEI,AIR,INVERTER,1,50,2,1,1,0,0,1.00,0.33,0.00,0.00,1,0,0,0,0,0,0,0,0,0,1,0,0,0,0,0,0,
21-02-2022,FEI,VESSEL,INVERTER,16,2222,31,15,16,0,0,15.00,5.33,0.00,0.00,14,1,0,0,0,0,5,3,0,1,2,5,0,0,0,0,0,
21-02-2022,FEF,AIRCRAFT,TEMPERATURE CONTROL,8,85,10,0,10,0,0,0.00,0.93,0.00,0.00,0,0,0,0,0,0,1,0,0,1,0,0,4,4,0,0,0,
21-02-2022,FEI,AIRCRAFT,INVERTER,17,716,58,21,12,25,0,21.00,4.00,2.50,0.00,16,5,0,0,0,0,1,1,0,3,2,5,0,0,25,0,0,
21-02-2022,FAP,VESSEL,INVERTER,20,500,32,4,18,10,0,4.00,6.00,1.00,0.00,2,2,0,0,0,0,4,2,0,2,2,8,0,0,10,0,0,
21-02-2022,FEE,AIRCRAFT,INVERTER,6,133,70,0,14,56,0,0.00,4.67,5.60,0.00,0,0,0,0,0,0,1,0,0,0,0,13,0,0,56,0,0,
21-02-2023,FEA NJ,VESSEL,INVERTER,9,516,20,12,7,1,0,12.00,2.33,0.10,0.00,0,0,0,7,5,0,0,2,0,2,2,1,0,0,1,0,0,
21-02-2023,FEID,VESSEL,INVERTER,17,63,20,0,18,2,0,0.00,6.00,0.20,0.00,0,0,0,0,0,0,8,2,0,2,3,3,0,0,2,0,0,
21-02-2023,FEA NJ AID,VESSEL,INVERTER,3,10,10,0,0,10,0,0.00,0.00,1.00,0.00,0,0,0,0,0,0,0,0,0,0,0,0,0,0,10,0,0,
21-02-2023,FEA NJ AID,AIRCRAFT,INVERTER,3,15,15,0,0,15,0,0.00,0.00,1.50,0.00,0,0,0,0,0,0,0,0,0,0,0,0,0,0,15,0,0,
21-02-2024,FEA NJ,VESSEL,INVERTER,7,381,54,3,0,51,0,3.00,0.00,5.10,0.00,0,0,0,3,0,0,0,0,0,0,0,0,0,0,51,0,0,
21-02-2024,FEA NJ,AIRCRAFT,INVERTER,1,2,2,0,0,2,0,0.00,0.00,0.20,0.00,0,0,0,0,0,0,0,0,0,0,0,0,0,0,2,0,0,
21-02-2024,FEI,AIRCRAFT,INVERTER,3,11,11,0,0,11,0,0.00,0.00,1.10,0.00,0,0,0,0,0,0,0,0,0,0,0,0,0,0,11,0,0,
21-03-2022,FEI,VESSEL,INVERTER,13,118,29,4,8,17,0,4.00,2.67,1.70,0.00,3,1,0,0,0,0,5,2,0,1,0,0,0,0,17,0,0,
21-03-2022,FEI,AIRCRAFT,INVERTER,11,119,18,3,5,10,0,3.00,1.67,1.00,0.00,0,2,1,0,0,0,0,2,0,1,1,1,0,0,10,0,0,
21-03-2022,FEE,AIRCRAFT,INVERTER,10,84,37,3,5,29,0,3.00,1.67,2.90,0.00,0,0,0,1,2,0,3,0,0,0,0,2,0,0,29,0,0,
21-03-2023,FEA NJ AID,VESSEL,INVERTER,11,575,29,14,5,10,0,14.00,1.67,1.00,0.00,0,0,0,12,2,0,2,1,0,0,0,2,0,0,10,0,0,
21-03-2023,FEF,AIRCRAFT,TEMPERATURE CONTROL,5,180,8,0,8,0,0,0.00,0.87,0.00,0.00,0,0,0,0,0,0,2,0,0,0,0,0,4,2,0,0,0,
21-03-2023,FEI,VESSEL,INVERTER,15,668,79,11,9,59,0,11.00,3.00,5.90,0.00,4,6,1,0,0,0,1,0,0,3,2,3,0,0,59,0,0,
21-03-2023,FEI,VESSEL,TEMPERATURE CONTROL,10,1169,19,0,19,0,0,0.00,3.03,0.00,0.00,0,0,0,0,0,0,0,0,8,0,0,0,6,5,0,0,0,
21-03-2024,FEA TWMC,VESSEL,INVERTER,1,2,2,0,0,2,0,0.00,0.00,0.20,0.00,0,0,0,0,0,0,0,0,0,0,0,0,0,0,2,0,0,
21-03-2025,FEA NJ,VESSEL,INVERTER,1,50,50,0,0,50,0,0.00,0.00,5.00,0.00,0,0,0,0,0,0,0,0,0,0,0,0,0,0,50,0,0,
21-04-2022,FEI,AIRCRAFT,TEMPERATURE CONTROL,1,18,2,0,2,0,0,0.00,0.07,0.00,0.00,0,0,0,0,0,0,0,0,0,0,0,0,2,0,0,0,0,
21-04-2023,FAP,VESSEL,INVERTER,22,481,31,9,18,4,0,9.00,6.00,0.40,0.00,0,8,1,0,0,0,4,4,0,5,3,2,0,0,4,0,0,
21-04-2023,FEI,VESSEL,TEMPERATURE CONTROL,7,518,11,0,11,0,0,0.00,1.57,0.00,0.00,0,0,0,0,0,0,0,0,4,0,0,0,4,3,0,0,0,
21-04-2023,FEI,VESSEL,INVERTER,27,1544,139,11,20,108,0,11.00,6.67,10.80,0.00,6,3,2,0,0,0,7,2,0,2,5,4,0,0,108,0,0,
21-05-2024,FEA NJ,VESSEL,INVERTER,8,704,20,7,7,6,0,7.00,2.33,0.60,0.00,0,0,0,3,4,0,2,1,0,0,1,3,0,0,6,0,0,
21-06-2022,FEE,AIRCRAFT,INVERTER,1,25,2,1,1,0,0,1.00,0.33,0.00,0.00,0,0,0,0,1,0,0,1,0,0,0,0,0,0,0,0,0,
21-06-2022,FEE,VESSEL,INVERTER,48,3279,113,0,26,31,56,0.00,7.77,3.10,28.00,0,0,0,0,0,0,4,2,0,5,6,6,3,0,31,0,56,
21-06-2022,FEK,VESSEL,INVERTER,3,29,23,0,1,22,0,0.00,0.33,2.20,0.00,0,0,0,0,0,0,0,0,0,1,0,0,0,0,22,0,0,
21-06-2022,FEA NJ,VESSEL,INVERTER,9,373,21,3,6,12,0,3.00,2.00,1.20,0.00,0,0,0,2,0,1,4,0,0,0,1,1,0,0,12,0,0,
21-06-2022,FEA TWMC,AIRCRAFT,INVERTER,1,20,20,0,0,20,0,0.00,0.00,2.00,0.00,0,0,0,0,0,0,0,0,0,0,0,0,0,0,20,0,0,
21-06-2023,FEID,VESSEL,INVERTER,16,41,17,0,15,2,0,0.00,5.00,0.20,0.00,0,0,0,0,0,0,12,0,0,2,1,0,0,0,2,0,0,
21-06-2023,FETW,AIRCRAFT,INVERTER,2,15,2,0,2,0,0,0.00,0.67,0.00,0.00,0,0,0,0,0,0,1,1,0,0,0,0,0,0,0,0,0,
21-06-2023,FEA NJ,VESSEL,INVERTER,17,1685,87,31,8,48,0,31.00,2.67,4.80,0.00,0,0,0,18,13,0,2,1,0,1,0,4,0,0,48,0,0,
21-06-2023,FEA NJ AID,VESSEL,INVERTER,1,30,30,0,0,30,0,0.00,0.00,3.00,0.00,0,0,0,0,0,0,0,0,0,0,0,0,0,0,30,0,0,
21-06-2023,FEA NJ,AIRCRAFT,INVERTER,1,10,1,0,1,0,0,0.00,0.33,0.00,0.00,0,0,0,0,0,0,0,0,0,0,0,1,0,0,0,0,0,
21-06-2024,FEK,VESSEL,INVERTER,5,10,5,0,4,1,0,0.00,1.33,0.10,0.00,0,0,0,0,0,0,2,1,0,1,0,0,0,0,1,0,0,
21-06-2024,FEC,VESSEL,TEMPERATURE CONTROL,18,16077,66,24,42,0,0,24.00,9.50,0.00,0.00,24,0,0,0,0,0,7,14,6,0,0,0,9,6,0,0,0,
21-07-2022,FAP,VESSEL,INVERTER,26,823,43,13,20,10,0,13.00,6.67,1.00,0.00,6,5,2,0,0,0,5,5,0,2,2,6,0,0,10,0,0,
21-07-2022,FEC,VESSEL,TEMPERATURE CONTROL,8,4670,22,7,15,0,0,7.00,3.50,0.00,0.00,7,0,0,0,0,0,2,4,4,0,0,0,1,4,0,0,0,
21-07-2022,FEC,AIRCRAFT,TEMPERATURE CONTROL,6,4373,25,6,19,0,0,6.00,4.83,0.00,0.00,6,0,0,0,0,0,1,0,13,0,0,0,3,2,0,0,0,
21-07-2023,FEE,VESSEL,INVERTER,73,6902,410,0,34,248,128,0.00,11.33,24.80,64.00,0,0,0,0,0,0,2,4,0,2,11,15,0,0,248,0,128,
21-08-2023,FEI,VESSEL,TEMPERATURE CONTROL,1,100,3,0,3,0,0,0.00,0.70,0.00,0.00,0,0,0,0,0,0,0,0,2,0,0,0,1,0,0,0,0,
21-08-2023,FEI,VESSEL,INVERTER,57,2396,139,31,38,70,0,31.00,12.67,7.00,0.00,22,7,2,0,0,0,7,5,0,6,8,12,0,0,70,0,0,
21-08-2023,FEC,VESSEL,TEMPERATURE CONTROL,2,4055,8,8,0,0,0,8.00,0.00,0.00,0.00,8,0,0,0,0,0,0,0,0,0,0,0,0,0,0,0,0,
21-08-2025,FAP,COURIER,INVERTER,15,626,37,13,10,14,0,13.00,3.33,1.40,0.00,1,12,0,0,0,0,5,0,0,0,1,4,0,0,14,0,0,
21-08-2025,FEI,VESSEL,INVERTER,10,1169,35,15,8,12,0,15.00,2.67,1.20,0.00,11,4,0,0,0,0,3,1,0,1,1,2,0,0,12,0,0,
21-09-2022,FEA,AIRCRAFT,TEMPERATURE CONTROL,3,353,7,0,7,0,0,0.00,1.13,0.00,0.00,0,0,0,0,0,0,0,0,3,0,0,0,2,2,0,0,0,
21-09-2022,FEF,AIRCRAFT,TEMPERATURE CONTROL,1,13,2,0,2,0,0,0.00,0.67,0.00,0.00,0,0,0,0,0,0,0,0,0,1,1,0,0,0,0,0,0,
21-09-2023,FAP,VESSEL,INVERTER,34,223,37,5,22,10,0,5.00,7.33,1.00,0.00,2,3,0,0,0,0,7,4,0,6,3,2,0,0,10,0,0,
21-10-2022,FAP,VESSEL,TEMPERATURE CONTROL,1,490,6,0,6,0,0,0.00,2.00,0.00,0.00,0,0,0,0,0,0,1,0,5,0,0,0,0,0,0,0,0,
21-11-2022,FEI,VESSEL,INVERTER,31,6147,128,76,18,34,0,76.00,6.00,3.40,0.00,52,21,3,0,0,0,5,2,0,5,2,4,0,0,34,0,0,
21-11-2022,FEE,VESSEL,INVERTER,45,3800,178,0,21,80,77,0.00,7.00,8.00,38.50,0,0,0,0,0,0,9,2,0,2,4,4,0,0,80,0,77,
21-11-2022,FEE,AIRCRAFT,INVERTER,16,496,26,7,19,0,0,7.00,6.33,0.00,0.00,0,0,0,0,7,0,1,3,0,3,5,7,0,0,0,0,0,
21-11-2022,FEI,VESSEL,TEMPERATURE CONTROL,3,664,7,0,7,0,0,0.00,2.03,0.00,0.00,0,0,0,0,0,0,1,0,5,0,0,0,1,0,0,0,0,
21-11-2022,FEID,VESSEL,INVERTER,24,191,27,0,21,6,0,0.00,7.00,0.60,0.00,0,0,0,0,0,0,10,4,0,4,2,1,0,0,6,0,0,
21-11-2023,FEA TWMC,AIRCRAFT,INVERTER,7,51,51,0,2,49,0,0.00,0.67,4.90,0.00,0,0,0,0,0,0,2,0,0,0,0,0,0,0,49,0,0,
21-11-2023,FEI,VESSEL,INVERTER,16,766,29,12,9,8,0,12.00,3.00,0.80,0.00,9,2,1,0,0,0,4,0,0,1,3,1,0,0,8,0,0,
21-11-2023,FEA NJ,VESSEL,INVERTER,17,217,83,3,8,72,0,3.00,2.67,7.20,0.00,0,0,0,0,3,0,3,0,0,0,2,3,0,0,72,0,0,
21-11-2023,FEID,VESSEL,INVERTER,15,163,22,1,10,11,0,1.00,3.33,1.10,0.00,1,0,0,0,0,0,2,1,0,2,3,2,0,0,11,0,0,
21-11-2023,FEK,VESSEL,INVERTER,9,44,44,0,0,44,0,0.00,0.00,4.40,0.00,0,0,0,0,0,0,0,0,0,0,0,0,0,0,44,0,0,
21-11-2023,FEA NJ AID,AIRCRAFT,INVERTER,1,6,6,0,0,6,0,0.00,0.00,0.60,0.00,0,0,0,0,0,0,0,0,0,0,0,0,0,0,6,0,0,
21-12-2022,FEF,AIRCRAFT,TEMPERATURE CONTROL,7,152,9,0,9,0,0,0.00,0.90,0.00,0.00,0,0,0,0,0,0,1,0,1,0,0,0,7,0,0,0,0,
21-12-2022,FAP,VESSEL,INVERTER,21,164,26,0,17,9,0,0.00,4.47,0.90,0.00,0,0,0,0,0,0,3,0,0,0,8,2,4,0,9,0,0,
21-12-2022,FEID,VESSEL,INVERTER,10,82,10,0,9,1,0,0.00,3.00,0.10,0.00,0,0,0,0,0,0,3,3,0,3,0,0,0,0,1,0,0,
21-12-2023,FEA NJ,VESSEL,INVERTER,2,107,3,1,2,0,0,1.00,0.67,0.00,0.00,0,0,0,1,0,0,0,1,0,0,0,1,0,0,0,0,0,
21-12-2023,FAP,VESSEL,INVERTER,1,94,1,0,1,0,0,0.00,0.33,0.00,0.00,0,0,0,0,0,0,0,0,0,0,0,1,0,0,0,0,0,
21-12-2023,FEA NJ AID,AIRCRAFT,INVERTER,1,4,4,0,0,4,0,0.00,0.00,0.40,0.00,0,0,0,0,0,0,0,0,0,0,0,0,0,0,4,0,0,
22-01-2024,FEID,AIRCRAFT,TEMPERATURE CONTROL,4,242,6,0,6,0,0,0.00,1.10,0.00,0.00,0,0,0,0,0,0,1,0,2,0,0,0,2,1,0,0,0,
22-01-2024,FEE,AIRCRAFT,INVERTER,1,1,1,0,0,1,0,0.00,0.00,0.10,0.00,0,0,0,0,0,0,0,0,0,0,0,0,0,0,1,0,0,
22-01-2025,FEA,VESSEL,TEMPERATURE CONTROL,1,79,1,0,1,0,0,0.00,0.33,0.00,0.00,0,0,0,0,0,0,1,0,0,0,0,0,0,0,0,0,0,
22-01-2025,FEE,VESSEL,INVERTER,1,885,49,0,0,39,10,0.00,0.00,3.90,5.00,0,0,0,0,0,0,0,0,0,0,0,0,0,0,39,0,10,
22-01-2025,FEE,AIRCRAFT,INVERTER,1,35,2,0,1,1,0,0.00,0.33,0.10,0.00,0,0,0,0,0,0,0,0,0,0,1,0,0,0,1,0,0,
22-01-2026,FEI,SEA,INVERTER,2,842,17,17,0,0,0,17.00,0.00,0.00,0.00,13,4,0,0,0,0,0,0,0,0,0,0,0,0,0,0,0,
22-01-2026,FEE,AIR,INVERTER,1,383,2,2,0,0,0,2.00,0.00,0.00,0.00,0,0,0,2,0,0,0,0,0,0,0,0,0,0,0,0,0,
22-01-2026,FAP,SEA,INVERTER,13,516,24,7,13,4,0,7.00,4.33,0.40,0.00,2,5,0,0,0,0,1,0,0,3,3,6,0,0,4,0,0,
22-02-2022,FEA NJ,VESSEL,INVERTER,9,452,51,9,8,34,0,9.00,2.67,3.40,0.00,0,0,0,4,5,0,2,0,0,2,2,2,0,0,34,0,0,
22-02-2022,FEA NJ,AIRCRAFT,INVERTER,5,126,25,7,3,15,0,7.00,1.00,1.50,0.00,0,0,0,0,7,0,0,1,0,0,2,0,0,0,15,0,0,
22-02-2023,FAP,VESSEL,INVERTER,37,438,55,9,35,11,0,9.00,11.67,1.10,0.00,5,4,0,0,0,0,5,7,0,3,11,9,0,0,11,0,0,
22-02-2023,FAP,VESSEL,INVERTER,4,12,12,0,0,12,0,0.00,0.00,1.20,0.00,0,0,0,0,0,0,0,0,0,0,0,0,0,0,12,0,0,
22-02-2024,FEC,VESSEL,TEMPERATURE CONTROL,11,11328,36,13,23,0,0,13.00,6.17,0.00,0.00,13,0,0,0,0,0,3,7,8,0,0,0,2,3,0,0,0,
22-02-2024,FEI,AIRCRAFT,TEMPERATURE CONTROL,4,391,6,0,6,0,0,0.00,1.10,0.00,0.00,0,0,0,0,0,0,1,1,1,0,0,0,1,2,0,0,0,
22-02-2024,FAP,VESSEL,INVERTER,32,893,58,9,21,28,0,9.00,7.00,2.80,0.00,3,5,1,0,0,0,9,7,0,3,0,2,0,0,28,0,0,
22-03-2022,FEE,AIRCRAFT,INVERTER,5,199,5,0,5,0,0,0.00,1.67,0.00,0.00,0,0,0,0,0,0,2,0,0,1,1,1,0,0,0,0,0,
22-03-2022,FEID,AIRCRAFT,INVERTER,10,86,10,0,10,0,0,0.00,3.33,0.00,0.00,0,0,0,0,0,0,5,1,0,3,1,0,0,0,0,0,0,
22-03-2022,FEA TWMC,VESSEL,INVERTER,1,5,5,0,0,5,0,0.00,0.00,0.50,0.00,0,0,0,0,0,0,0,0,0,0,0,0,0,0,5,0,0,
22-03-2022,FEF,AIRCRAFT,TEMPERATURE CONTROL,4,34,4,0,4,0,0,0.00,0.43,0.00,0.00,0,0,0,0,0,0,1,0,0,0,0,0,2,1,0,0,0,
22-03-2022,FEA NJ,VESSEL,INVERTER,11,1148,96,28,7,61,0,28.00,2.33,6.10,0.00,0,0,0,22,5,1,2,0,0,2,2,1,0,0,61,0,0,
22-03-2022,FEA NJ,AIRCRAFT,INVERTER,1,2,2,0,0,2,0,0.00,0.00,0.20,0.00,0,0,0,0,0,0,0,0,0,0,0,0,0,0,2,0,0,
22-03-2022,FEA FRE,VESSEL,INVERTER,1,5,5,0,0,5,0,0.00,0.00,0.50,0.00,0,0,0,0,0,0,0,0,0,0,0,0,0,0,5,0,0,
22-03-2023,FEA NJ AID,VESSEL,INVERTER,1,23,2,0,2,0,0,0.00,0.67,0.00,0.00,0,0,0,0,0,0,0,0,0,0,1,1,0,0,0,0,0,
22-03-2023,FAP,VESSEL,INVERTER,1,1,1,0,0,1,0,0.00,0.00,0.10,0.00,0,0,0,0,0,0,0,0,0,0,0,0,0,0,1,0,0,
22-03-2023,FEA NJ AID,AIRCRAFT,INVERTER,3,16,16,0,0,16,0,0.00,0.00,1.60,0.00,0,0,0,0,0,0,0,0,0,0,0,0,0,0,16,0,0,
22-03-2023,FEA NJ,AIRCRAFT,INVERTER,1,4,4,0,0,4,0,0.00,0.00,0.40,0.00,0,0,0,0,0,0,0,0,0,0,0,0,0,0,4,0,0,
22-03-2023,FEA NJ,VESSEL,INVERTER,1,4,1,0,1,0,0,0.00,0.33,0.00,0.00,0,0,0,0,0,0,0,1,0,0,0,0,0,0,0,0,0,
22-04-2022,FEA,COURIER,TEMPERATURE CONTROL,3,687,7,0,7,0,0,0.00,2.03,0.00,0.00,0,0,0,0,0,0,1,0,5,0,0,0,1,0,0,0,0,
22-04-2025,FEE,VESSEL,INVERTER,1,30,1,0,1,0,0,0.00,0.33,0.00,0.00,0,0,0,0,0,0,0,0,0,0,0,1,0,0,0,0,0,
22-04-2025,FEI,VESSEL,INVERTER,1,209,12,2,1,9,0,2.00,0.33,0.90,0.00,2,0,0,0,0,0,0,0,0,1,0,0,0,0,9,0,0,
22-05-2023,FEC,VESSEL,TEMPERATURE CONTROL,24,9800,58,11,47,0,0,11.00,9.97,0.00,0.00,11,0,0,0,0,0,3,0,25,0,0,0,10,9,0,0,0,
22-05-2023,FEF,AIRCRAFT,TEMPERATURE CONTROL,9,142,12,0,12,0,0,0.00,0.70,0.00,0.00,0,0,0,0,0,0,0,0,1,0,0,0,8,3,0,0,0,
22-05-2023,FEI,VESSEL,INVERTER,52,3004,273,36,24,213,0,36.00,8.00,21.30,0.00,20,14,2,0,0,0,10,1,0,6,4,3,0,0,213,0,0,
22-05-2023,FEI,VESSEL,TEMPERATURE CONTROL,16,1916,27,2,25,0,0,2.00,2.63,0.00,0.00,2,0,0,0,0,0,1,3,2,0,0,0,8,11,0,0,0,
22-05-2023,FAP,VESSEL,INVERTER,23,356,58,11,15,32,0,11.00,5.00,3.20,0.00,7,4,0,0,0,0,2,4,0,0,3,6,0,0,32,0,0,
22-05-2023,FETW,AIRCRAFT,TEMPERATURE CONTROL,2,110,3,0,3,0,0,0.00,0.40,0.00,0.00,0,0,0,0,0,0,0,0,1,0,0,0,1,1,0,0,0,
22-05-2025,FAP,VESSEL,INVERTER,19,503,55,12,12,31,0,12.00,4.00,3.10,0.00,2,10,0,0,0,0,1,1,1,0,2,7,0,0,31,0,0,
22-06-2022,FAP,VESSEL,INVERTER,20,399,22,5,17,0,0,5.00,5.07,0.00,0.00,2,2,1,0,0,0,3,3,0,0,5,4,2,0,0,0,0,
22-06-2022,FETW,AIRCRAFT,TEMPERATURE CONTROL,5,242,5,0,5,0,0,0.00,0.47,0.00,0.00,0,0,0,0,0,0,1,0,0,0,0,0,1,3,0,0,0,
22-06-2022,FET,COURIER,VENDING MACHINE,1,5,5,0,0,5,0,0.00,0.00,5.00,0.00,0,0,0,0,0,0,0,0,0,0,0,0,0,0,0,5,0,
22-06-2022,FETW,VESSEL,TEMPERATURE CONTROL,1,21,2,0,2,0,0,0.00,0.07,0.00,0.00,0,0,0,0,0,0,0,0,0,0,0,0,2,0,0,0,0,
22-06-2022,FET,COURIER,VENDING MACHINE,1,2,2,0,0,2,0,0.00,0.00,2.00,0.00,0,0,0,0,0,0,0,0,0,0,0,0,0,0,0,2,0,
22-06-2023,FAP,VESSEL,INVERTER,39,700,91,18,30,43,0,18.00,10.00,4.30,0.00,7,8,3,0,0,0,11,3,0,6,0,10,0,0,43,0,0,
22-07-2025,FEA NJ,VESSEL,INVERTER,2,349,13,11,2,0,0,11.00,0.67,0.00,0.00,0,0,0,11,0,0,0,0,0,0,0,2,0,0,0,0,0,
22-08-2022,FAP,AIRCRAFT,INVERTER,1,2,2,0,0,2,0,0.00,0.00,0.20,0.00,0,0,0,0,0,0,0,0,0,0,0,0,0,0,2,0,0,
22-08-2022,FEI,VESSEL,INVERTER,35,4042,168,35,25,108,0,35.00,8.33,10.80,0.00,19,16,0,0,0,0,5,1,0,9,4,6,0,0,108,0,0,
22-08-2022,FEI,VESSEL,TEMPERATURE CONTROL,2,194,3,0,3,0,0,0.00,0.40,0.00,0.00,0,0,0,0,0,0,0,1,0,0,0,0,1,1,0,0,0,
22-08-2022,FEI,AIRCRAFT,TEMPERATURE CONTROL,8,342,10,0,10,0,0,0.00,0.93,0.00,0.00,0,0,0,0,0,0,1,0,1,0,0,0,5,3,0,0,0,
22-08-2023,FEI,VESSEL,TEMPERATURE CONTROL,5,674,10,0,10,0,0,0.00,2.13,0.00,0.00,0,0,0,0,0,0,0,0,6,0,0,0,2,2,0,0,0,
22-08-2023,FEA NJ,VESSEL,INVERTER,24,1122,68,31,20,17,0,31.00,6.67,1.70,0.00,0,0,0,16,15,0,5,1,0,3,2,9,0,0,17,0,0,
22-08-2023,FEA NJ AID,AIRCRAFT,INVERTER,3,91,18,6,2,10,0,6.00,0.67,1.00,0.00,0,0,0,6,0,0,0,0,0,0,1,1,0,0,10,0,0,
22-08-2023,FEF,AIRCRAFT,TEMPERATURE CONTROL,9,279,13,0,13,0,0,0.00,0.73,0.00,0.00,0,0,0,0,0,0,0,0,1,0,0,0,9,3,0,0,0,
22-08-2024,FAP,VESSEL,INVERTER,44,1211,154,22,27,105,0,22.00,9.00,10.50,0.00,10,11,1,0,0,0,0,2,0,4,11,10,0,0,105,0,0,
22-08-2025,FEI,VESSEL,INVERTER,1,65,1,0,1,0,0,0.00,0.33,0.00,0.00,0,0,0,0,0,0,0,0,0,0,0,1,0,0,0,0,0,
22-09-2022,FAP,VESSEL,INVERTER,34,860,77,9,18,50,0,9.00,6.00,5.00,0.00,2,6,1,0,0,0,3,3,0,5,3,4,0,0,50,0,0,
22-09-2022,FEE,AIRCRAFT,INVERTER,6,148,7,1,6,0,0,1.00,2.00,0.00,0.00,0,0,0,1,0,0,2,0,0,1,3,0,0,0,0,0,0,
22-09-2022,FEI,VESSEL,TEMPERATURE CONTROL,2,145,2,0,2,0,0,0.00,0.37,0.00,0.00,0,0,0,0,0,0,1,0,0,0,0,0,0,1,0,0,0,
22-09-2022,FAP,AIRCRAFT,INVERTER,5,12,12,0,0,12,0,0.00,0.00,1.20,0.00,0,0,0,0,0,0,0,0,0,0,0,0,0,0,12,0,0,
22-09-2025,FEI,VESSEL,INVERTER,2,806,30,9,2,19,0,9.00,0.67,1.90,0.00,8,1,0,0,0,0,0,0,0,1,1,0,0,0,19,0,0,
22-09-2025,FEI,AIRCRAFT,INVERTER,1,100,7,6,1,0,0,6.00,0.33,0.00,0.00,0,6,0,0,0,0,0,0,0,0,1,0,0,0,0,0,0,
22-10-2025,FEE,AIRCRAFT,INVERTER,1,646,15,15,0,0,0,15.00,0.00,0.00,0.00,0,0,0,14,1,0,0,0,0,0,0,0,0,0,0,0,0,
22-11-2022,FEF,VESSEL,TEMPERATURE CONTROL,1,220,2,0,2,0,0,0.00,0.67,0.00,0.00,0,0,0,0,0,0,0,0,2,0,0,0,0,0,0,0,0,
22-11-2022,FEF,AIRCRAFT,TEMPERATURE CONTROL,3,30,3,0,3,0,0,0.00,0.10,0.00,0.00,0,0,0,0,0,0,0,0,0,0,0,0,2,1,0,0,0,
22-11-2023,FEA TWMC,AIRCRAFT,INVERTER,2,13,13,0,0,13,0,0.00,0.00,1.30,0.00,0,0,0,0,0,0,0,0,0,0,0,0,0,0,13,0,0,
22-11-2023,FEA NJ AID,AIRCRAFT,INVERTER,1,1,1,0,0,1,0,0.00,0.00,0.10,0.00,0,0,0,0,0,0,0,0,0,0,0,0,0,0,1,0,0,
22-12-2023,FEI,VESSEL,TEMPERATURE CONTROL,2,151,2,0,2,0,0,0.00,0.37,0.00,0.00,0,0,0,0,0,0,0,1,0,0,0,0,1,0,0,0,0,
22-12-2023,FEID,VESSEL,INVERTER,7,55,9,3,3,3,0,3.00,1.00,0.30,0.00,0,3,0,0,0,0,0,1,0,0,2,0,0,0,3,0,0,
23-01-2023,FEF,AIRCRAFT,TEMPERATURE CONTROL,8,79,9,1,8,0,0,1.00,1.47,0.00,0.00,0,1,0,0,0,0,4,0,0,0,0,0,4,0,0,0,0,
23-01-2023,FEI,AIRCRAFT,TEMPERATURE CONTROL,1,15,2,0,2,0,0,0.00,0.07,0.00,0.00,0,0,0,0,0,0,0,0,0,0,0,0,2,0,0,0,0,
23-01-2023,FEE,VESSEL,INVERTER,1,1,1,0,0,1,0,0.00,0.00,0.10,0.00,0,0,0,0,0,0,0,0,0,0,0,0,0,0,1,0,0,
23-01-2023,FEI,VESSEL,INVERTER,23,1222,109,14,11,84,0,14.00,3.67,8.40,0.00,12,2,0,0,0,0,2,0,0,4,2,3,0,0,84,0,0,
23-01-2023,FEI,VESSEL,TEMPERATURE CONTROL,8,370,10,0,10,0,0,0.00,0.93,0.00,0.00,0,0,0,0,0,0,2,0,0,0,0,0,7,1,0,0,0,
23-01-2024,FEA NJ,VESSEL,INVERTER,10,355,71,5,6,60,0,5.00,2.00,6.00,0.00,0,0,0,5,0,0,1,0,0,0,2,3,0,0,60,0,0,
23-01-2024,FEA NJ,AIRCRAFT,INVERTER,1,2,2,0,0,2,0,0.00,0.00,0.20,0.00,0,0,0,0,0,0,0,0,0,0,0,0,0,0,2,0,0,
23-01-2024,FEA NJ,VESSEL,INVERTER,13,134,46,1,9,36,0,1.00,3.00,3.60,0.00,0,0,0,1,0,0,1,2,0,1,2,3,0,0,36,0,0,
23-01-2024,FEID,VESSEL,INVERTER,28,218,44,0,15,29,0,0.00,5.00,2.90,0.00,0,0,0,0,0,0,3,5,0,3,2,2,0,0,29,0,0,
23-01-2025,FEA NJ,VESSEL,INVERTER,1,145,145,0,0,145,0,0.00,0.00,14.50,0.00,0,0,0,0,0,0,0,0,0,0,0,0,0,0,145,0,0,
23-01-2026,FEA NJ,SEA,INVERTER,1,38,1,0,1,0,0,0.00,0.33,0.00,0.00,0,0,0,0,0,0,0,0,0,0,0,1,0,0,0,0,0,
23-02-2022,FEID,VESSEL,INVERTER,7,101,7,0,7,0,0,0.00,2.33,0.00,0.00,0,0,0,0,0,0,4,0,0,2,1,0,0,0,0,0,0,
23-02-2022,FEID,AIRCRAFT,INVERTER,5,32,5,0,4,1,0,0.00,1.33,0.10,0.00,0,0,0,0,0,0,1,1,0,2,0,0,0,0,1,0,0,
23-02-2023,FET,COURIER,VENDING MACHINE,8,455,455,0,0,455,0,0.00,0.00,455.00,0.00,0,0,0,0,0,0,0,0,0,0,0,0,0,0,0,455,0,
23-03-2022,FEE,VESSEL,INVERTER,39,4355,237,0,18,146,73,0.00,6.00,14.60,36.50,0,0,0,0,0,0,8,1,0,4,1,4,0,0,146,0,73,
23-03-2023,FEC,AIRCRAFT,TEMPERATURE CONTROL,5,2160,11,3,8,0,0,3.00,1.77,0.00,0.00,3,0,0,0,0,0,0,0,5,0,0,0,3,0,0,0,0,
23-03-2023,FETW,AIRCRAFT,INVERTER,1,489,3,3,0,0,0,3.00,0.00,0.00,0.00,2,0,1,0,0,0,0,0,0,0,0,0,0,0,0,0,0,
23-03-2023,FEC,VESSEL,TEMPERATURE CONTROL,16,6548,35,11,24,0,0,11.00,5.90,0.00,0.00,11,0,0,0,0,0,1,0,16,0,0,0,3,4,0,0,0,
23-03-2023,FEE,AIRCRAFT,INVERTER,17,281,57,8,9,40,0,8.00,3.00,4.00,0.00,0,0,0,4,4,0,1,3,0,1,1,3,0,0,40,0,0,
23-03-2023,FEID,VESSEL,INVERTER,17,76,21,2,16,3,0,2.00,5.33,0.30,0.00,0,2,0,0,0,0,7,6,0,1,1,1,0,0,3,0,0,
23-04-2024,FEA,VESSEL,TEMPERATURE CONTROL,2,46,2,0,2,0,0,0.00,0.07,0.00,0.00,0,0,0,0,0,0,0,0,0,0,0,0,0,2,0,0,0,
23-04-2024,FAP,VESSEL,INVERTER,10,79,12,2,9,1,0,2.00,3.00,0.10,0.00,2,0,0,0,0,0,3,0,0,0,3,3,0,0,1,0,0,
23-05-2022,FEA,COURIER,TEMPERATURE CONTROL,7,1214,17,0,17,0,0,0.00,3.27,0.00,0.00,0,0,0,0,0,0,0,0,9,0,0,0,5,3,0,0,0,
23-05-2022,FEF,AIRCRAFT,TEMPERATURE CONTROL,6,118,8,0,8,0,0,0.00,0.87,0.00,0.00,0,0,0,0,0,0,1,0,0,0,0,1,2,4,0,0,0,
23-05-2022,FAP,VESSEL,INVERTER,29,600,43,16,25,2,0,16.00,8.03,0.20,0.00,9,4,3,0,0,0,5,2,0,3,4,10,1,0,2,0,0,
23-05-2022,FEA FRE,AIRCRAFT,INVERTER,1,70,2,0,2,0,0,0.00,0.67,0.00,0.00,0,0,0,0,0,0,0,1,0,0,0,1,0,0,0,0,0,
23-05-2023,FEA NJ,VESSEL,INVERTER,11,177,18,1,10,7,0,1.00,3.33,0.70,0.00,0,0,0,0,1,0,0,2,0,3,1,4,0,0,7,0,0,
23-05-2023,FEV,COURIER,TEMPERATURE CONTROL,1,3,1,0,1,0,0,0.00,0.03,0.00,0.00,0,0,0,0,0,0,0,0,0,0,0,0,1,0,0,0,0,
23-05-2023,FEA NJ AID,AIRCRAFT,INVERTER,1,7,7,0,0,7,0,0.00,0.00,0.70,0.00,0,0,0,0,0,0,0,0,0,0,0,0,0,0,7,0,0,
23-05-2024,FEI,VESSEL,TEMPERATURE CONTROL,2,11,2,0,2,0,0,0.00,0.07,0.00,0.00,0,0,0,0,0,0,0,0,0,0,0,0,2,0,0,0,0,
23-05-2024,FEI,VESSEL,INVERTER,18,884,52,7,8,37,0,7.00,2.67,3.70,0.00,4,2,1,0,0,0,4,1,0,0,2,1,0,0,37,0,0,
23-05-2024,FEK,VESSEL,TEMPERATURE CONTROL,1,250,3,0,3,0,0,0.00,0.70,0.00,0.00,0,0,0,0,0,0,0,0,2,0,0,0,1,0,0,0,0,
23-05-2024,FAP,VESSEL,INVERTER,22,253,31,1,21,9,0,1.00,7.00,0.90,0.00,1,0,0,0,0,0,8,3,0,2,4,4,0,0,9,0,0,
23-05-2024,FEK,VESSEL,INVERTER,6,241,6,1,5,0,0,1.00,1.67,0.00,0.00,1,0,0,0,0,0,5,0,0,0,0,0,0,0,0,0,0,
23-05-2025,FEI,VESSEL,INVERTER,3,402,58,4,2,52,0,4.00,0.67,5.20,0.00,4,0,0,0,0,0,0,0,0,0,0,2,0,0,52,0,0,
23-06-2025,FEI,AIRCRAFT,INVERTER,1,120,1,0,1,0,0,0.00,0.33,0.00,0.00,0,0,0,0,0,0,0,0,0,0,0,1,0,0,0,0,0,
23-06-2025,FEA NJ,VESSEL,INVERTER,1,268,5,3,0,2,0,3.00,0.00,0.20,0.00,0,0,0,3,0,0,0,0,0,0,0,0,0,0,2,0,0,
23-07-2024,FEI,VESSEL,TEMPERATURE CONTROL,4,146,4,0,4,0,0,0.00,0.73,0.00,0.00,0,0,0,0,0,0,2,0,0,0,0,0,2,0,0,0,0,
23-07-2024,FEF,AIRCRAFT,TEMPERATURE CONTROL,2,15,3,0,3,0,0,0.00,0.10,0.00,0.00,0,0,0,0,0,0,0,0,0,0,0,0,3,0,0,0,0,
23-07-2025,FEK,AIRCRAFT,INVERTER,2,3,3,0,1,2,0,0.00,0.33,0.20,0.00,0,0,0,0,0,0,1,0,0,0,0,0,0,0,2,0,0,
23-08-2022,FEE,AIRCRAFT,INVERTER,1,12,12,0,0,12,0,0.00,0.00,1.20,0.00,0,0,0,0,0,0,0,0,0,0,0,0,0,0,12,0,0,
23-08-2022,FEA TWMC,VESSEL,INVERTER,5,48,37,1,1,35,0,1.00,0.33,3.50,0.00,0,0,0,0,1,0,1,0,0,0,0,0,0,0,35,0,0,
23-08-2022,FEA NJ,VESSEL,INVERTER,15,1178,118,15,8,95,0,15.00,2.67,9.50,0.00,0,0,0,12,3,0,1,2,0,0,3,2,0,0,95,0,0,
23-08-2022,FEF,AIRCRAFT,TEMPERATURE CONTROL,14,536,19,0,19,0,0,0.00,3.33,0.00,0.00,0,0,0,0,0,0,5,1,2,0,1,0,6,4,0,0,0,
23-08-2022,FAP,AIRCRAFT,INVERTER,1,1,1,0,0,1,0,0.00,0.00,0.10,0.00,0,0,0,0,0,0,0,0,0,0,0,0,0,0,1,0,0,
23-08-2023,FETW,VESSEL,INVERTER,5,445,10,6,4,0,0,6.00,1.33,0.00,0.00,1,4,1,0,0,0,1,0,0,0,2,1,0,0,0,0,0,
23-08-2023,FEID,VESSEL,INVERTER,33,343,42,0,28,14,0,0.00,9.33,1.40,0.00,0,0,0,0,0,0,15,4,0,5,2,2,0,0,14,0,0,
23-08-2024,FEA TWMC,VESSEL,INVERTER,5,29,29,0,0,29,0,0.00,0.00,2.90,0.00,0,0,0,0,0,0,0,0,0,0,0,0,0,0,29,0,0,
23-09-2022,FEE,VESSEL,INVERTER,28,2108,137,26,21,90,0,26.00,7.00,9.00,0.00,0,0,0,23,3,0,5,1,0,2,2,11,0,0,90,0,0,
23-09-2022,FEI,AIRCRAFT,TEMPERATURE CONTROL,1,100,1,0,1,0,0,0.00,0.33,0.00,0.00,0,0,0,0,0,0,0,0,1,0,0,0,0,0,0,0,0,
23-11-2022,FEA ROA,AIRCRAFT,INVERTER,2,15,2,1,1,0,0,1.00,0.33,0.00,0.00,0,0,0,0,1,0,1,0,0,0,0,0,0,0,0,0,0,
23-11-2022,FEA TWMC,VESSEL,INVERTER,5,90,68,2,1,65,0,2.00,0.33,6.50,0.00,0,0,0,0,2,0,1,0,0,0,0,0,0,0,65,0,0,
23-11-2022,FEA NJ,AIRCRAFT,INVERTER,2,11,11,0,0,11,0,0.00,0.00,1.10,0.00,0,0,0,0,0,0,0,0,0,0,0,0,0,0,11,0,0,
23-11-2022,FEA NJ,VESSEL,INVERTER,17,2427,48,15,9,24,0,15.00,3.00,2.40,0.00,0,0,0,14,1,0,1,1,0,2,3,2,0,0,24,0,0,
23-11-2023,FAP,VESSEL,INVERTER,39,254,62,2,45,15,0,2.00,15.00,1.50,0.00,2,0,0,0,0,0,2,5,0,5,11,22,0,0,15,0,0,
23-12-2022,FEI,AIRCRAFT,TEMPERATURE CONTROL,4,44,4,0,4,0,0,0.00,0.13,0.00,0.00,0,0,0,0,0,0,0,0,0,0,0,0,3,1,0,0,0,
23-12-2022,FEI,VESSEL,TEMPERATURE CONTROL,6,421,10,0,10,0,0,0.00,1.53,0.00,0.00,0,0,0,0,0,0,2,0,2,0,0,0,6,0,0,0,0,
23-12-2024,FEI,VESSEL,INVERTER,1,585,15,10,0,5,0,10.00,0.00,0.50,0.00,10,0,0,0,0,0,0,0,0,0,0,0,0,0,5,0,0,
23-12-2025,FEI,AIRCRAFT,INVERTER,1,171,2,1,1,0,0,1.00,0.33,0.00,0.00,1,0,0,0,0,0,1,0,0,0,0,0,0,0,0,0,0,
23-12-2025,FEID,VESSEL,INVERTER,2,15,2,0,2,0,0,0.00,0.67,0.00,0.00,0,0,0,0,0,0,0,0,0,1,0,1,0,0,0,0,0,
23-12-2025,FEID,VESSEL,INVERTER,11,211,14,0,11,3,0,0.00,3.67,0.30,0.00,0,0,0,0,0,0,4,4,0,2,0,1,0,0,3,0,0,
24-01-2022,FEF,AIRCRAFT,TEMPERATURE CONTROL,4,19,5,0,5,0,0,0.00,1.07,0.00,0.00,0,0,0,0,0,0,3,0,0,0,0,0,0,2,0,0,0,
24-01-2022,FEI,VESSEL,INVERTER,9,445,13,4,9,0,0,4.00,3.00,0.00,0.00,2,2,0,0,0,0,5,1,0,2,1,0,0,0,0,0,0,
24-01-2022,FEI,AIRCRAFT,INVERTER,9,276,47,3,6,38,0,3.00,2.00,3.80,0.00,2,0,1,0,0,0,2,1,0,1,0,2,0,0,38,0,0,
24-01-2023,FEA NJ,VESSEL,INVERTER,10,490,16,6,7,3,0,6.00,2.33,0.30,0.00,0,0,0,5,0,1,0,3,0,2,1,1,0,0,3,0,0,
24-01-2023,FEF,VESSEL,TEMPERATURE CONTROL,1,180,1,0,1,0,0,0.00,0.33,0.00,0.00,0,0,0,0,0,0,1,0,0,0,0,0,0,0,0,0,0,
24-01-2023,FEA NJ,AIRCRAFT,INVERTER,1,12,12,0,0,12,0,0.00,0.00,1.20,0.00,0,0,0,0,0,0,0,0,0,0,0,0,0,0,12,0,0,
24-01-2023,FEA NJ AID,VESSEL,INVERTER,2,20,20,0,0,20,0,0.00,0.00,2.00,0.00,0,0,0,0,0,0,0,0,0,0,0,0,0,0,20,0,0,
24-01-2024,FEI,VESSEL,TEMPERATURE CONTROL,2,13,3,0,3,0,0,0.00,0.10,0.00,0.00,0,0,0,0,0,0,0,0,0,0,0,0,3,0,0,0,0,
24-01-2024,FEI,VESSEL,INVERTER,13,1783,45,24,7,14,0,24.00,2.33,1.40,0.00,24,0,0,0,0,0,0,0,0,0,3,4,0,0,14,0,0,
24-01-2025,FEA NJ,VESSEL,INVERTER,1,40,2,1,1,0,0,1.00,0.33,0.00,0.00,0,0,0,0,1,0,0,0,0,0,0,1,0,0,0,0,0,
24-01-2025,FEI,AIRCRAFT,INVERTER,1,12,3,3,0,0,0,3.00,0.00,0.00,0.00,0,3,0,0,0,0,0,0,0,0,0,0,0,0,0,0,0,
24-01-2025,FEI,VESSEL,INVERTER,1,3734,62,43,1,18,0,43.00,0.33,1.80,0.00,41,2,0,0,0,0,0,0,0,0,0,1,0,0,18,0,0,
24-02-2022,FAP,VESSEL,INVERTER,15,216,20,5,12,3,0,5.00,4.00,0.30,0.00,1,4,0,0,0,0,2,2,0,2,3,3,0,0,3,0,0,
24-02-2022,FEID,AIRCRAFT,INVERTER,1,1,1,0,1,0,0,0.00,0.33,0.00,0.00,0,0,0,0,0,0,1,0,0,0,0,0,0,0,0,0,0,
24-02-2022,FEA FRE,AIRCRAFT,INVERTER,1,10,10,0,0,10,0,0.00,0.00,1.00,0.00,0,0,0,0,0,0,0,0,0,0,0,0,0,0,10,0,0,
24-03-2022,FEE,AIRCRAFT,INVERTER,8,117,15,1,12,2,0,1.00,4.00,0.20,0.00,0,0,0,0,1,0,1,0,0,1,3,7,0,0,2,0,0,
24-03-2022,FEA,COURIER,TEMPERATURE CONTROL,7,863,11,0,11,0,0,0.00,2.47,0.00,0.00,0,0,0,0,0,0,3,2,2,0,0,0,3,1,0,0,0,
24-03-2022,FET,COURIER,VENDING MACHINE,1,1,1,0,0,1,0,0.00,0.00,1.00,0.00,0,0,0,0,0,0,0,0,0,0,0,0,0,0,0,1,0,
24-03-2023,FAP,VESSEL,INVERTER,30,543,59,14,36,9,0,14.00,11.70,0.90,0.00,8,5,1,0,0,0,4,8,0,6,8,9,1,0,9,0,0,
24-03-2023,FETW,AIRCRAFT,INVERTER,2,236,3,3,0,0,0,3.00,0.00,0.00,0.00,2,0,1,0,0,0,0,0,0,0,0,0,0,0,0,0,0,
24-04-2023,FEID,AIRCRAFT,TEMPERATURE CONTROL,7,362,9,0,9,0,0,0.00,1.80,0.00,0.00,0,0,0,0,0,0,2,0,3,0,0,0,3,1,0,0,0,
24-04-2023,FEA,COURIER,TEMPERATURE CONTROL,15,1270,25,0,25,0,0,0.00,5.03,0.00,0.00,0,0,0,0,0,0,5,2,7,0,0,0,6,5,0,0,0,
24-04-2023,FEF,AIRCRAFT,TEMPERATURE CONTROL,2,81,4,0,4,0,0,0.00,0.13,0.00,0.00,0,0,0,0,0,0,0,0,0,0,0,0,3,1,0,0,0,
24-04-2025,FET,TRUCK,TEMPERATURE CONTROL,1,1,1,0,1,0,0,0.00,0.03,0.00,0.00,0,0,0,0,0,0,0,0,0,0,0,0,1,0,0,0,0,
24-04-2025,FEI,VESSEL,INVERTER,1,69,4,3,1,0,0,3.00,0.33,0.00,0.00,3,0,0,0,0,0,0,0,0,0,1,0,0,0,0,0,0,
24-05-2022,FEA NJ,VESSEL,INVERTER,15,771,48,10,10,28,0,10.00,3.33,2.80,0.00,0,0,0,4,6,0,4,1,0,1,2,2,0,0,28,0,0,
24-05-2022,FEA TWMC,VESSEL,INVERTER,3,32,3,1,2,0,0,1.00,0.67,0.00,0.00,0,0,0,0,1,0,1,0,0,0,0,1,0,0,0,0,0,
24-05-2022,FEE,VESSEL,INVERTER,5,403,9,4,4,1,0,4.00,1.33,0.10,0.00,0,0,0,3,1,0,0,0,0,0,1,3,0,0,1,0,0,
24-05-2022,FEA TWMC,AIRCRAFT,INVERTER,2,24,24,0,0,24,0,0.00,0.00,2.40,0.00,0,0,0,0,0,0,0,0,0,0,0,0,0,0,24,0,0,
24-05-2022,FEF,AIRCRAFT,TEMPERATURE CONTROL,2,6,2,0,2,0,0,0.00,0.07,0.00,0.00,0,0,0,0,0,0,0,0,0,0,0,0,2,0,0,0,0,
24-05-2023,FEID,VESSEL,INVERTER,12,35,16,0,8,8,0,0.00,2.67,0.80,0.00,0,0,0,0,0,0,5,1,0,2,0,0,0,0,8,0,0,
24-05-2024,FEE,AIRCRAFT,INVERTER,4,1820,14,13,1,0,0,13.00,0.33,0.00,0.00,0,0,0,11,0,2,0,0,0,0,0,1,0,0,0,0,0,
24-06-2024,FEA NJ,VESSEL,INVERTER,29,2380,364,22,11,331,0,22.00,3.67,33.10,0.00,0,0,0,15,6,1,2,0,0,4,2,3,0,0,331,0,0,
24-07-2023,FEI,VESSEL,INVERTER,42,1929,132,32,31,69,0,32.00,10.33,6.90,0.00,22,10,0,0,0,0,7,4,0,3,8,9,0,0,69,0,0,
24-07-2023,FAP,AIRCRAFT,TEMPERATURE CONTROL,1,4,1,0,1,0,0,0.00,0.03,0.00,0.00,0,0,0,0,0,0,0,0,0,0,0,0,1,0,0,0,0,
24-07-2023,FEI,AIRCRAFT,INVERTER,2,14,3,1,0,2,0,1.00,0.00,0.20,0.00,0,1,0,0,0,0,0,0,0,0,0,0,0,0,2,0,0,
24-07-2023,FETW,AIRCRAFT,TEMPERATURE CONTROL,3,117,6,0,6,0,0,0.00,0.80,0.00,0.00,0,0,0,0,0,0,0,0,2,0,0,0,4,0,0,0,0,
24-07-2023,FEF,AIRCRAFT,TEMPERATURE CONTROL,11,220,13,0,13,0,0,0.00,0.43,0.00,0.00,0,0,0,0,0,0,0,0,0,0,0,0,9,4,0,0,0,
24-07-2023,FAP,VESSEL,INVERTER,6,27,7,0,6,1,0,0.00,2.00,0.10,0.00,0,0,0,0,0,0,0,2,0,0,1,3,0,0,1,0,0,
24-07-2023,FEE,AIRCRAFT,INVERTER,1,1,1,0,1,0,0,0.00,0.33,0.00,0.00,0,0,0,0,0,0,1,0,0,0,0,0,0,0,0,0,0,
24-07-2024,FEE,AIRCRAFT,INVERTER,1,5,1,0,1,0,0,0.00,0.33,0.00,0.00,0,0,0,0,0,0,1,0,0,0,0,0,0,0,0,0,0,
24-07-2024,FEID,AIRCRAFT,TEMPERATURE CONTROL,1,2,1,0,1,0,0,0.00,0.03,0.00,0.00,0,0,0,0,0,0,0,0,0,0,0,0,1,0,0,0,0,
24-07-2024,FEI,AIRCRAFT,INVERTER,1,6,1,0,1,0,0,0.00,0.33,0.00,0.00,0,0,0,0,0,0,0,0,0,0,0,1,0,0,0,0,0,
24-07-2025,FEI,VESSEL,INVERTER,5,210,17,3,4,10,0,3.00,1.33,1.00,0.00,2,0,1,0,0,0,3,0,0,0,0,1,0,0,10,0,0,
24-07-2025,FEI,VESSEL,INVERTER,1,18,1,1,0,0,0,1.00,0.00,0.00,0.00,0,1,0,0,0,0,0,0,0,0,0,0,0,0,0,0,0,
24-08-2022,FEID,VESSEL,INVERTER,12,72,12,0,12,0,0,0.00,4.00,0.00,0.00,0,0,0,0,0,0,8,0,0,2,0,2,0,0,0,0,0,
24-08-2022,FAP,VESSEL,INVERTER,24,343,35,2,17,16,0,2.00,5.67,1.60,0.00,0,2,0,0,0,0,8,1,0,4,2,2,0,0,16,0,0,
24-08-2022,FEI,VESSEL,INVERTER,2,5,5,0,0,5,0,0.00,0.00,0.50,0.00,0,0,0,0,0,0,0,0,0,0,0,0,0,0,5,0,0,
24-08-2023,FEI,VESSEL,INVERTER,1,2,2,0,0,2,0,0.00,0.00,0.20,0.00,0,0,0,0,0,0,0,0,0,0,0,0,0,0,2,0,0,
24-08-2023,FAP,VESSEL,INVERTER,76,1075,122,22,62,38,0,22.00,20.67,3.80,0.00,17,5,0,0,0,0,12,10,0,6,18,16,0,0,38,0,0,
24-09-2024,FEA NJ,VESSEL,INVERTER,4,2506,25,20,5,0,0,20.00,1.67,0.00,0.00,0,0,0,19,1,0,2,0,0,0,1,2,0,0,0,0,0,
24-09-2024,FEID,VESSEL,INVERTER,10,35,10,0,9,1,0,0.00,3.00,0.10,0.00,0,0,0,0,0,0,3,5,0,1,0,0,0,0,1,0,0,
24-09-2025,FETW,VESSEL,INVERTER,5,510,13,9,4,0,0,9.00,1.33,0.00,0.00,8,1,0,0,0,0,1,0,0,2,0,1,0,0,0,0,0,
24-10-2023,FEA NJ,VESSEL,INVERTER,13,302,106,17,5,84,0,17.00,1.67,8.40,0.00,0,0,0,15,2,0,0,2,0,0,1,2,0,0,84,0,0,
24-10-2023,FEID,VESSEL,INVERTER,9,32,10,0,8,2,0,0.00,2.67,0.20,0.00,0,0,0,0,0,0,1,0,0,4,1,2,0,0,2,0,0,
24-10-2023,FEF,AIRCRAFT,TEMPERATURE CONTROL,13,183,18,0,18,0,0,0.00,0.60,0.00,0.00,0,0,0,0,0,0,0,0,0,0,0,0,16,2,0,0,0,
24-10-2023,FEA,VESSEL,TEMPERATURE CONTROL,9,1155,12,0,12,0,0,0.00,3.70,0.00,0.00,0,0,0,0,0,0,6,1,4,0,0,0,0,1,0,0,0,
24-10-2023,FETW,VESSEL,INVERTER,3,43,28,0,2,26,0,0.00,0.67,2.60,0.00,0,0,0,0,0,0,0,0,0,0,0,2,0,0,26,0,0,
24-10-2024,FAP,VESSEL,INVERTER,15,1432,187,23,7,157,0,23.00,2.33,15.70,0.00,16,7,0,0,0,0,1,0,0,3,0,3,0,0,157,0,0,
24-10-2024,FETW,VESSEL,INVERTER,5,379,16,3,1,12,0,3.00,0.33,1.20,0.00,2,1,0,0,0,0,0,0,0,0,0,1,0,0,12,0,0,
24-10-2024,FEA NJ,VESSEL,INVERTER,19,251,48,11,13,24,0,11.00,4.33,2.40,0.00,0,0,0,8,3,0,2,1,0,0,6,4,0,0,24,0,0,
24-10-2025,FEI,VESSEL,INVERTER,1,1307,9,8,1,0,0,8.00,0.33,0.00,0.00,8,0,0,0,0,0,0,0,0,1,0,0,0,0,0,0,0,
24-11-2022,FAP,VESSEL,INVERTER,36,637,61,5,16,40,0,5.00,5.33,4.00,0.00,1,4,0,0,0,0,3,3,0,4,3,3,0,0,40,0,0,
24-11-2023,FEA TWMC,AIRCRAFT,INVERTER,1,15,15,0,0,15,0,0.00,0.00,1.50,0.00,0,0,0,0,0,0,0,0,0,0,0,0,0,0,15,0,0,
24-11-2023,FAP,VESSEL,INVERTER,10,57,25,1,5,19,0,1.00,1.67,1.90,0.00,0,1,0,0,0,0,0,0,0,2,0,3,0,0,19,0,0,
24-12-2022,FEI,VESSEL,TEMPERATURE CONTROL,1,10,1,0,1,0,0,0.00,0.03,0.00,0.00,0,0,0,0,0,0,0,0,0,0,0,0,1,0,0,0,0,
24-12-2022,FEI,VESSEL,INVERTER,46,5199,125,59,38,28,0,59.00,12.67,2.80,0.00,35,24,0,0,0,0,7,6,0,4,5,16,0,0,28,0,0,
24-12-2024,FEE,VESSEL,INVERTER,1,2362,115,0,0,21,94,0.00,0.00,2.10,47.00,0,0,0,0,0,0,0,0,0,0,0,0,0,0,21,0,94,
24-12-2025,FEI,VESSEL,INVERTER,3,1544,38,13,2,23,0,13.00,0.67,2.30,0.00,11,2,0,0,0,0,1,0,0,0,1,0,0,0,23,0,0,
24-12-2025,FAP,VESSEL,INVERTER,34,516,51,6,37,8,0,6.00,12.33,0.80,0.00,2,3,1,0,0,0,7,2,0,4,8,16,0,0,8,0,0,
25-01-2022,FEA TWMC,AIRCRAFT,INVERTER,1,4,4,0,0,4,0,0.00,0.00,0.40,0.00,0,0,0,0,0,0,0,0,0,0,0,0,0,0,4,0,0,
25-01-2022,FEA NJ,VESSEL,INVERTER,8,249,18,6,5,7,0,6.00,1.67,0.70,0.00,0,0,0,3,3,0,4,0,0,1,0,0,0,0,7,0,0,
25-01-2022,FEA NJ,AIRCRAFT,INVERTER,4,138,22,0,2,20,0,0.00,0.67,2.00,0.00,0,0,0,0,0,0,0,0,0,0,0,2,0,0,20,0,0,
25-01-2024,FAP,VESSEL,INVERTER,44,1220,79,16,23,40,0,16.00,7.67,4.00,0.00,8,6,2,0,0,0,3,3,0,4,5,8,0,0,40,0,0,
25-01-2024,FEI,VESSEL,TEMPERATURE CONTROL,7,500,10,0,10,0,0,0.00,0.33,0.00,0.00,0,0,0,0,0,0,0,0,0,0,0,0,5,5,0,0,0,
25-02-2022,FAP,AIRCRAFT,INVERTER,3,12,12,0,0,12,0,0.00,0.00,1.20,0.00,0,0,0,0,0,0,0,0,0,0,0,0,0,0,12,0,0,
25-02-2022,FEA,COURIER,TEMPERATURE CONTROL,1,15,2,0,2,0,0,0.00,0.07,0.00,0.00,0,0,0,0,0,0,0,0,0,0,0,0,2,0,0,0,0,
25-02-2022,FEE,VESSEL,INVERTER,6,74,44,0,1,42,1,0.00,0.33,4.20,0.50,0,0,0,0,0,0,0,0,0,0,0,1,0,0,42,0,1,
25-02-2025,FEE,VESSEL,INVERTER,1,111,9,0,1,0,8,0.00,0.33,0.00,4.00,0,0,0,0,0,0,0,0,0,0,1,0,0,0,0,0,8,
25-02-2025,FEA NJ,AIRCRAFT,INVERTER,1,46,1,1,0,0,0,1.00,0.00,0.00,0.00,0,0,0,1,0,0,0,0,0,0,0,0,0,0,0,0,0,
25-03-2022,FAP,VESSEL,INVERTER,12,206,16,4,7,5,0,4.00,2.33,0.50,0.00,1,3,0,0,0,0,0,1,0,1,2,3,0,0,5,0,0,
25-03-2023,FETW,AIRCRAFT,INVERTER,1,242,2,1,1,0,0,1.00,0.33,0.00,0.00,0,1,0,0,0,0,0,0,0,1,0,0,0,0,0,0,0,
25-03-2024,FEI,VESSEL,INVERTER,37,4245,139,42,29,68,0,42.00,9.67,6.80,0.00,28,13,1,0,0,0,5,1,0,2,3,18,0,0,68,0,0,
25-03-2024,FEI,VESSEL,TEMPERATURE CONTROL,4,700,9,0,9,0,0,0.00,2.10,0.00,0.00,0,0,0,0,0,0,2,2,2,0,0,0,2,1,0,0,0,
25-03-2024,FEI,VESSEL,TEMPERATURE CONTROL,6,584,9,0,9,0,0,0.00,2.10,0.00,0.00,0,0,0,0,0,0,1,0,5,0,0,0,3,0,0,0,0,
25-04-2022,FEA NJ,VESSEL,INVERTER,3,42,42,0,0,42,0,0.00,0.00,4.20,0.00,0,0,0,0,0,0,0,0,0,0,0,0,0,0,42,0,0,
25-04-2022,FEK,VESSEL,INVERTER,1,6,6,0,0,6,0,0.00,0.00,0.60,0.00,0,0,0,0,0,0,0,0,0,0,0,0,0,0,6,0,0,
25-04-2022,FEA NJ,AIRCRAFT,INVERTER,3,140,8,5,3,0,0,5.00,1.00,0.00,0.00,0,0,0,0,5,0,0,0,0,1,1,1,0,0,0,0,0,
25-04-2022,FEV,VESSEL,INVERTER,1,10,3,3,0,0,0,3.00,0.00,0.00,0.00,2,0,1,0,0,0,0,0,0,0,0,0,0,0,0,0,0,
25-04-2022,FEA NJ,VESSEL,INVERTER,8,803,26,18,8,0,0,18.00,2.67,0.00,0.00,0,0,0,8,10,0,2,3,0,1,1,1,0,0,0,0,0,
25-04-2022,FEF,AIRCRAFT,TEMPERATURE CONTROL,4,57,4,0,4,0,0,0.00,0.13,0.00,0.00,0,0,0,0,0,0,0,0,0,0,0,0,1,3,0,0,0,
25-04-2022,FEI,AIRCRAFT,INVERTER,3,105,18,2,2,14,0,2.00,0.67,1.40,0.00,1,1,0,0,0,0,0,0,0,1,1,0,0,0,14,0,0,
25-04-2022,FEI,VESSEL,INVERTER,4,152,4,1,3,0,0,1.00,1.00,0.00,0.00,0,1,0,0,0,0,1,0,0,2,0,0,0,0,0,0,0,
25-04-2023,FEA NJ,AIRCRAFT,INVERTER,1,8,8,0,0,8,0,0.00,0.00,0.80,0.00,0,0,0,0,0,0,0,0,0,0,0,0,0,0,8,0,0,
25-04-2023,FEA NJ,VESSEL,INVERTER,2,111,6,5,1,0,0,5.00,0.33,0.00,0.00,0,0,0,3,2,0,0,0,0,0,0,1,0,0,0,0,0,
25-04-2024,FEE,VESSEL,INVERTER,42,1821,216,0,21,122,73,0.00,7.00,12.20,36.50,0,0,0,0,0,0,1,1,0,1,7,11,0,0,122,0,73,
25-04-2024,FEE,AIRCRAFT,INVERTER,26,800,56,25,16,15,0,25.00,5.33,1.50,0.00,0,0,0,10,15,0,5,1,0,6,2,2,0,0,15,0,0,
25-05-2022,FEID,VESSEL,INVERTER,5,7,6,0,4,2,0,0.00,1.33,0.20,0.00,0,0,0,0,0,0,3,1,0,0,0,0,0,0,2,0,0,
25-05-2022,FEJP,VESSEL,TEMPERATURE CONTROL,1,1077,9,1,8,0,0,1.00,0.87,0.00,0.00,1,0,0,0,0,0,2,0,0,0,0,0,5,1,0,0,0,
25-05-2022,FEJP,VESSEL,INVERTER,1,307,34,34,0,0,0,34.00,0.00,0.00,0.00,0,34,0,0,0,0,0,0,0,0,0,0,0,0,0,0,0,
25-05-2022,FEI,AIRCRAFT,TEMPERATURE CONTROL,16,880,23,0,23,0,0,0.00,2.87,0.00,0.00,0,0,0,0,0,0,3,2,2,0,0,0,12,4,0,0,0,
25-05-2022,FEE,AIRCRAFT,INVERTER,2,3,3,0,0,3,0,0.00,0.00,0.30,0.00,0,0,0,0,0,0,0,0,0,0,0,0,0,0,3,0,0,
25-05-2023,FEE,VESSEL,INVERTER,51,2428,122,0,23,48,51,0.00,7.67,4.80,25.50,0,0,0,0,0,0,6,3,0,0,6,8,0,0,48,0,51,
25-05-2023,FAP,VESSEL,INVERTER,30,275,76,3,17,56,0,3.00,5.67,5.60,0.00,1,1,1,0,0,0,1,4,0,2,3,7,0,0,56,0,0,
25-05-2023,FEE,AIRCRAFT,INVERTER,19,577,54,23,11,20,0,23.00,3.67,2.00,0.00,0,0,0,10,13,0,1,0,0,2,4,4,0,0,20,0,0,
25-06-2024,FEF,AIRCRAFT,TEMPERATURE CONTROL,2,56,2,0,2,0,0,0.00,0.07,0.00,0.00,0,0,0,0,0,0,0,0,0,0,0,0,1,1,0,0,0,
25-06-2025,FEID,VESSEL,INVERTER,18,185,23,1,16,6,0,1.00,5.33,0.60,0.00,0,1,0,0,0,0,5,5,0,4,2,0,0,0,6,0,0,
25-07-2022,FEA,COURIER,TEMPERATURE CONTROL,11,695,16,0,16,0,0,0.00,2.03,0.00,0.00,0,0,0,0,0,0,1,2,2,0,0,0,10,1,0,0,0,
25-07-2022,FEI,VESSEL,TEMPERATURE CONTROL,6,98,9,0,9,0,0,0.00,0.60,0.00,0.00,0,0,0,0,0,0,0,1,0,0,0,0,4,4,0,0,0,
25-07-2022,FEI,VESSEL,INVERTER,23,916,136,25,14,97,0,25.00,4.67,9.70,0.00,24,1,0,0,0,0,1,2,0,2,4,5,0,0,97,0,0,
25-07-2022,FEI,AIRCRAFT,TEMPERATURE CONTROL,3,53,4,0,4,0,0,0.00,0.43,0.00,0.00,0,0,0,0,0,0,0,1,0,0,0,0,3,0,0,0,0,
25-07-2022,FEI,AIRCRAFT,INVERTER,3,121,4,1,3,0,0,1.00,1.00,0.00,0.00,0,1,0,0,0,0,2,1,0,0,0,0,0,0,0,0,0,
25-07-2023,FEID,VESSEL,INVERTER,15,161,22,1,13,8,0,1.00,4.33,0.80,0.00,0,1,0,0,0,0,4,2,0,2,4,1,0,0,8,0,0,
25-07-2023,FEA TWMC,AIRCRAFT,INVERTER,5,50,50,0,0,50,0,0.00,0.00,5.00,0.00,0,0,0,0,0,0,0,0,0,0,0,0,0,0,50,0,0,
25-07-2023,FEA NJ AID,AIRCRAFT,INVERTER,4,32,32,0,0,32,0,0.00,0.00,3.20,0.00,0,0,0,0,0,0,0,0,0,0,0,0,0,0,32,0,0,
25-07-2024,FAP,VESSEL,INVERTER,17,595,28,7,16,5,0,7.00,5.33,0.50,0.00,1,6,0,0,0,0,2,1,0,2,5,6,0,0,5,0,0,
25-07-2025,FEI,VESSEL,INVERTER,2,6,3,0,1,2,0,0.00,0.33,0.20,0.00,0,0,0,0,0,0,0,0,0,1,0,0,0,0,2,0,0,
25-08-2023,FAP,AIRCRAFT,TEMPERATURE CONTROL,2,145,2,0,2,0,0,0.00,0.67,0.00,0.00,0,0,0,0,0,0,0,0,2,0,0,0,0,0,0,0,0,
25-09-2023,FEC,VESSEL,TEMPERATURE CONTROL,10,6100,26,6,20,0,0,6.00,6.37,0.00,0.00,6,0,0,0,0,0,2,2,15,0,0,0,0,1,0,0,0,
25-09-2023,FEA,VESSEL,TEMPERATURE CONTROL,8,219,9,0,9,0,0,0.00,0.60,0.00,0.00,0,0,0,0,0,0,0,0,1,0,0,0,4,4,0,0,0,
25-09-2024,FEA,VESSEL,TEMPERATURE CONTROL,3,327,4,0,4,0,0,0.00,0.73,0.00,0.00,0,0,0,0,0,0,1,0,1,0,0,0,0,2,0,0,0,
25-09-2024,FEI,VESSEL,INVERTER,25,1743,43,11,23,9,0,11.00,7.67,0.90,0.00,9,2,0,0,0,0,9,3,0,2,7,2,0,0,9,0,0,
25-09-2024,FEID,AIRCRAFT,TEMPERATURE CONTROL,1,146,2,0,2,0,0,0.00,0.67,0.00,0.00,0,0,0,0,0,0,0,0,2,0,0,0,0,0,0,0,0,
25-09-2024,FEI,AIRCRAFT,TEMPERATURE CONTROL,1,25,1,0,1,0,0,0.00,0.03,0.00,0.00,0,0,0,0,0,0,0,0,0,0,0,0,0,1,0,0,0,
25-09-2025,FEI,VESSEL,INVERTER,4,969,33,12,3,18,0,12.00,1.00,1.80,0.00,10,2,0,0,0,0,3,0,0,0,0,0,0,0,18,0,0,
25-09-2025,FEID,VESSEL,INVERTER,32,124,32,0,30,2,0,0.00,10.00,0.20,0.00,0,0,0,0,0,0,16,5,0,4,2,3,0,0,2,0,0,
25-10-2022,FEID,VESSEL,INVERTER,18,164,19,1,16,2,0,1.00,5.33,0.20,0.00,1,0,0,0,0,0,8,2,0,4,1,1,0,0,2,0,0,
25-10-2022,FEA TWMC,VESSEL,INVERTER,5,43,35,0,2,33,0,0.00,0.67,3.30,0.00,0,0,0,0,0,0,0,0,0,0,1,1,0,0,33,0,0,
25-10-2022,FEA NJ,VESSEL,INVERTER,11,397,22,4,7,11,0,4.00,2.33,1.10,0.00,0,0,0,2,1,1,2,0,0,1,1,3,0,0,11,0,0,
25-10-2022,FEA NJ,AIRCRAFT,INVERTER,1,3,3,0,0,3,0,0.00,0.00,0.30,0.00,0,0,0,0,0,0,0,0,0,0,0,0,0,0,3,0,0,
25-10-2022,FEF,AIRCRAFT,TEMPERATURE CONTROL,5,546,7,0,7,0,0,0.00,1.13,0.00,0.00,0,0,0,0,0,0,1,2,0,0,0,0,0,4,0,0,0,
25-10-2023,FEI,VESSEL,INVERTER,22,2124,83,23,58,2,0,23.00,19.33,0.20,0.00,14,7,2,0,0,0,1,1,0,0,8,48,0,0,2,0,0,
25-10-2024,FEC,VESSEL,TEMPERATURE CONTROL,1,110,2,0,2,0,0,0.00,0.37,0.00,0.00,0,0,0,0,0,0,0,0,1,0,0,0,0,1,0,0,0,
25-10-2024,FEI,AIRCRAFT,INVERTER,3,26,4,2,2,0,0,2.00,0.67,0.00,0.00,0,2,0,0,0,0,0,0,0,2,0,0,0,0,0,0,0,
25-10-2024,FEE,AIRCRAFT,INVERTER,2,624,9,8,1,0,0,8.00,0.33,0.00,0.00,0,0,0,8,0,0,1,0,0,0,0,0,0,0,0,0,0,
25-11-2022,FEC,VESSEL,TEMPERATURE CONTROL,5,4940,11,7,4,0,0,7.00,0.43,0.00,0.00,7,0,0,0,0,0,0,0,1,0,0,0,1,2,0,0,0,
25-11-2022,FEI,VESSEL,TEMPERATURE CONTROL,2,41,3,0,3,0,0,0.00,0.10,0.00,0.00,0,0,0,0,0,0,0,0,0,0,0,0,2,1,0,0,0,
25-11-2022,FEE,AIRCRAFT,INVERTER,2,33,2,0,2,0,0,0.00,0.67,0.00,0.00,0,0,0,0,0,0,0,0,0,2,0,0,0,0,0,0,0,
25-11-2022,FEE,VESSEL,INVERTER,11,551,33,0,5,16,12,0.00,1.67,1.60,6.00,0,0,0,0,0,0,4,1,0,0,0,0,0,0,16,0,12,
25-12-2023,FEI,VESSEL,TEMPERATURE CONTROL,2,100,2,0,2,0,0,0.00,0.07,0.00,0.00,0,0,0,0,0,0,0,0,0,0,0,0,1,1,0,0,0,
25-12-2023,FEA NJ,VESSEL,INVERTER,8,96,28,3,7,18,0,3.00,2.33,1.80,0.00,0,0,0,3,0,0,0,1,0,0,1,5,0,0,18,0,0,
25-12-2023,FAP,VESSEL,INVERTER,24,305,47,5,11,31,0,5.00,3.67,3.10,0.00,0,5,0,0,0,0,1,1,0,1,2,6,0,0,31,0,0,
25-12-2023,FEA TWMC,VESSEL,INVERTER,4,15,15,0,0,15,0,0.00,0.00,1.50,0.00,0,0,0,0,0,0,0,0,0,0,0,0,0,0,15,0,0,
25-12-2024,FEA NJ,VESSEL,INVERTER,1,926,11,11,0,0,0,11.00,0.00,0.00,0.00,0,0,0,9,2,0,0,0,0,0,0,0,0,0,0,0,0,
25-12-2024,FAP,VESSEL,INVERTER,13,212,59,3,5,51,0,3.00,1.67,5.10,0.00,2,1,0,0,0,0,1,1,0,2,0,1,0,0,51,0,0,
25-12-2024,FEE,VESSEL,INVERTER,3,350,14,0,0,0,14,0.00,0.00,0.00,7.00,0,0,0,0,0,0,0,0,0,0,0,0,0,0,0,0,14,
25-12-2024,FEA NJ,VESSEL,INVERTER,1,140,140,0,0,140,0,0.00,0.00,14.00,0.00,0,0,0,0,0,0,0,0,0,0,0,0,0,0,140,0,0,
26-01-2022,FEID,AIRCRAFT,INVERTER,4,24,4,0,3,1,0,0.00,1.00,0.10,0.00,0,0,0,0,0,0,3,0,0,0,0,0,0,0,1,0,0,
26-01-2022,FAP,COURIER,INVERTER,1,1,1,0,1,0,0,0.00,0.03,0.00,0.00,0,0,0,0,0,0,0,0,0,0,0,0,1,0,0,0,0,
26-01-2023,FAP,VESSEL,INVERTER,42,786,87,10,36,41,0,10.00,12.00,4.10,0.00,1,7,2,0,0,0,10,6,0,8,4,8,0,0,41,0,0,
26-01-2024,FAP,AIRCRAFT,INVERTER,1,4,4,0,0,4,0,0.00,0.00,0.40,0.00,0,0,0,0,0,0,0,0,0,0,0,0,0,0,4,0,0,
26-02-2022,FEI,VESSEL,INVERTER,14,809,21,6,8,7,0,6.00,2.67,0.70,0.00,3,2,1,0,0,0,5,1,0,1,1,0,0,0,7,0,0,
26-02-2022,FEI,AIRCRAFT,INVERTER,18,846,45,24,12,9,0,24.00,4.00,0.90,0.00,13,9,2,0,0,0,3,2,0,0,5,2,0,0,9,0,0,
26-02-2025,FEID,VESSEL,INVERTER,6,39,7,1,6,0,0,1.00,2.00,0.00,0.00,0,1,0,0,0,0,3,1,0,0,1,1,0,0,0,0,0,
26-03-2024,FETW,AIRCRAFT,TEMPERATURE CONTROL,5,376,6,0,6,0,0,0.00,1.40,0.00,0.00,0,0,0,0,0,0,1,0,3,0,0,0,0,2,0,0,0,
26-03-2024,FEF,AIRCRAFT,TEMPERATURE CONTROL,1,11,1,0,1,0,0,0.00,0.03,0.00,0.00,0,0,0,0,0,0,0,0,0,0,0,0,1,0,0,0,0,
26-03-2024,FAP,VESSEL,INVERTER,6,27,7,1,5,1,0,1.00,1.67,0.10,0.00,0,1,0,0,0,0,1,0,0,0,1,3,0,0,1,0,0,
26-04-2022,FAP,COURIER,INVERTER,3,140,7,0,7,0,0,0.00,2.33,0.00,0.00,0,0,0,0,0,0,1,0,0,6,0,0,0,0,0,0,0,
26-04-2022,FETW,COURIER,INVERTER,1,15,1,0,1,0,0,0.00,0.33,0.00,0.00,0,0,0,0,0,0,0,1,0,0,0,0,0,0,0,0,0,
26-04-2022,FEK,VESSEL,INVERTER,1,4,1,0,1,0,0,0.00,0.33,0.00,0.00,0,0,0,0,0,0,0,1,0,0,0,0,0,0,0,0,0,
26-04-2022,FEA NJ,AIRCRAFT,INVERTER,3,111,4,0,4,0,0,0.00,1.33,0.00,0.00,0,0,0,0,0,0,1,1,0,0,0,2,0,0,0,0,0,
26-04-2022,FEID,AIRCRAFT,INVERTER,13,76,13,0,13,0,0,0.00,4.33,0.00,0.00,0,0,0,0,0,0,3,6,0,1,2,1,0,0,0,0,0,
26-04-2022,FEA NJ,VESSEL,INVERTER,15,982,28,12,14,2,0,12.00,4.67,0.20,0.00,0,0,0,7,5,0,1,3,0,2,2,6,0,0,2,0,0,
26-04-2023,FEC,VESSEL,INVERTER,1,2,2,0,1,1,0,0.00,0.33,0.10,0.00,0,0,0,0,0,0,0,1,0,0,0,0,0,0,1,0,0,
26-05-2022,FAP,AIRCRAFT,INVERTER,2,9,3,0,3,0,0,0.00,1.00,0.00,0.00,0,0,0,0,0,0,0,0,0,0,0,3,0,0,0,0,0,
26-05-2022,FAP,VESSEL,INVERTER,28,627,40,6,28,6,0,6.00,9.33,0.60,0.00,1,4,1,0,0,0,9,0,0,5,5,9,0,0,6,0,0,
26-05-2022,FEI,VESSEL,INVERTER,24,1944,51,19,13,19,0,19.00,4.33,1.90,0.00,9,10,0,0,0,0,6,1,0,3,1,2,0,0,19,0,0,
26-05-2023,FEK,VESSEL,TEMPERATURE CONTROL,3,400,4,0,4,0,0,0.00,1.33,0.00,0.00,0,0,0,0,0,0,0,0,4,0,0,0,0,0,0,0,0,
26-05-2023,FEA,COURIER,TEMPERATURE CONTROL,23,2172,38,0,38,0,0,0.00,6.07,0.00,0.00,0,0,0,0,0,0,7,0,9,0,0,0,14,8,0,0,0,
26-05-2023,FETW,VESSEL,INVERTER,2,356,3,1,2,0,0,1.00,0.67,0.00,0.00,1,0,0,0,0,0,0,0,0,0,1,1,0,0,0,0,0,
26-05-2025,FEA NJ,VESSEL,INVERTER,9,497,28,4,7,17,0,4.00,2.33,1.70,0.00,0,0,0,4,0,0,0,1,0,3,1,2,0,0,17,0,0,
26-06-2023,FEF,AIRCRAFT,TEMPERATURE CONTROL,15,434,21,0,21,0,0,0.00,1.00,0.00,0.00,0,0,0,0,0,0,0,0,1,0,0,0,13,7,0,0,0,
26-06-2023,FEI,VESSEL,INVERTER,48,2076,119,23,29,67,0,23.00,9.67,6.70,0.00,12,10,1,0,0,0,8,3,0,5,4,9,0,0,67,0,0,
26-06-2023,FEI,VESSEL,TEMPERATURE CONTROL,2,322,3,0,3,0,0,0.00,1.00,0.00,0.00,0,0,0,0,0,0,1,1,1,0,0,0,0,0,0,0,0,
26-06-2024,FEID,VESSEL,INVERTER,7,49,8,0,7,1,0,0.00,2.33,0.10,0.00,0,0,0,0,0,0,5,1,0,1,0,0,0,0,1,0,0,
26-06-2025,FAP,VESSEL,INVERTER,14,430,17,4,11,2,0,4.00,3.67,0.20,0.00,4,0,0,0,0,0,7,0,0,1,1,2,0,0,2,0,0,
26-07-2022,FEID,VESSEL,INVERTER,14,102,14,0,13,1,0,0.00,4.33,0.10,0.00,0,0,0,0,0,0,8,0,0,3,2,0,0,0,1,0,0,
26-07-2022,FEA NJ,VESSEL,INVERTER,9,425,24,6,4,14,0,6.00,1.33,1.40,0.00,0,0,0,3,3,0,1,2,0,1,0,0,0,0,14,0,0,
26-07-2022,FEA NJ,AIRCRAFT,INVERTER,1,60,5,5,0,0,0,5.00,0.00,0.00,0.00,0,0,0,5,0,0,0,0,0,0,0,0,0,0,0,0,0,
26-07-2024,FEA NJ,VESSEL,INVERTER,2,160,3,2,1,0,0,2.00,0.33,0.00,0.00,0,0,0,0,2,0,1,0,0,0,0,0,0,0,0,0,0,
26-07-2024,FEK,VESSEL,INVERTER,5,114,18,0,4,14,0,0.00,1.33,1.40,0.00,0,0,0,0,0,0,0,0,0,3,0,1,0,0,14,0,0,
26-07-2024,FEI,AIRCRAFT,INVERTER,1,8,1,0,1,0,0,0.00,0.33,0.00,0.00,0,0,0,0,0,0,0,0,0,0,0,1,0,0,0,0,0,
26-08-2022,FEA,AIRCRAFT,TEMPERATURE CONTROL,6,950,12,0,12,0,0,0.00,1.60,0.00,0.00,0,0,0,0,0,0,3,0,1,0,0,0,6,2,0,0,0,
26-08-2022,FAP,COURIER,TEMPERATURE CONTROL,1,5,1,0,1,0,0,0.00,0.03,0.00,0.00,0,0,0,0,0,0,0,0,0,0,0,0,1,0,0,0,0,
26-08-2024,FEA,VESSEL,TEMPERATURE CONTROL,3,458,5,0,5,0,0,0.00,1.37,0.00,0.00,0,0,0,0,0,0,2,0,2,0,0,0,1,0,0,0,0,
26-08-2024,FAP,AIRCRAFT,INVERTER,2,56,4,2,2,0,0,2.00,0.67,0.00,0.00,1,1,0,0,0,0,0,0,0,1,0,1,0,0,0,0,0,
26-08-2024,FEI,VESSEL,INVERTER,9,189,19,7,4,8,0,7.00,1.33,0.80,0.00,0,7,0,0,0,0,2,0,0,0,1,1,0,0,8,0,0,
26-08-2025,FEA NJ,VESSEL,INVERTER,2,485,58,21,0,37,0,21.00,0.00,3.70,0.00,0,0,0,20,1,0,0,0,0,0,0,0,0,0,37,0,0,
26-09-2022,FEF,AIRCRAFT,TEMPERATURE CONTROL,7,488,12,0,12,0,0,0.00,1.00,0.00,0.00,0,0,0,0,0,0,0,0,2,0,0,0,7,3,0,0,0,
26-09-2022,FAP,VESSEL,INVERTER,1,4,4,0,0,4,0,0.00,0.00,0.40,0.00,0,0,0,0,0,0,0,0,0,0,0,0,0,0,4,0,0,
26-09-2023,FEI,VESSEL,INVERTER,51,6352,298,77,28,193,0,77.00,9.33,19.30,0.00,71,4,2,0,0,0,5,5,0,6,5,7,0,0,193,0,0,
26-09-2023,FEID,VESSEL,INVERTER,18,264,18,0,16,2,0,0.00,5.33,0.20,0.00,0,0,0,0,0,0,7,5,0,1,1,2,0,0,2,0,0,
26-09-2023,FEI,VESSEL,INVERTER,1,128,4,3,1,0,0,3.00,0.33,0.00,0.00,0,3,0,0,0,0,0,0,0,0,0,1,0,0,0,0,0,
26-09-2023,FEA NJ,VESSEL,INVERTER,9,593,41,15,6,20,0,15.00,2.00,2.00,0.00,0,0,0,3,12,0,1,0,0,1,2,2,0,0,20,0,0,
26-09-2024,FAP,VESSEL,INVERTER,17,348,58,9,14,35,0,9.00,4.67,3.50,0.00,1,7,1,0,0,0,1,4,0,2,3,4,0,0,35,0,0,
26-09-2024,FEI,AIRCRAFT,INVERTER,1,6,1,0,1,0,0,0.00,0.33,0.00,0.00,0,0,0,0,0,0,0,1,0,0,0,0,0,0,0,0,0,
26-09-2025,FEI,AIRCRAFT,INVERTER,3,80,8,4,4,0,0,4.00,1.33,0.00,0.00,0,4,0,0,0,0,0,2,0,0,1,1,0,0,0,0,0,
26-09-2025,FAP,VESSEL,INVERTER,18,178,24,5,15,4,0,5.00,5.00,0.40,0.00,1,4,0,0,0,0,6,3,0,1,1,4,0,0,4,0,0,
26-10-2022,FAP,VESSEL,INVERTER,16,399,18,3,14,1,0,3.00,4.67,0.10,0.00,1,2,0,0,0,0,6,1,0,4,0,3,0,0,1,0,0,
26-10-2022,FEA IDEC,COURIER,INVERTER,1,2,1,0,1,0,0,0.00,0.33,0.00,0.00,0,0,0,0,0,0,1,0,0,0,0,0,0,0,0,0,0,
26-10-2023,FAP,VESSEL,INVERTER,28,346,53,1,20,32,0,1.00,6.67,3.20,0.00,0,1,0,0,0,0,1,1,0,0,6,12,0,0,32,0,0,
26-10-2023,FETW,VESSEL,INVERTER,3,168,3,1,2,0,0,1.00,0.67,0.00,0.00,1,0,0,0,0,0,0,0,0,1,0,1,0,0,0,0,0,
26-11-2024,FEI,VESSEL,INVERTER,3,105,6,0,5,1,0,0.00,1.67,0.10,0.00,0,0,0,0,0,0,0,0,0,0,2,3,0,0,1,0,0,
26-11-2024,FET,TRUCK,TEMPERATURE CONTROL,2,12,2,0,2,0,0,0.00,0.07,0.00,0.00,0,0,0,0,0,0,0,0,0,0,0,0,2,0,0,0,0,
26-11-2025,FEK,AIRCRAFT,INVERTER,1,10,1,0,1,0,0,0.00,0.33,0.00,0.00,0,0,0,0,0,0,0,1,0,0,0,0,0,0,0,0,0,
26-11-2025,FAP,VESSEL,INVERTER,25,748,50,20,13,17,0,20.00,4.33,1.70,0.00,2,14,4,0,0,0,0,0,3,0,5,5,0,0,17,0,0,
26-12-2022,FETW,AIRCRAFT,TEMPERATURE CONTROL,9,435,11,0,11,0,0,0.00,1.57,0.00,0.00,0,0,0,0,0,0,2,0,2,0,0,0,4,3,0,0,0,
26-12-2023,FEA NJ,VESSEL,INVERTER,3,27,26,0,1,25,0,0.00,0.33,2.50,0.00,0,0,0,0,0,0,1,0,0,0,0,0,0,0,25,0,0,
26-12-2023,FEI,VESSEL,INVERTER,1,4,4,0,0,4,0,0.00,0.00,0.40,0.00,0,0,0,0,0,0,0,0,0,0,0,0,0,0,4,0,0,
26-12-2024,FEE,VESSEL,INVERTER,1,145,145,0,0,145,0,0.00,0.00,14.50,0.00,0,0,0,0,0,0,0,0,0,0,0,0,0,0,145,0,0,
26-12-2024,FEI,VESSEL,INVERTER,1,198,2,1,1,0,0,1.00,0.33,0.00,0.00,1,0,0,0,0,0,0,0,0,0,0,1,0,0,0,0,0,
26-12-2025,FAP,COURIER,INVERTER,1,1,1,0,1,0,0,0.00,0.03,0.00,0.00,0,0,0,0,0,0,0,0,0,0,0,0,1,0,0,0,0,
27-01-2022,FEE,VESSEL,INVERTER,10,1165,38,17,7,14,0,17.00,2.33,1.40,0.00,0,0,0,17,0,0,2,0,0,1,1,3,0,0,14,0,0,
27-01-2022,FAP,VESSEL,INVERTER,16,196,31,4,15,12,0,4.00,5.00,1.20,0.00,2,1,1,0,0,0,7,1,0,1,1,5,0,0,12,0,0,
27-01-2022,FEE,VESSEL,INVERTER,19,1219,55,26,12,17,0,26.00,4.00,1.70,0.00,0,0,0,21,5,0,2,3,0,4,0,3,0,0,17,0,0,
27-01-2023,FEI,AIRCRAFT,TEMPERATURE CONTROL,1,162,2,0,2,0,0,0.00,0.37,0.00,0.00,0,0,0,0,0,0,0,0,1,0,0,0,0,1,0,0,0,
27-01-2023,FEA,AIRCRAFT,TEMPERATURE CONTROL,11,789,17,0,17,0,0,0.00,1.77,0.00,0.00,0,0,0,0,0,0,0,0,4,0,0,0,8,5,0,0,0,
27-01-2023,FAP,VESSEL,INVERTER,4,29,12,1,1,10,0,1.00,0.33,1.00,0.00,0,1,0,0,0,0,1,0,0,0,0,0,0,0,10,0,0,
27-01-2023,FEI,VESSEL,TEMPERATURE CONTROL,11,1345,14,1,13,0,0,1.00,1.63,0.00,0.00,1,0,0,0,0,0,0,0,4,0,0,0,8,1,0,0,0,
27-02-2023,FEI,VESSEL,INVERTER,19,691,36,7,14,15,0,7.00,4.67,1.50,0.00,6,1,0,0,0,0,5,1,0,1,5,2,0,0,15,0,0,
27-02-2023,FEID,VESSEL,INVERTER,12,51,12,0,12,0,0,0.00,4.00,0.00,0.00,0,0,0,0,0,0,6,5,0,0,1,0,0,0,0,0,0,
27-02-2023,FEI,VESSEL,INVERTER,24,1314,41,17,20,4,0,17.00,6.67,0.40,0.00,12,5,0,0,0,0,8,3,0,0,4,5,0,0,4,0,0,
27-02-2023,FEI,VESSEL,TEMPERATURE CONTROL,12,259,14,0,14,0,0,0.00,1.07,0.00,0.00,0,0,0,0,0,0,0,0,2,0,0,0,9,3,0,0,0,
27-02-2024,FEID,VESSEL,INVERTER,2,2,2,0,0,2,0,0.00,0.00,0.20,0.00,0,0,0,0,0,0,0,0,0,0,0,0,0,0,2,0,0,
27-02-2024,FEA NJ,VESSEL,INVERTER,4,144,9,3,2,4,0,3.00,0.67,0.40,0.00,0,0,0,2,1,0,0,0,0,1,0,1,0,0,4,0,0,
27-02-2024,FEA,VESSEL,TEMPERATURE CONTROL,8,662,8,0,8,0,0,0.00,2.37,0.00,0.00,0,0,0,0,0,0,4,0,3,0,0,0,1,0,0,0,0,
27-02-2024,FEA NJ,VESSEL,INVERTER,7,157,18,1,2,15,0,1.00,0.67,1.50,0.00,0,0,0,1,0,0,1,1,0,0,0,0,0,0,15,0,0,
27-02-2024,FEF,AIRCRAFT,TEMPERATURE CONTROL,10,93,11,0,11,0,0,0.00,0.37,0.00,0.00,0,0,0,0,0,0,0,0,0,0,0,0,11,0,0,0,0,
27-02-2024,FEID,VESSEL,INVERTER,12,30,16,0,7,9,0,0.00,2.33,0.90,0.00,0,0,0,0,0,0,7,0,0,0,0,0,0,0,9,0,0,
27-02-2024,FEA NJ,VESSEL,INVERTER,4,28,28,0,0,28,0,0.00,0.00,2.80,0.00,0,0,0,0,0,0,0,0,0,0,0,0,0,0,28,0,0,
27-02-2025,FAP,VESSEL,INVERTER,17,190,19,3,16,0,0,3.00,5.33,0.00,0.00,2,1,0,0,0,0,8,3,0,2,0,3,0,0,0,0,0,
27-03-2023,FEI,VESSEL,INVERTER,22,554,102,4,13,85,0,4.00,4.33,8.50,0.00,0,3,1,0,0,0,2,1,0,3,6,1,0,0,85,0,0,
27-03-2023,FAP,AIRCRAFT,INVERTER,13,51,22,1,3,18,0,1.00,1.00,1.80,0.00,0,0,1,0,0,0,2,0,0,0,1,0,0,0,18,0,0,
27-03-2023,FETW,AIRCRAFT,INVERTER,1,257,5,4,1,0,0,4.00,0.33,0.00,0.00,0,3,1,0,0,0,0,0,0,0,1,0,0,0,0,0,0,
27-03-2023,FEA,COURIER,TEMPERATURE CONTROL,5,634,9,0,9,0,0,0.00,1.50,0.00,0.00,0,0,0,0,0,0,1,0,3,0,0,0,3,2,0,0,0,
27-03-2023,FEA,VESSEL,TEMPERATURE CONTROL,1,104,3,0,3,0,0,0.00,0.10,0.00,0.00,0,0,0,0,0,0,0,0,0,0,0,0,2,1,0,0,0,
27-03-2023,FEI,VESSEL,TEMPERATURE CONTROL,8,1176,12,1,11,0,0,1.00,0.97,0.00,0.00,1,0,0,0,0,0,1,0,1,0,0,0,7,2,0,0,0,
27-03-2023,FEA,AIRCRAFT,TEMPERATURE CONTROL,1,78,1,0,1,0,0,0.00,0.33,0.00,0.00,0,0,0,0,0,0,1,0,0,0,0,0,0,0,0,0,0,
27-03-2025,FEI,VESSEL,INVERTER,1,2760,45,22,1,22,0,22.00,0.33,2.20,0.00,19,3,0,0,0,0,0,0,0,1,0,0,0,0,22,0,0,
27-03-2025,FAP,VESSEL,INVERTER,20,385,40,5,13,22,0,5.00,4.33,2.20,0.00,0,4,1,0,0,0,4,3,0,2,4,0,0,0,22,0,0,
27-04-2022,FEI,AIRCRAFT,INVERTER,3,5,5,0,0,5,0,0.00,0.00,0.50,0.00,0,0,0,0,0,0,0,0,0,0,0,0,0,0,5,0,0,
27-04-2022,FAP,VESSEL,INVERTER,34,873,46,11,30,5,0,11.00,10.00,0.50,0.00,3,6,2,0,0,0,7,6,0,3,7,7,0,0,5,0,0,
27-04-2023,FEI,VESSEL,TEMPERATURE CONTROL,11,1926,18,1,17,0,0,1.00,2.97,0.00,0.00,1,0,0,0,0,0,1,0,7,0,0,0,7,2,0,0,0,
27-04-2023,FAP,VESSEL,INVERTER,13,133,22,2,10,10,0,2.00,3.33,1.00,0.00,0,1,1,0,0,0,3,3,0,1,2,1,0,0,10,0,0,
27-05-2024,FEF,AIRCRAFT,TEMPERATURE CONTROL,1,8,1,0,1,0,0,0.00,0.03,0.00,0.00,0,0,0,0,0,0,0,0,0,0,0,0,1,0,0,0,0,
27-05-2025,FEA NJ,VESSEL,INVERTER,1,51,1,0,1,0,0,0.00,0.33,0.00,0.00,0,0,0,0,0,0,0,0,0,0,1,0,0,0,0,0,0,
27-06-2022,FEF,AIRCRAFT,TEMPERATURE CONTROL,9,483,11,0,11,0,0,0.00,1.57,0.00,0.00,0,0,0,0,0,0,1,0,2,1,0,0,6,1,0,0,0,
27-06-2022,FEI,AIRCRAFT,TEMPERATURE CONTROL,8,496,12,0,12,0,0,0.00,1.30,0.00,0.00,0,0,0,0,0,0,1,0,2,0,0,0,5,4,0,0,0,
27-06-2022,FEI,VESSEL,TEMPERATURE CONTROL,2,63,3,0,3,0,0,0.00,0.10,0.00,0.00,0,0,0,0,0,0,0,0,0,0,0,0,1,2,0,0,0,
27-06-2022,FEI,VESSEL,INVERTER,20,1828,90,32,8,50,0,32.00,2.67,5.00,0.00,27,4,1,0,0,0,4,0,0,1,1,2,0,0,50,0,0,
27-06-2023,FEA NJ,VESSEL,INVERTER,20,1091,40,24,16,0,0,24.00,5.33,0.00,0.00,0,0,0,9,12,3,6,2,0,3,3,2,0,0,0,0,0,
27-06-2023,FEA TWMC,AIRCRAFT,INVERTER,4,79,79,0,0,79,0,0.00,0.00,7.90,0.00,0,0,0,0,0,0,0,0,0,0,0,0,0,0,79,0,0,
27-06-2023,FEE,AIRCRAFT,INVERTER,43,1617,356,50,35,271,0,50.00,11.67,27.10,0.00,0,0,0,34,16,0,5,6,0,3,4,17,0,0,271,0,0,
27-06-2023,FEA TWMC,AIRCRAFT,INVERTER,4,38,38,0,0,38,0,0.00,0.00,3.80,0.00,0,0,0,0,0,0,0,0,0,0,0,0,0,0,38,0,0,
27-06-2023,FEA NJ AID,AIRCRAFT,INVERTER,4,25,25,0,0,25,0,0.00,0.00,2.50,0.00,0,0,0,0,0,0,0,0,0,0,0,0,0,0,25,0,0,
27-06-2023,FEA NJ,AIRCRAFT,INVERTER,3,70,5,3,2,0,0,3.00,0.67,0.00,0.00,0,0,0,2,1,0,1,0,0,0,1,0,0,0,0,0,0,
27-06-2024,FEI,VESSEL,INVERTER,9,236,15,1,9,5,0,1.00,3.00,0.50,0.00,0,1,0,0,0,0,4,0,0,0,3,2,0,0,5,0,0,
27-06-2024,FEI,VESSEL,TEMPERATURE CONTROL,5,790,8,0,8,0,0,0.00,1.77,0.00,0.00,0,0,0,0,0,0,0,4,1,0,0,0,0,3,0,0,0,
27-06-2024,FAP,VESSEL,INVERTER,17,440,23,1,16,6,0,1.00,5.33,0.60,0.00,1,0,0,0,0,0,4,2,0,2,1,7,0,0,6,0,0,
27-06-2025,FEI,VESSEL,INVERTER,4,607,15,10,2,3,0,10.00,0.67,0.30,0.00,6,4,0,0,0,0,1,0,0,1,0,0,0,0,3,0,0,
27-06-2025,FAP,AIRCRAFT,INVERTER,3,5,3,0,3,0,0,0.00,1.00,0.00,0.00,0,0,0,0,0,0,3,0,0,0,0,0,0,0,0,0,0,
27-07-2023,FEI,VESSEL,TEMPERATURE CONTROL,5,437,9,0,9,0,0,0.00,1.50,0.00,0.00,0,0,0,0,0,0,1,0,3,0,0,0,5,0,0,0,0,
27-07-2023,FEC,VESSEL,TEMPERATURE CONTROL,13,10715,43,12,31,0,0,12.00,6.73,0.00,0.00,12,0,0,0,0,0,2,0,17,0,0,0,5,7,0,0,0,
27-07-2023,FAP,VESSEL,INVERTER,46,432,88,1,27,60,0,1.00,9.00,6.00,0.00,1,0,0,0,0,0,11,1,0,4,6,5,0,0,60,0,0,
27-08-2024,FEA NJ,VESSEL,INVERTER,7,667,15,7,4,4,0,7.00,1.33,0.40,0.00,0,0,0,6,1,0,0,1,0,0,1,2,0,0,4,0,0,
27-08-2024,FEK,VESSEL,INVERTER,8,19,11,0,8,3,0,0.00,2.67,0.30,0.00,0,0,0,0,0,0,0,5,0,3,0,0,0,0,3,0,0,
27-08-2024,FEA Nakano,VESSEL,INVERTER,1,2,2,0,0,2,0,0.00,0.00,0.20,0.00,0,0,0,0,0,0,0,0,0,0,0,0,0,0,2,0,0,
27-08-2024,FEID,VESSEL,INVERTER,9,75,12,0,8,4,0,0.00,2.67,0.40,0.00,0,0,0,0,0,0,6,0,0,2,0,0,0,0,4,0,0,
27-08-2025,FEI,VESSEL,INVERTER,1,7,1,0,1,0,0,0.00,0.33,0.00,0.00,0,0,0,0,0,0,0,0,0,0,1,0,0,0,0,0,0,
27-09-2022,FEA TWMC,VESSEL,INVERTER,7,59,36,1,4,31,0,1.00,1.33,3.10,0.00,0,0,0,0,1,0,0,1,0,0,2,1,0,0,31,0,0,
27-09-2022,FEI,VESSEL,INVERTER,1,2,2,0,0,2,0,0.00,0.00,0.20,0.00,0,0,0,0,0,0,0,0,0,0,0,0,0,0,2,0,0,
27-09-2022,FEA NJ,VESSEL,INVERTER,18,1029,66,19,11,36,0,19.00,3.67,3.60,0.00,0,0,0,8,11,0,0,4,0,0,3,4,0,0,36,0,0,
27-09-2022,FEA NJ,AIRCRAFT,INVERTER,1,35,1,0,1,0,0,0.00,0.33,0.00,0.00,0,0,0,0,0,0,0,0,0,0,1,0,0,0,0,0,0,
27-09-2023,FEV,AIRCRAFT,TEMPERATURE CONTROL,1,2,1,0,1,0,0,0.00,0.03,0.00,0.00,0,0,0,0,0,0,0,0,0,0,0,0,1,0,0,0,0,
27-09-2023,FEI,VESSEL,INVERTER,2,230,3,2,1,0,0,2.00,0.33,0.00,0.00,0,2,0,0,0,0,0,1,0,0,0,0,0,0,0,0,0,
27-09-2023,FEI,VESSEL,TEMPERATURE CONTROL,4,545,7,0,7,0,0,0.00,0.23,0.00,0.00,0,0,0,0,0,0,0,0,0,0,0,0,1,6,0,0,0,
27-09-2023,FETW,AIRCRAFT,INVERTER,7,1829,21,16,5,0,0,16.00,1.67,0.00,0.00,5,8,3,0,0,0,1,1,0,1,0,2,0,0,0,0,0,
27-10-2022,FETW,AIRCRAFT,TEMPERATURE CONTROL,3,381,5,0,5,0,0,0.00,0.77,0.00,0.00,0,0,0,0,0,0,1,0,1,0,0,0,3,0,0,0,0,
27-10-2023,FAP,VESSEL,INVERTER,26,148,26,0,25,1,0,0.00,8.33,0.10,0.00,0,0,0,0,0,0,14,4,0,6,0,1,0,0,1,0,0,
27-11-2023,FEF,AIRCRAFT,TEMPERATURE CONTROL,5,139,6,0,6,0,0,0.00,0.80,0.00,0.00,0,0,0,0,0,0,2,0,0,0,0,0,4,0,0,0,0,
27-11-2023,FAP,AIRCRAFT,INVERTER,1,1,1,0,0,1,0,0.00,0.00,0.10,0.00,0,0,0,0,0,0,0,0,0,0,0,0,0,0,1,0,0,
27-11-2023,FETW,AIRCRAFT,INVERTER,6,206,8,3,5,0,0,3.00,1.67,0.00,0.00,1,1,1,0,0,0,1,0,0,1,1,2,0,0,0,0,0,
27-11-2024,FEK,VESSEL,INVERTER,2,23,11,0,3,8,0,0.00,1.00,0.80,0.00,0,0,0,0,0,0,1,1,0,0,0,1,0,0,8,0,0,
27-11-2024,FEA NJ,VESSEL,INVERTER,1,67,34,1,1,32,0,1.00,0.33,3.20,0.00,0,0,0,1,0,0,0,0,0,0,0,1,0,0,32,0,0,
27-11-2024,FEID,VESSEL,INVERTER,14,143,16,0,12,4,0,0.00,4.00,0.40,0.00,0,0,0,0,0,0,6,1,0,2,1,2,0,0,4,0,0,
27-11-2025,FEI,VESSEL,INVERTER,3,682,32,4,0,28,0,4.00,0.00,2.80,0.00,3,1,0,0,0,0,0,0,0,0,0,0,0,0,28,0,0,
27-12-2022,FEA NJ,VESSEL,INVERTER,13,922,34,8,9,17,0,8.00,3.00,1.70,0.00,0,0,0,6,2,0,4,1,0,0,1,3,0,0,17,0,0,
27-12-2022,FEA NJ,AIRCRAFT,INVERTER,1,4,4,0,0,4,0,0.00,0.00,0.40,0.00,0,0,0,0,0,0,0,0,0,0,0,0,0,0,4,0,0,
27-12-2022,FEA NJ,VESSEL,INVERTER,5,28,28,0,0,28,0,0.00,0.00,2.80,0.00,0,0,0,0,0,0,0,0,0,0,0,0,0,0,28,0,0,
27-12-2022,FEA NJ AID,AIRCRAFT,INVERTER,1,8,8,0,0,8,0,0.00,0.00,0.80,0.00,0,0,0,0,0,0,0,0,0,0,0,0,0,0,8,0,0,
27-12-2022,FEA TWMC,VESSEL,INVERTER,4,16,10,0,2,8,0,0.00,0.67,0.80,0.00,0,0,0,0,0,0,0,1,0,0,1,0,0,0,8,0,0,
27-12-2023,FEI,VESSEL,TEMPERATURE CONTROL,6,237,7,0,7,0,0,0.00,0.53,0.00,0.00,0,0,0,0,0,0,0,0,1,0,0,0,5,1,0,0,0,
27-12-2023,FEI,VESSEL,INVERTER,14,1687,40,21,7,12,0,21.00,2.33,1.20,0.00,19,1,1,0,0,0,3,0,0,0,2,2,0,0,12,0,0,
27-12-2023,FEA NJ,VESSEL,INVERTER,1,1,1,0,0,1,0,0.00,0.00,0.10,0.00,0,0,0,0,0,0,0,0,0,0,0,0,0,0,1,0,0,
28-01-2022,FEJP,AIRCRAFT,TEMPERATURE CONTROL,1,78,2,0,2,0,0,0.00,0.67,0.00,0.00,0,0,0,0,0,0,2,0,0,0,0,0,0,0,0,0,0,
28-01-2022,FEE,AIRCRAFT,INVERTER,10,188,105,6,8,91,0,6.00,2.67,9.10,0.00,0,0,0,0,6,0,1,1,0,0,2,4,0,0,91,0,0,
28-01-2022,FEJP,AIRCRAFT,INVERTER,1,1,1,0,0,1,0,0.00,0.00,0.10,0.00,0,0,0,0,0,0,0,0,0,0,0,0,0,0,1,0,0,
28-01-2025,FEID,VESSEL,INVERTER,14,274,15,0,12,3,0,0.00,4.00,0.30,0.00,0,0,0,0,0,0,3,2,0,2,2,3,0,0,3,0,0,
28-01-2025,FEI,VESSEL,INVERTER,1,2,2,0,0,2,0,0.00,0.00,0.20,0.00,0,0,0,0,0,0,0,0,0,0,0,0,0,0,2,0,0,
28-02-2022,FEI,VESSEL,TEMPERATURE CONTROL,2,446,7,0,7,0,0,0.00,2.03,0.00,0.00,0,0,0,0,0,0,1,0,5,0,0,0,0,1,0,0,0,
28-02-2022,FEC,AIRCRAFT,TEMPERATURE CONTROL,1,379,1,1,0,0,0,1.00,0.00,0.00,0.00,1,0,0,0,0,0,0,0,0,0,0,0,0,0,0,0,0,
28-02-2023,FEA NJ AID,AIRCRAFT,INVERTER,2,6,6,0,0,6,0,0.00,0.00,0.60,0.00,0,0,0,0,0,0,0,0,0,0,0,0,0,0,6,0,0,
28-02-2023,FEA NJ AID,VESSEL,INVERTER,7,48,48,0,0,48,0,0.00,0.00,4.80,0.00,0,0,0,0,0,0,0,0,0,0,0,0,0,0,48,0,0,
28-02-2023,FEA NJ,VESSEL,INVERTER,14,468,27,7,8,12,0,7.00,2.67,1.20,0.00,0,0,0,2,5,0,3,1,0,1,0,3,0,0,12,0,0,
28-02-2023,FEF,VESSEL,TEMPERATURE CONTROL,1,30,1,0,1,0,0,0.00,0.03,0.00,0.00,0,0,0,0,0,0,0,0,0,0,0,0,0,1,0,0,0,
28-02-2023,FEF,AIRCRAFT,TEMPERATURE CONTROL,12,532,16,0,16,0,0,0.00,3.23,0.00,0.00,0,0,0,0,0,0,7,0,2,0,0,0,4,3,0,0,0,
28-02-2023,FEI,VESSEL,INVERTER,32,894,73,14,27,32,0,14.00,9.00,3.20,0.00,7,5,2,0,0,0,8,5,0,4,5,5,0,0,32,0,0,
28-02-2023,FEA,COURIER,TEMPERATURE CONTROL,13,573,23,0,23,0,0,0.00,1.67,0.00,0.00,0,0,0,0,0,0,0,0,3,0,0,0,16,4,0,0,0,
28-02-2024,FEE,AIRCRAFT,INVERTER,46,2364,249,55,49,145,0,55.00,16.33,14.50,0.00,0,0,0,41,14,0,3,2,0,2,5,37,0,0,145,0,0,
28-03-2022,FEF,AIRCRAFT,TEMPERATURE CONTROL,10,119,14,0,14,0,0,0.00,2.57,0.00,0.00,0,0,0,0,0,0,6,0,0,1,0,0,6,1,0,0,0,
28-03-2022,FEI,VESSEL,INVERTER,10,2976,47,36,7,4,0,36.00,2.33,0.40,0.00,27,9,0,0,0,0,3,1,0,0,1,2,0,0,4,0,0,
28-03-2022,FEI,AIRCRAFT,INVERTER,10,545,17,10,4,3,0,10.00,1.33,0.30,0.00,8,1,1,0,0,0,0,1,0,0,0,3,0,0,3,0,0,
28-03-2022,FETW,VESSEL,TEMPERATURE CONTROL,1,134,2,0,2,0,0,0.00,0.67,0.00,0.00,0,0,0,0,0,0,1,0,1,0,0,0,0,0,0,0,0,
28-03-2022,FETW,AIRCRAFT,TEMPERATURE CONTROL,3,106,4,0,4,0,0,0.00,0.43,0.00,0.00,0,0,0,0,0,0,1,0,0,0,0,0,2,1,0,0,0,
28-03-2023,FEA NJ,AIRCRAFT,INVERTER,2,6,6,0,0,6,0,0.00,0.00,0.60,0.00,0,0,0,0,0,0,0,0,0,0,0,0,0,0,6,0,0,
28-03-2023,FEA NJ,VESSEL,INVERTER,11,543,20,9,8,3,0,9.00,2.67,0.30,0.00,0,0,0,7,2,0,2,0,0,0,1,5,0,0,3,0,0,
28-03-2023,FEF,AIRCRAFT,TEMPERATURE CONTROL,5,78,8,0,8,0,0,0.00,0.27,0.00,0.00,0,0,0,0,0,0,0,0,0,0,0,0,8,0,0,0,0,
28-03-2023,FEA NJ AID,VESSEL,INVERTER,3,4,3,0,1,2,0,0.00,0.33,0.20,0.00,0,0,0,0,0,0,0,0,0,1,0,0,0,0,2,0,0,
28-03-2023,FEA NJ AID,AIRCRAFT,INVERTER,1,1,1,0,0,1,0,0.00,0.00,0.10,0.00,0,0,0,0,0,0,0,0,0,0,0,0,0,0,1,0,0,
28-03-2023,FEA NJ,COURIER,INVERTER,1,28,1,1,0,0,0,1.00,0.00,0.00,0.00,0,0,0,0,1,0,0,0,0,0,0,0,0,0,0,0,0,
28-03-2023,WuXi,AIRCRAFT,TEMPERATURE CONTROL,1,30,5,0,5,0,0,0.00,1.67,0.00,0.00,0,0,0,0,0,0,5,0,0,0,0,0,0,0,0,0,0,
28-03-2024,FEI,VESSEL,INVERTER,18,3549,102,26,7,69,0,26.00,2.33,6.90,0.00,16,10,0,0,0,0,2,0,0,1,1,3,0,0,69,0,0,
28-03-2024,FEI,VESSEL,TEMPERATURE CONTROL,3,116,6,0,6,0,0,0.00,0.20,0.00,0.00,0,0,0,0,0,0,0,0,0,0,0,0,4,2,0,0,0,
28-03-2024,FAP,VESSEL,INVERTER,24,152,48,5,21,22,0,5.00,7.00,2.20,0.00,2,3,0,0,0,0,1,0,0,3,10,7,0,0,22,0,0,
28-04-2022,FEID,VESSEL,INVERTER,5,56,6,0,6,0,0,0.00,2.00,0.00,0.00,0,0,0,0,0,0,2,2,0,0,1,1,0,0,0,0,0,
28-04-2022,FEE,AIRCRAFT,INVERTER,11,423,43,9,7,27,0,9.00,2.33,2.70,0.00,0,0,0,8,1,0,1,0,0,4,1,1,0,0,27,0,0,
28-04-2023,FEE,VESSEL,INVERTER,23,874,78,0,11,43,24,0.00,3.67,4.30,12.00,0,0,0,0,0,0,3,2,0,2,0,4,0,0,43,0,24,
28-04-2023,FEE,AIRCRAFT,INVERTER,14,350,28,6,12,10,0,6.00,4.00,1.00,0.00,0,0,0,3,3,0,4,3,0,1,2,2,0,0,10,0,0,
28-05-2024,FEA NJ,VESSEL,INVERTER,3,124,3,0,3,0,0,0.00,1.00,0.00,0.00,0,0,0,0,0,0,1,0,0,1,1,0,0,0,0,0,0,
28-05-2024,FEID,VESSEL,INVERTER,6,31,6,0,6,0,0,0.00,2.00,0.00,0.00,0,0,0,0,0,0,3,0,0,2,0,1,0,0,0,0,0,
28-06-2022,FAP,COURIER,INVERTER,1,1,1,0,1,0,0,0.00,0.33,0.00,0.00,0,0,0,0,0,0,1,0,0,0,0,0,0,0,0,0,0,
28-06-2022,FEID,AIRCRAFT,INVERTER,1,3,1,0,1,0,0,0.00,0.33,0.00,0.00,0,0,0,0,0,0,1,0,0,0,0,0,0,0,0,0,0,
28-06-2022,FEID,VESSEL,INVERTER,9,40,9,0,8,1,0,0.00,2.67,0.10,0.00,0,0,0,0,0,0,5,2,0,1,0,0,0,0,1,0,0,
28-06-2022,FEA NJ,VESSEL,INVERTER,13,307,94,6,5,83,0,6.00,1.67,8.30,0.00,0,0,0,0,4,2,2,0,0,0,1,2,0,0,83,0,0,
28-06-2022,FEE,AIRCRAFT,INVERTER,1,4,4,0,0,4,0,0.00,0.00,0.40,0.00,0,0,0,0,0,0,0,0,0,0,0,0,0,0,4,0,0,
28-06-2022,FEA NJ,AIRCRAFT,INVERTER,1,1,1,0,0,1,0,0.00,0.00,0.10,0.00,0,0,0,0,0,0,0,0,0,0,0,0,0,0,1,0,0,
28-06-2022,FEE,VESSEL,INVERTER,11,239,27,0,10,10,7,0.00,3.33,1.00,3.50,0,0,0,0,0,0,0,3,0,0,2,5,0,0,10,0,7,
28-06-2023,FEID,VESSEL,INVERTER,35,122,38,0,28,10,0,0.00,9.33,1.00,0.00,0,0,0,0,0,0,18,3,0,2,2,3,0,0,10,0,0,
28-06-2023,FETW,VESSEL,INVERTER,5,692,14,10,4,0,0,10.00,1.33,0.00,0.00,7,3,0,0,0,0,0,2,0,0,1,1,0,0,0,0,0,
28-08-2023,FEF,AIRCRAFT,TEMPERATURE CONTROL,4,263,5,0,5,0,0,0.00,0.47,0.00,0.00,0,0,0,0,0,0,1,0,0,0,0,0,3,1,0,0,0,
28-08-2023,FEID,AIRCRAFT,TEMPERATURE CONTROL,6,353,8,0,8,0,0,0.00,1.77,0.00,0.00,0,0,0,0,0,0,2,0,3,0,0,0,3,0,0,0,0,
28-08-2024,FETW,VESSEL,INVERTER,4,196,8,3,3,2,0,3.00,1.00,0.20,0.00,1,2,0,0,0,0,2,0,0,0,1,0,0,0,2,0,0,
28-08-2025,FAP,VESSEL,INVERTER,8,351,26,13,13,0,0,13.00,4.33,0.00,0.00,11,2,0,0,0,0,0,1,0,1,3,8,0,0,0,0,0,
28-08-2025,FEA NJ,VESSEL,INVERTER,3,776,16,15,1,0,0,15.00,0.33,0.00,0.00,0,0,0,13,2,0,0,0,0,0,1,0,0,0,0,0,0,
28-08-2025,FEI,AIRCRAFT,INVERTER,3,247,4,2,2,0,0,2.00,0.67,0.00,0.00,0,2,0,0,0,0,0,2,0,0,0,0,0,0,0,0,0,
28-09-2022,FEA FRE,VESSEL,INVERTER,1,1,1,0,0,1,0,0.00,0.00,0.10,0.00,0,0,0,0,0,0,0,0,0,0,0,0,0,0,1,0,0,
28-09-2023,FEE,AIRCRAFT,INVERTER,24,458,114,9,31,74,0,9.00,10.33,7.40,0.00,0,0,0,5,4,0,3,2,0,1,3,22,0,0,74,0,0,
28-09-2023,FEA NJ AID,AIRCRAFT,INVERTER,1,9,9,0,0,9,0,0.00,0.00,0.90,0.00,0,0,0,0,0,0,0,0,0,0,0,0,0,0,9,0,0,
28-09-2023,FAP,VESSEL,INVERTER,28,208,39,6,16,17,0,6.00,5.33,1.70,0.00,1,5,0,0,0,0,9,3,0,2,0,2,0,0,17,0,0,
28-10-2022,FEE,COURIER,INVERTER,7,205,16,9,7,0,0,9.00,2.33,0.00,0.00,0,0,0,0,9,0,1,3,0,0,1,2,0,0,0,0,0,
28-10-2022,FEE,VESSEL,INVERTER,40,2646,74,0,24,8,42,0.00,8.00,0.80,21.00,0,0,0,0,0,0,9,1,0,3,6,5,0,0,8,0,42,
28-10-2024,FEE,VESSEL,INVERTER,30,2741,194,0,1,129,64,0.00,0.33,12.90,32.00,0,0,0,0,0,0,0,0,0,0,0,1,0,0,129,0,64,
28-10-2024,FEID,VESSEL,INVERTER,9,154,10,0,10,0,0,0.00,3.33,0.00,0.00,0,0,0,0,0,0,4,2,0,1,2,1,0,0,0,0,0,
28-10-2025,FAP,VESSEL,INVERTER,21,1072,41,22,17,2,0,22.00,5.67,0.20,0.00,8,12,2,0,0,0,0,3,0,4,6,4,0,0,2,0,0,
28-11-2022,FEA,COURIER,TEMPERATURE CONTROL,6,633,7,0,7,0,0,0.00,2.33,0.00,0.00,0,0,0,0,0,0,5,0,2,0,0,0,0,0,0,0,0,
28-11-2022,FEE,VESSEL,INVERTER,1,15,15,0,0,15,0,0.00,0.00,1.50,0.00,0,0,0,0,0,0,0,0,0,0,0,0,0,0,15,0,0,
28-11-2022,FEK,VESSEL,VENDING MACHINE,1,2,2,0,0,2,0,0.00,0.00,2.00,0.00,0,0,0,0,0,0,0,0,0,0,0,0,0,0,0,2,0,
28-11-2023,FEID,VESSEL,INVERTER,20,223,25,0,15,10,0,0.00,5.00,1.00,0.00,0,0,0,0,0,0,2,4,0,6,1,2,0,0,10,0,0,
28-11-2023,FEA NJ,VESSEL,INVERTER,17,230,49,4,8,37,0,4.00,2.67,3.70,0.00,0,0,0,4,0,0,0,2,0,0,3,3,0,0,37,0,0,
28-11-2023,FEI,VESSEL,TEMPERATURE CONTROL,2,204,3,0,3,0,0,0.00,0.70,0.00,0.00,0,0,0,0,0,0,0,0,2,0,0,0,1,0,0,0,0,
28-11-2023,FEI,VESSEL,INVERTER,49,3180,176,48,38,90,0,48.00,12.67,9.00,0.00,27,20,1,0,0,0,3,6,0,6,9,14,0,0,90,0,0,
28-11-2023,FEA NJ,AIRCRAFT,INVERTER,1,8,8,0,0,8,0,0.00,0.00,0.80,0.00,0,0,0,0,0,0,0,0,0,0,0,0,0,0,8,0,0,
28-11-2024,FEE,AIRCRAFT,INVERTER,1,180,4,3,1,0,0,3.00,0.33,0.00,0.00,0,0,0,3,0,0,0,0,0,0,0,1,0,0,0,0,0,
28-11-2024,FAP,VESSEL,INVERTER,14,315,80,11,10,59,0,11.00,3.33,5.90,0.00,6,5,0,0,0,0,1,2,0,1,4,2,0,0,59,0,0,
28-11-2025,FEA NJ,VESSEL,INVERTER,1,81,3,0,1,2,0,0.00,0.33,0.20,0.00,0,0,0,0,0,0,0,0,0,0,1,0,0,0,2,0,0,
28-11-2025,FEE,AIRCRAFT,INVERTER,1,906,15,15,0,0,0,15.00,0.00,0.00,0.00,0,0,0,12,3,0,0,0,0,0,0,0,0,0,0,0,0,
28-11-2025,FEI,AIRCRAFT,INVERTER,1,114,5,1,1,3,0,1.00,0.33,0.30,0.00,0,1,0,0,0,0,0,0,0,1,0,0,0,0,3,0,0,
28-12-2022,FAP,VESSEL,INVERTER,3,142,7,5,2,0,0,5.00,0.67,0.00,0.00,3,2,0,0,0,0,1,0,0,1,0,0,0,0,0,0,0,
28-12-2022,FEF,VESSEL,TEMPERATURE CONTROL,1,4,1,0,1,0,0,0.00,0.03,0.00,0.00,0,0,0,0,0,0,0,0,0,0,0,0,1,0,0,0,0,
28-12-2022,FEF,AIRCRAFT,TEMPERATURE CONTROL,7,211,7,0,7,0,0,0.00,0.53,0.00,0.00,0,0,0,0,0,0,1,0,0,0,0,0,4,2,0,0,0,
28-12-2022,FAP,VESSEL,INVERTER,43,713,76,11,38,27,0,11.00,12.67,2.70,0.00,5,5,1,0,0,0,4,8,0,12,5,9,0,0,27,0,0,
28-12-2022,FEID,VESSEL,INVERTER,12,25,13,0,10,3,0,0.00,3.33,0.30,0.00,0,0,0,0,0,0,7,1,0,1,1,0,0,0,3,0,0,
28-12-2023,FEA NJ,AIRCRAFT,INVERTER,1,10,10,0,0,10,0,0.00,0.00,1.00,0.00,0,0,0,0,0,0,0,0,0,0,0,0,0,0,10,0,0,
29-01-2024,FEI,VESSEL,TEMPERATURE CONTROL,2,20,2,0,2,0,0,0.00,0.07,0.00,0.00,0,0,0,0,0,0,0,0,0,0,0,0,2,0,0,0,0,
29-01-2024,FEA TWMC,VESSEL,INVERTER,6,29,24,0,2,22,0,0.00,0.67,2.20,0.00,0,0,0,0,0,0,0,0,0,0,2,0,0,0,22,0,0,
29-01-2026,FEE,SEA,INVERTER,1,386,10,0,0,6,4,0.00,0.00,0.60,2.00,0,0,0,0,0,0,0,0,0,0,0,0,0,0,6,0,4,
29-01-2026,FEI,SEA,INVERTER,2,574,8,2,1,5,0,2.00,0.33,0.50,0.00,2,0,0,0,0,0,0,0,0,0,1,0,0,0,5,0,0,
29-01-2026,FEI,AIR,INVERTER,1,219,9,6,0,3,0,6.00,0.00,0.30,0.00,5,1,0,0,0,0,0,0,0,0,0,0,0,0,3,0,0,
29-02-2024,FEI,VESSEL,TEMPERATURE CONTROL,2,363,5,0,5,0,0,0.00,1.07,0.00,0.00,0,0,0,0,0,0,0,0,3,0,0,0,2,0,0,0,0,
29-02-2024,FAP,VESSEL,INVERTER,7,110,18,3,4,11,0,3.00,1.33,1.10,0.00,2,1,0,0,0,0,1,1,0,1,0,1,0,0,11,0,0,
29-02-2024,FEK,VESSEL,TEMPERATURE CONTROL,1,250,3,0,3,0,0,0.00,0.70,0.00,0.00,0,0,0,0,0,0,0,0,2,0,0,0,1,0,0,0,0,
29-03-2022,FEA NJ,VESSEL,INVERTER,8,782,43,15,2,26,0,15.00,0.67,2.60,0.00,0,0,0,6,9,0,1,0,0,1,0,0,0,0,26,0,0,
29-03-2022,FEE,AIRCRAFT,INVERTER,1,40,1,0,1,0,0,0.00,0.33,0.00,0.00,0,0,0,0,0,0,0,0,0,1,0,0,0,0,0,0,0,
29-03-2022,FEK,VESSEL,INVERTER,2,49,4,0,3,1,0,0.00,1.00,0.10,0.00,0,0,0,0,0,0,0,0,0,0,0,3,0,0,1,0,0,
29-03-2022,FEA NJ,AIRCRAFT,INVERTER,2,4,4,0,0,4,0,0.00,0.00,0.40,0.00,0,0,0,0,0,0,0,0,0,0,0,0,0,0,4,0,0,
29-03-2023,FAP,AIRCRAFT,INVERTER,13,21,17,0,6,11,0,0.00,2.00,1.10,0.00,0,0,0,0,0,0,3,0,0,0,3,0,0,0,11,0,0,
29-05-2023,FAP,AIRCRAFT,INVERTER,1,6,6,0,0,6,0,0.00,0.00,0.60,0.00,0,0,0,0,0,0,0,0,0,0,0,0,0,0,6,0,0,
29-05-2023,FEI,VESSEL,TEMPERATURE CONTROL,10,309,12,0,12,0,0,0.00,0.70,0.00,0.00,0,0,0,0,0,0,0,0,1,0,0,0,8,3,0,0,0,
29-05-2023,FETW,VESSEL,INVERTER,3,405,7,6,1,0,0,6.00,0.33,0.00,0.00,5,1,0,0,0,0,0,0,0,0,0,1,0,0,0,0,0,
29-05-2023,FEI,VESSEL,INVERTER,30,831,59,6,14,39,0,6.00,4.67,3.90,0.00,4,2,0,0,0,0,4,4,0,4,0,2,0,0,39,0,0,
29-05-2024,FEV,VESSEL,INVERTER,2,2,2,0,0,2,0,0.00,0.00,0.20,0.00,0,0,0,0,0,0,0,0,0,0,0,0,0,0,2,0,0,
29-05-2024,FEE,VESSEL,INVERTER,20,1641,79,0,11,33,35,0.00,3.67,3.30,17.50,0,0,0,0,0,0,3,2,0,4,1,1,0,0,33,0,35,
29-05-2024,FEE,AIRCRAFT,INVERTER,8,424,18,12,6,0,0,12.00,2.00,0.00,0.00,0,0,0,9,3,0,2,1,0,1,1,1,0,0,0,0,0,
29-05-2025,FAP,VESSEL,INVERTER,19,554,90,8,13,69,0,8.00,4.33,6.90,0.00,5,3,0,0,0,0,2,2,2,0,2,5,0,0,69,0,0,
29-06-2022,FAP,AIRCRAFT,INVERTER,1,2,2,0,0,2,0,0.00,0.00,0.20,0.00,0,0,0,0,0,0,0,0,0,0,0,0,0,0,2,0,0,
29-06-2023,FEA,COURIER,TEMPERATURE CONTROL,18,2413,36,0,36,0,0,0.00,6.90,0.00,0.00,0,0,0,0,0,0,0,4,15,0,0,0,11,6,0,0,0,
29-07-2022,FEC,VESSEL,TEMPERATURE CONTROL,8,5828,18,5,13,0,0,5.00,2.83,0.00,0.00,5,0,0,0,0,0,0,3,5,0,0,0,2,3,0,0,0,
29-07-2022,FEI,VESSEL,INVERTER,27,2104,119,20,17,82,0,20.00,5.67,8.20,0.00,14,5,1,0,0,0,1,3,0,2,6,5,0,0,82,0,0,
29-07-2022,FAP,VESSEL,INVERTER,26,1195,44,13,21,10,0,13.00,7.00,1.00,0.00,3,8,2,0,0,0,10,4,0,2,2,3,0,0,10,0,0,
29-07-2025,FEE,AIRCRAFT,INVERTER,1,357,6,5,1,0,0,5.00,0.33,0.00,0.00,0,0,0,5,0,0,0,0,0,0,1,0,0,0,0,0,0,
29-07-2025,FEID,VESSEL,INVERTER,8,39,9,0,6,3,0,0.00,2.00,0.30,0.00,0,0,0,0,0,0,1,2,0,1,2,0,0,0,3,0,0,
29-08-2022,FEF,AIRCRAFT,TEMPERATURE CONTROL,8,597,10,0,10,0,0,0.00,1.53,0.00,0.00,0,0,0,0,0,0,1,2,1,0,0,0,4,2,0,0,0,
29-08-2022,FEI,VESSEL,TEMPERATURE CONTROL,3,12,3,0,3,0,0,0.00,0.10,0.00,0.00,0,0,0,0,0,0,0,0,0,0,0,0,3,0,0,0,0,
29-08-2022,FEI,VESSEL,INVERTER,34,2623,176,30,22,124,0,30.00,7.33,12.40,0.00,17,12,1,0,0,0,7,1,0,7,4,3,0,0,124,0,0,
29-08-2022,FEI,AIRCRAFT,INVERTER,1,20,2,1,1,0,0,1.00,0.33,0.00,0.00,0,1,0,0,0,0,0,1,0,0,0,0,0,0,0,0,0,
29-08-2022,FEI,AIRCRAFT,TEMPERATURE CONTROL,4,183,5,0,5,0,0,0.00,0.47,0.00,0.00,0,0,0,0,0,0,0,0,1,0,0,0,3,1,0,0,0,
29-08-2023,FEI,VESSEL,INVERTER,74,3729,244,50,42,152,0,50.00,14.00,15.20,0.00,41,8,1,0,0,0,10,3,0,7,9,13,0,0,152,0,0,
29-08-2023,FEV,AIRCRAFT,TEMPERATURE CONTROL,1,4,1,0,1,0,0,0.00,0.03,0.00,0.00,0,0,0,0,0,0,0,0,0,0,0,0,1,0,0,0,0,
29-08-2023,FEA TWMC,VESSEL,INVERTER,8,71,66,0,2,64,0,0.00,0.67,6.40,0.00,0,0,0,0,0,0,0,1,0,1,0,0,0,0,64,0,0,
29-08-2023,FEA NJ AID,AIRCRAFT,INVERTER,2,11,11,0,0,11,0,0.00,0.00,1.10,0.00,0,0,0,0,0,0,0,0,0,0,0,0,0,0,11,0,0,
29-08-2023,FEA NJ,AIRCRAFT,INVERTER,19,570,117,20,10,87,0,20.00,3.33,8.70,0.00,0,0,0,15,5,0,3,0,0,2,3,2,0,0,87,0,0,
29-08-2023,FEI,VESSEL,TEMPERATURE CONTROL,1,250,1,0,1,0,0,0.00,0.33,0.00,0.00,0,0,0,0,0,0,0,0,1,0,0,0,0,0,0,0,0,
29-08-2023,FEA TWMC,AIRCRAFT,INVERTER,4,7,7,0,1,6,0,0.00,0.33,0.60,0.00,0,0,0,0,0,0,1,0,0,0,0,0,0,0,6,0,0,
29-08-2023,FEA NJ AID,AIRCRAFT,INVERTER,1,5,5,0,0,5,0,0.00,0.00,0.50,0.00,0,0,0,0,0,0,0,0,0,0,0,0,0,0,5,0,0,
29-08-2024,FEA,VESSEL,TEMPERATURE CONTROL,3,458,4,0,4,0,0,0.00,1.33,0.00,0.00,0,0,0,0,0,0,2,1,1,0,0,0,0,0,0,0,0,
29-08-2024,FAP,VESSEL,INVERTER,19,459,50,13,17,20,0,13.00,5.67,2.00,0.00,11,2,0,0,0,0,1,0,0,0,4,12,0,0,20,0,0,
29-09-2022,FAP,AIRCRAFT,INVERTER,5,137,16,5,2,9,0,5.00,0.67,0.90,0.00,5,0,0,0,0,0,0,1,0,0,0,1,0,0,9,0,0,
29-09-2022,FEI,VESSEL,TEMPERATURE CONTROL,3,133,3,0,3,0,0,0.00,0.10,0.00,0.00,0,0,0,0,0,0,0,0,0,0,0,0,1,2,0,0,0,
29-09-2022,FAP,VESSEL,INVERTER,44,1182,139,17,37,85,0,17.00,12.33,8.50,0.00,5,9,3,0,0,0,9,11,0,2,7,8,0,0,85,0,0,
29-09-2023,FEA TWMC,AIRCRAFT,INVERTER,2,17,17,0,0,17,0,0.00,0.00,1.70,0.00,0,0,0,0,0,0,0,0,0,0,0,0,0,0,17,0,0,
29-09-2023,FEE,VESSEL,INVERTER,41,1617,140,30,27,83,0,30.00,9.00,8.30,0.00,0,0,0,11,19,0,6,2,0,2,9,8,0,0,83,0,0,
29-09-2023,FEA TWMC,VESSEL,INVERTER,7,56,29,2,1,26,0,2.00,0.33,2.60,0.00,0,0,0,2,0,0,0,0,0,0,0,1,0,0,26,0,0,
29-10-2024,FEI,AIRCRAFT,INVERTER,1,24,1,0,1,0,0,0.00,0.33,0.00,0.00,0,0,0,0,0,0,0,0,0,0,1,0,0,0,0,0,0,
29-10-2025,FEID,VESSEL,INVERTER,28,130,36,0,27,9,0,0.00,9.00,0.90,0.00,0,0,0,0,0,0,13,4,0,3,5,2,0,0,9,0,0,
29-11-2022,FEA NJ,VESSEL,INVERTER,15,1750,60,11,7,42,0,11.00,2.33,4.20,0.00,0,0,0,11,0,0,2,0,0,2,0,3,0,0,42,0,0,
29-11-2022,FEA NJ,AIRCRAFT,INVERTER,2,17,17,0,0,17,0,0.00,0.00,1.70,0.00,0,0,0,0,0,0,0,0,0,0,0,0,0,0,17,0,0,
29-11-2022,FEF,AIRCRAFT,TEMPERATURE CONTROL,2,9,2,0,2,0,0,0.00,0.37,0.00,0.00,0,0,0,0,0,0,1,0,0,0,0,0,1,0,0,0,0,
29-11-2023,FEI,VESSEL,TEMPERATURE CONTROL,1,5,1,0,1,0,0,0.00,0.03,0.00,0.00,0,0,0,0,0,0,0,0,0,0,0,0,1,0,0,0,0,
29-11-2023,FEI,VESSEL,INVERTER,26,1149,58,18,13,27,0,18.00,4.33,2.70,0.00,14,4,0,0,0,0,3,2,0,2,3,3,0,0,27,0,0,
29-11-2024,FEA NJ,VESSEL,INVERTER,1,1,1,0,1,0,0,0.00,0.33,0.00,0.00,0,0,0,0,0,0,1,0,0,0,0,0,0,0,0,0,0,
30-01-2023,FEF,VESSEL,TEMPERATURE CONTROL,1,51,2,0,2,0,0,0.00,0.07,0.00,0.00,0,0,0,0,0,0,0,0,0,0,0,0,1,1,0,0,0,
30-01-2023,FEF,AIRCRAFT,TEMPERATURE CONTROL,12,406,13,0,13,0,0,0.00,2.83,0.00,0.00,0,0,0,0,0,0,6,1,1,0,0,0,1,4,0,0,0,
30-01-2023,FEI,VESSEL,INVERTER,41,780,202,11,26,165,0,11.00,8.67,16.50,0.00,3,7,1,0,0,0,10,4,0,5,2,5,0,0,165,0,0,
30-01-2024,FEI,AIRCRAFT,INVERTER,3,2092,14,14,0,0,0,14.00,0.00,0.00,0.00,14,0,0,0,0,0,0,0,0,0,0,0,0,0,0,0,0,
30-01-2024,FEID,VESSEL,INVERTER,7,73,13,0,4,9,0,0.00,1.33,0.90,0.00,0,0,0,0,0,0,1,1,0,2,0,0,0,0,9,0,0,
30-01-2024,FEC,VESSEL,TEMPERATURE CONTROL,15,8646,34,12,22,0,0,12.00,5.53,0.00,0.00,12,0,0,0,0,0,1,5,10,0,0,0,2,4,0,0,0,
30-01-2024,FEA NJ,AIRCRAFT,INVERTER,1,2,2,0,0,2,0,0.00,0.00,0.20,0.00,0,0,0,0,0,0,0,0,0,0,0,0,0,0,2,0,0,
30-01-2024,FEA NJ,VESSEL,INVERTER,18,248,139,4,5,130,0,4.00,1.67,13.00,0.00,0,0,0,0,4,0,0,0,0,0,1,4,0,0,130,0,0,
30-01-2024,FAP,AIRCRAFT,TEMPERATURE CONTROL,1,35,1,0,1,0,0,0.00,0.03,0.00,0.00,0,0,0,0,0,0,0,0,0,0,0,0,0,1,0,0,0,
30-01-2025,FEA NJ,VESSEL,INVERTER,1,2,2,0,0,2,0,0.00,0.00,0.20,0.00,0,0,0,0,0,0,0,0,0,0,0,0,0,0,2,0,0,
30-01-2026,FEE,SEA,INVERTER,1,2107,176,0,0,144,32,0.00,0.00,14.40,16.00,0,0,0,0,0,0,0,0,0,0,0,0,0,0,144,0,32,
30-03-2022,FEID,AIRCRAFT,INVERTER,5,185,5,0,5,0,0,0.00,1.67,0.00,0.00,0,0,0,0,0,0,0,0,0,3,2,0,0,0,0,0,0,
30-03-2023,WuXi,AIRCRAFT,TEMPERATURE CONTROL,1,35,6,0,6,0,0,0.00,2.00,0.00,0.00,0,0,0,0,0,0,6,0,0,0,0,0,0,0,0,0,0,
30-03-2023,FAP,VESSEL,INVERTER,31,298,90,8,24,58,0,8.00,8.00,5.80,0.00,2,6,0,0,0,0,3,1,0,2,9,9,0,0,58,0,0,
30-05-2022,FEF,AIRCRAFT,TEMPERATURE CONTROL,13,831,22,0,22,0,0,0.00,3.73,0.00,0.00,0,0,0,0,0,0,6,3,0,0,0,1,7,5,0,0,0,
30-05-2023,FEID,VESSEL,INVERTER,2,6,2,0,2,0,0,0.00,0.67,0.00,0.00,0,0,0,0,0,0,2,0,0,0,0,0,0,0,0,0,0,
30-05-2023,FEI,VESSEL,TEMPERATURE CONTROL,8,576,12,0,12,0,0,0.00,1.60,0.00,0.00,0,0,0,0,0,0,0,0,4,0,0,0,3,5,0,0,0,
30-05-2023,FEI,VESSEL,INVERTER,10,311,14,5,8,1,0,5.00,2.67,0.10,0.00,3,0,2,0,0,0,2,1,0,3,1,1,0,0,1,0,0,
30-05-2023,FEA NJ AID,VESSEL,INVERTER,3,26,26,0,0,26,0,0.00,0.00,2.60,0.00,0,0,0,0,0,0,0,0,0,0,0,0,0,0,26,0,0,
30-05-2023,FEA NJ,AIRCRAFT,INVERTER,3,13,9,0,2,7,0,0.00,0.67,0.70,0.00,0,0,0,0,0,0,2,0,0,0,0,0,0,0,7,0,0,
30-05-2023,FEID,VESSEL,INVERTER,12,34,18,0,8,10,0,0.00,2.67,1.00,0.00,0,0,0,0,0,0,4,2,0,1,0,1,0,0,10,0,0,
30-05-2023,FEA NJ,VESSEL,INVERTER,17,1345,65,10,14,41,0,10.00,4.67,4.10,0.00,0,0,0,7,3,0,6,0,0,2,3,3,0,0,41,0,0,
30-05-2023,FEV,AIRCRAFT,TEMPERATURE CONTROL,8,16,8,0,8,0,0,0.00,0.27,0.00,0.00,0,0,0,0,0,0,0,0,0,0,0,0,8,0,0,0,0,
30-05-2023,FEA,COURIER,TEMPERATURE CONTROL,9,1167,15,0,15,0,0,0.00,3.80,0.00,0.00,0,0,0,0,0,0,7,0,4,0,0,0,3,1,0,0,0,
30-05-2023,FEF,AIRCRAFT,TEMPERATURE CONTROL,8,329,10,0,10,0,0,0.00,1.23,0.00,0.00,0,0,0,0,0,0,1,0,1,1,0,0,5,2,0,0,0,
30-05-2024,FEI,VESSEL,TEMPERATURE CONTROL,2,48,2,0,2,0,0,0.00,0.37,0.00,0.00,0,0,0,0,0,0,1,0,0,0,0,0,1,0,0,0,0,
30-05-2024,FEI,VESSEL,INVERTER,26,3328,95,31,16,48,0,31.00,5.33,4.80,0.00,16,14,1,0,0,0,2,2,0,2,3,7,0,0,48,0,0,
30-05-2025,FAP,VESSEL,INVERTER,2,6,2,0,1,1,0,0.00,0.33,0.10,0.00,0,0,0,0,0,0,1,0,0,0,0,0,0,0,1,0,0,
30-06-2022,FAP,VESSEL,INVERTER,23,867,55,10,21,24,0,10.00,7.00,2.40,0.00,3,4,3,0,0,0,6,1,0,5,3,6,0,0,24,0,0,
30-06-2022,FAP,AIRCRAFT,INVERTER,1,1,1,0,0,1,0,0.00,0.00,0.10,0.00,0,0,0,0,0,0,0,0,0,0,0,0,0,0,1,0,0,
30-06-2023,FAP,VESSEL,INVERTER,43,604,67,11,36,20,0,11.00,12.00,2.00,0.00,2,9,0,0,0,0,9,4,0,6,5,12,0,0,20,0,0,
30-06-2025,FEA NJ,VESSEL,INVERTER,1,596,17,4,0,13,0,4.00,0.00,1.30,0.00,0,0,0,3,1,0,0,0,0,0,0,0,0,0,13,0,0,
30-07-2024,FEID,VESSEL,INVERTER,14,58,15,0,13,2,0,0.00,4.33,0.20,0.00,0,0,0,0,0,0,7,4,0,2,0,0,0,0,2,0,0,
30-07-2024,FEE,AIRCRAFT,INVERTER,5,103,5,0,5,0,0,0.00,1.67,0.00,0.00,0,0,0,0,0,0,0,0,0,2,3,0,0,0,0,0,0,
30-07-2024,FEC,VESSEL,TEMPERATURE CONTROL,19,10060,49,11,38,0,0,11.00,8.77,0.00,0.00,11,0,0,0,0,0,4,4,17,0,0,0,6,7,0,0,0,
30-07-2025,FEID,VESSEL,INVERTER,4,17,4,0,3,1,0,0.00,1.00,0.10,0.00,0,0,0,0,0,0,1,1,0,0,0,1,0,0,1,0,0,
30-08-2022,FEID,VESSEL,INVERTER,18,170,18,0,17,1,0,0.00,5.67,0.10,0.00,0,0,0,0,0,0,12,0,0,4,1,0,0,0,1,0,0,
30-08-2022,FEA NJ,VESSEL,INVERTER,11,320,40,10,5,25,0,10.00,1.67,2.50,0.00,0,0,0,2,7,1,1,0,0,0,2,2,0,0,25,0,0,
30-08-2022,FEA NJ,AIRCRAFT,INVERTER,2,5,5,0,0,5,0,0.00,0.00,0.50,0.00,0,0,0,0,0,0,0,0,0,0,0,0,0,0,5,0,0,
30-08-2023,FEID,VESSEL,INVERTER,27,243,27,0,23,4,0,0.00,7.67,0.40,0.00,0,0,0,0,0,0,10,4,0,7,2,0,0,0,4,0,0,
30-08-2024,FEE,AIRCRAFT,INVERTER,1,427,9,9,0,0,0,9.00,0.00,0.00,0.00,0,0,0,8,1,0,0,0,0,0,0,0,0,0,0,0,0,
30-09-2022,FAP,VESSEL,INVERTER,2,54,11,4,0,7,0,4.00,0.00,0.70,0.00,0,4,0,0,0,0,0,0,0,0,0,0,0,0,7,0,0,
30-09-2022,FEA IDEC,AIRCRAFT,INVERTER,2,100,78,2,2,74,0,2.00,0.67,7.40,0.00,0,0,0,2,0,0,1,1,0,0,0,0,0,0,74,0,0,
30-10-2023,FEI,AIRCRAFT,INVERTER,3,8,8,0,0,8,0,0.00,0.00,0.80,0.00,0,0,0,0,0,0,0,0,0,0,0,0,0,0,8,0,0,
30-10-2023,FEID,VESSEL,INVERTER,11,93,20,1,9,10,0,1.00,3.00,1.00,0.00,0,1,0,0,0,0,4,3,0,1,1,0,0,0,10,0,0,
30-10-2023,FEF,AIRCRAFT,TEMPERATURE CONTROL,5,120,8,0,8,0,0,0.00,0.27,0.00,0.00,0,0,0,0,0,0,0,0,0,0,0,0,5,3,0,0,0,
30-10-2024,FEI,VESSEL,INVERTER,9,1614,24,11,5,8,0,11.00,1.67,0.80,0.00,7,4,0,0,0,0,3,0,0,1,0,1,0,0,8,0,0,
30-10-2024,FEA TWMC,VESSEL,INVERTER,7,119,52,4,4,44,0,4.00,1.33,4.40,0.00,0,0,0,2,2,0,0,0,0,2,2,0,0,0,44,0,0,
30-10-2024,FEA NJ,VESSEL,INVERTER,15,1436,81,14,8,59,0,14.00,2.67,5.90,0.00,0,0,0,8,6,0,2,1,0,2,2,1,0,0,59,0,0,
30-10-2025,FEI,VESSEL,INVERTER,1,500,4,3,1,0,0,3.00,0.33,0.00,0.00,3,0,0,0,0,0,0,0,0,1,0,0,0,0,0,0,0,
30-11-2023,FAP,VESSEL,INVERTER,20,244,33,0,10,23,0,0.00,3.33,2.30,0.00,0,0,0,0,0,0,1,1,0,5,3,0,0,0,23,0,0,
31-01-2022,FEA,COURIER,TEMPERATURE CONTROL,4,120,6,0,6,0,0,0.00,0.20,0.00,0.00,0,0,0,0,0,0,0,0,0,0,0,0,4,2,0,0,0,
31-01-2022,FEI,AIRCRAFT,INVERTER,16,1214,35,16,11,8,0,16.00,3.67,0.80,0.00,11,5,0,0,0,0,2,2,0,0,4,3,0,0,8,0,0,
31-01-2022,FEA,AIRCRAFT,TEMPERATURE CONTROL,2,180,4,0,4,0,0,0.00,0.73,0.00,0.00,0,0,0,0,0,0,1,0,1,0,0,0,2,0,0,0,0,
31-01-2022,FEA,COURIER,TEMPERATURE CONTROL,3,483,6,0,6,0,0,0.00,1.40,0.00,0.00,0,0,0,0,0,0,1,0,3,0,0,0,0,2,0,0,0,
31-01-2023,FEA NJ,VESSEL,INVERTER,16,727,30,18,8,4,0,18.00,2.67,0.40,0.00,0,0,0,9,8,1,5,1,0,0,0,2,0,0,4,0,0,
31-01-2023,FEID,VESSEL,INVERTER,35,156,40,0,33,7,0,0.00,11.00,0.70,0.00,0,0,0,0,0,0,17,6,0,8,0,2,0,0,7,0,0,
31-01-2023,FEA NJ AID,VESSEL,INVERTER,4,13,13,0,0,13,0,0.00,0.00,1.30,0.00,0,0,0,0,0,0,0,0,0,0,0,0,0,0,13,0,0,
31-01-2023,FEA NJ,AIRCRAFT,INVERTER,2,6,6,0,0,6,0,0.00,0.00,0.60,0.00,0,0,0,0,0,0,0,0,0,0,0,0,0,0,6,0,0,
31-01-2023,FEA NJ AID,AIRCRAFT,INVERTER,1,3,3,0,0,3,0,0.00,0.00,0.30,0.00,0,0,0,0,0,0,0,0,0,0,0,0,0,0,3,0,0,
31-01-2023,WuXi,AIRCRAFT,TEMPERATURE CONTROL,1,15,3,0,3,0,0,0.00,1.00,0.00,0.00,0,0,0,0,0,0,3,0,0,0,0,0,0,0,0,0,0,
31-01-2023,FAP,AIRCRAFT,TEMPERATURE CONTROL,1,100,1,0,1,0,0,0.00,0.33,0.00,0.00,0,0,0,0,0,0,0,0,1,0,0,0,0,0,0,0,0,
31-01-2023,FEV,AIRCRAFT,TEMPERATURE CONTROL,1,4,1,0,1,0,0,0.00,0.03,0.00,0.00,0,0,0,0,0,0,0,0,0,0,0,0,1,0,0,0,0,
31-01-2024,FEI,VESSEL,INVERTER,10,1959,31,23,6,2,0,23.00,2.00,0.20,0.00,19,4,0,0,0,0,2,1,0,1,1,1,0,0,2,0,0,
31-01-2024,FEF,AIRCRAFT,TEMPERATURE CONTROL,5,18,6,0,6,0,0,0.00,0.20,0.00,0.00,0,0,0,0,0,0,0,0,0,0,0,0,6,0,0,0,0,
31-01-2024,FEE,AIRCRAFT,INVERTER,10,67,53,1,2,50,0,1.00,0.67,5.00,0.00,0,0,0,0,1,0,0,2,0,0,0,0,0,0,50,0,0,
31-03-2022,FEC,AIRCRAFT,TEMPERATURE CONTROL,5,1882,11,3,8,0,0,3.00,2.07,0.00,0.00,3,0,0,0,0,0,1,0,5,0,0,0,1,1,0,0,0,
31-03-2022,FAP,VESSEL,INVERTER,13,688,20,8,9,3,0,8.00,3.00,0.30,0.00,1,5,2,0,0,0,1,0,0,2,3,3,0,0,3,0,0,
31-03-2022,FEID,VESSEL,INVERTER,2,15,2,0,2,0,0,0.00,0.67,0.00,0.00,0,0,0,0,0,0,2,0,0,0,0,0,0,0,0,0,0,
31-03-2022,FEI,AIRCRAFT,TEMPERATURE CONTROL,19,2687,35,1,34,0,0,1.00,5.63,0.00,0.00,1,0,0,0,0,0,1,1,13,0,0,0,16,3,0,0,0,
31-03-2023,FEE,AIRCRAFT,INVERTER,30,868,60,10,23,27,0,10.00,7.67,2.70,0.00,0,0,0,3,7,0,3,4,0,2,10,4,0,0,27,0,0,
31-03-2023,FETW,AIRCRAFT,TEMPERATURE CONTROL,5,196,8,0,8,0,0,0.00,0.57,0.00,0.00,0,0,0,0,0,0,1,0,0,0,0,0,5,2,0,0,0,
31-05-2022,FEID,VESSEL,INVERTER,6,69,11,1,10,0,0,1.00,3.33,0.00,0.00,0,1,0,0,0,0,6,0,0,1,2,1,0,0,0,0,0,
31-05-2022,FEE,VESSEL,INVERTER,10,950,24,15,9,0,0,15.00,3.00,0.00,0.00,0,0,0,4,9,2,3,1,0,3,0,2,0,0,0,0,0,
31-05-2022,FEI,AIRCRAFT,INVERTER,3,83,5,3,2,0,0,3.00,0.67,0.00,0.00,3,0,0,0,0,0,0,0,0,0,0,2,0,0,0,0,0,
31-05-2022,FEI,VESSEL,INVERTER,30,2649,68,35,22,11,0,35.00,7.33,1.10,0.00,12,22,1,0,0,0,5,2,0,4,3,8,0,0,11,0,0,
31-05-2022,FEA NJ,VESSEL,INVERTER,16,502,46,7,11,28,0,7.00,3.67,2.80,0.00,0,0,0,5,2,0,3,1,0,1,2,4,0,0,28,0,0,
31-05-2022,FEA TWMC,AIRCRAFT,INVERTER,2,20,20,0,0,20,0,0.00,0.00,2.00,0.00,0,0,0,0,0,0,0,0,0,0,0,0,0,0,20,0,0,
31-05-2022,FEA NJ,AIRCRAFT,INVERTER,1,1,1,0,1,0,0,0.00,0.33,0.00,0.00,0,0,0,0,0,0,0,0,0,0,1,0,0,0,0,0,0,
31-07-2023,FAP,VESSEL,INVERTER,1,4,4,0,0,4,0,0.00,0.00,0.40,0.00,0,0,0,0,0,0,0,0,0,0,0,0,0,0,4,0,0,
31-07-2024,FEA NJ,VESSEL,INVERTER,21,689,210,4,7,199,0,4.00,2.33,19.90,0.00,0,0,0,2,2,0,2,0,0,0,1,4,0,0,199,0,0,
31-07-2024,FEI,VESSEL,TEMPERATURE CONTROL,2,64,4,0,4,0,0,0.00,0.13,0.00,0.00,0,0,0,0,0,0,0,0,0,0,0,0,3,1,0,0,0,
31-07-2025,FEI,AIRCRAFT,INVERTER,1,20,2,1,1,0,0,1.00,0.33,0.00,0.00,0,1,0,0,0,0,0,0,0,0,1,0,0,0,0,0,0,
31-07-2025,FEI,VESSEL,INVERTER,5,1708,55,23,3,29,0,23.00,1.00,2.90,0.00,15,8,0,0,0,0,1,0,0,0,0,2,0,0,29,0,0,
31-08-2022,FETW,AIRCRAFT,TEMPERATURE CONTROL,4,92,6,0,6,0,0,0.00,0.20,0.00,0.00,0,0,0,0,0,0,0,0,0,0,0,0,3,3,0,0,0,
31-08-2022,FAP,VESSEL,INVERTER,1,14,10,0,1,9,0,0.00,0.33,0.90,0.00,0,0,0,0,0,0,0,0,0,0,1,0,0,0,9,0,0,
31-08-2022,FEE,VESSEL,INVERTER,47,3408,186,50,35,85,16,50.00,11.67,8.50,8.00,0,0,0,13,34,3,3,1,0,6,9,16,0,0,85,0,16,
31-08-2023,FEE,AIRCRAFT,INVERTER,32,450,100,14,41,45,0,14.00,13.67,4.50,0.00,0,0,0,0,14,0,3,1,0,0,5,32,0,0,45,0,0,
31-08-2023,FEI,VESSEL,TEMPERATURE CONTROL,2,197,2,0,2,0,0,0.00,0.37,0.00,0.00,0,0,0,0,0,0,0,1,0,0,0,0,0,1,0,0,0,
31-08-2023,FAP,VESSEL,INVERTER,33,210,44,2,25,17,0,2.00,8.33,1.70,0.00,0,2,0,0,0,0,10,4,0,2,7,2,0,0,17,0,0,
31-10-2022,FEF,AIRCRAFT,TEMPERATURE CONTROL,10,251,14,0,14,0,0,0.00,1.97,0.00,0.00,0,0,0,0,0,0,4,0,1,0,0,0,5,4,0,0,0,
31-10-2022,FEI,VESSEL,INVERTER,1,1,1,0,1,0,0,0.00,0.33,0.00,0.00,0,0,0,0,0,0,1,0,0,0,0,0,0,0,0,0,0,
31-10-2022,FEI,VESSEL,TEMPERATURE CONTROL,2,445,6,0,6,0,0,0.00,1.10,0.00,0.00,0,0,0,0,0,0,0,0,3,0,0,0,2,1,0,0,0,
31-10-2023,FEF,AIRCRAFT,TEMPERATURE CONTROL,1,5,1,0,1,0,0,0.00,0.03,0.00,0.00,0,0,0,0,0,0,0,0,0,0,0,0,1,0,0,0,0,
31-10-2023,FEA,AIRCRAFT,TEMPERATURE CONTROL,1,15,2,0,2,0,0,0.00,0.07,0.00,0.00,0,0,0,0,0,0,0,0,0,0,0,0,2,0,0,0,0,
31-10-2023,FEA NJ,VESSEL,INVERTER,11,239,30,17,7,6,0,17.00,2.33,0.60,0.00,0,0,0,16,1,0,3,2,0,0,1,1,0,0,6,0,0,
31-10-2023,FEE,AIRCRAFT,INVERTER,44,571,119,18,36,65,0,18.00,12.00,6.50,0.00,0,0,0,6,12,0,3,3,0,0,5,25,0,0,65,0,0,
31-10-2024,FEA NJ,VESSEL,INVERTER,5,356,10,3,2,5,0,3.00,0.67,0.50,0.00,0,0,0,2,1,0,0,0,0,0,2,0,0,0,5,0,0,
31-10-2025,FEE,VESSEL,INVERTER,3,747,23,0,1,8,14,0.00,0.33,0.80,7.00,0,0,0,0,0,0,0,0,0,1,0,0,0,0,8,0,14,
31-10-2025,FEE,AIRCRAFT,INVERTER,4,423,11,8,3,0,0,8.00,1.00,0.00,0.00,0,0,0,0,8,0,1,0,0,0,0,2,0,0,0,0,0,