Item,42x46x68,42x46x68 Layer,47x66x68,47x66x68 Layer,57x64x84,57x64x84 Layer,68x74x86,68x74x86 Layer,70x100x90,70x100x90 Layer,80x120x65,80x120x65 Layer,80x120x90,80x120x90 Layer,80x120x115,80x120x115 Layer,110x110x65,110x110x65 Layer,110x110x90,110x110x90 Layer,110x110x115,110x110x115 Layer,RTN,RTN Layer,Wrap
DT115LL1S-2A,n,,1,,2,,4,,8,,n,,10,,15,,n,,12,,18,,18,,n
DT18LL1S-4A,1,,2,,4,,8,,12,,n,,16,,24,,n,,18,,27,,18,,n
DT18LL1S-4AN,1,,2,,4,,8,,12,,n,,16,,24,,n,,18,,27,,18,,n
DT24LL1S-4A,1,,2,,4,,8,,12,,n,,16,,24,,n,,18,,27,,18,,n
DT24LL1S-4AN,1,,2,,4,,8,,12,,n,,16,,24,,n,,18,,27,,18,,n
DT32LL1S-4A,1,,2,,4,,8,,12,,n,,16,,24,,n,,18,,27,,18,,n
DT32LL1S-4AN,1,,2,,4,,8,,12,,n,,16,,24,,n,,18,,27,,18,,n
DT39LL1S-4A,n,,1,,2,,4,,8,,n,,10,,15,,n,,12,,18,,18,,n
DT39LL1S-4AN,n,,1,,2,,4,,8,,n,,10,,15,,n,,12,,18,,18,,n
DT45LL1S-4A,n,,1,,2,,4,,8,,n,,10,,15,,n,,12,,18,,18,,n
DT45LL1S-4AN,n,,1,,2,,4,,8,,n,,10,,15,,n,,12,,18,,18,,n
DT56LL1S-4A,n,,1,,2,,4,,8,,n,,10,,15,,n,,12,,18,,18,,n
DT56LL1S-4AN,n,,1,,2,,4,,8,,n,,10,,15,,n,,12,,18,,18,,n
DT75LL1S-4A,n,,n,,n,,1,,3,,n,,n,,4,,n,,n,,4,,4,,n
DT75LL1S-4AN,n,,n,,n,,1,,3,,n,,n,,4,,n,,n,,4,,4,,n
DT91LL1S-4A,n,,n,,n,,n,,1,,2,,n,,4,,2,,n,,4,,4,,n
DT91LL1S-4AN,n,,n,,n,,n,,1,,2,,n,,4,,2,,n,,4,,4,,n
EQ7-2001-C,n,,n,,n,,n,,n,,n,,n,,n,,n,,n,,n,,n,,n
EQ7-2002-C,2,,4,,6,,18,,27,,n,,n,,40,,n,,n,,n,,n,,n
EQ7-2003-C,2,,4,,6,,18,,27,,n,,n,,40,,n,,n,,n,,n,,n
EQ7-2005-C,2,,4,,6,,18,,27,,n,,n,,40,,n,,n,,n,,n,,n
EQ7-2007-C,1,,2,,4,,6,,10,,n,,12,,n,,n,,n,,n,,n,,n
EQ7-2010-C,1,,2,,4,,6,,10,,n,,12,,n,,n,,n,,n,,n,,n
EQ7-2015-C,1,,2,,4,,6,,10,,n,,12,,n,,n,,n,,n,,n,,n
EQ7-2020-C,1,,2,,4,,6,,10,,n,,12,,n,,n,,n,,n,,n,,n
EQ7-2025-C,n,,1,,2,,4,,6,,n,,n,,12,,n,,12,,18,,12,,n
EQ7-2030-C,n,,1,,2,,4,,6,,n,,n,,12,,n,,12,,18,,12,,n
EQ7-2040-C,n,,1,,2,,4,,6,,n,,n,,12,,n,,12,,18,,12,,n
EQ7-2050-C,n,,n,,n,,n,,n,,n,,n,,n,,n,,n,,n,,n,,w
EQ7-2060-C,n,,n,,n,,n,,n,,n,,n,,n,,n,,n,,n,,n,,w
EQ7-2075-C,n,,n,,n,,n,,n,,n,,n,,n,,n,,n,,n,,n,,w
EQ7-2100-C,n,,n,,n,,n,,n,,n,,n,,n,,n,,n,,n,,n,,w
EQ7-2125-C,n,,n,,n,,n,,n,,n,,n,,n,,n,,n,,n,,n,,w
EQ7-2150-C,n,,n,,n,,n,,n,,n,,n,,n,,n,,n,,n,,n,,w
EQ7-4001-C,n,,n,,n,,n,,n,,n,,n,,n,,n,,n,,n,,n,,n
EQ7-4002-C,2,,4,,6,,18,,27,,n,,n,,40,,n,,n,,n,,n,,n
EQ7-4003-C,2,,4,,6,,18,,27,,n,,n,,40,,n,,n,,n,,n,,n
EQ7-4005-C,2,,4,,6,,18,,27,,n,,n,,40,,n,,n,,n,,n,,n
EQ7-4007-C,1,,2,,4,,6,,10,,n,,12,,n,,n,,n,,n,,n,,n
EQ7-4010-C,1,,2,,4,,6,,10,,n,,12,,n,,n,,n,,n,,n,,n
EQ7-4015-C,1,,2,,4,,6,,10,,n,,12,,n,,n,,n,,n,,n,,n
EQ7-4020-C,1,,2,,4,,6,,10,,n,,12,,n,,n,,n,,n,,n,,n
EQ7-4025-C,n,,1,,2,,4,,6,,n,,n,,12,,n,,12,,18,,12,,n
EQ7-4030-C,n,,1,,2,,4,,6,,n,,n,,12,,n,,12,,18,,12,,n
EQ7-4040-C,n,,1,,2,,4,,6,,n,,n,,12,,n,,12,,18,,12,,n
EQ7-4050-C,n,,n,,n,,n,,n,,n,,n,,n,,n,,n,,n,,n,,w
EQ7-4060-C,n,,n,,n,,n,,n,,n,,n,,n,,n,,n,,n,,n,,w
EQ7-4075-C,n,,n,,n,,n,,n,,n,,n,,n,,n,,n,,n,,n,,w
EQ7-40P5-C,n,,n,,n,,n,,n,,n,,n,,n,,n,,n,,n,,n,,n
EQ7-41000-C,n,,n,,n,,n,,n,,n,,n,,n,,n,,n,,n,,n,,w
EQ7-4100-C,n,,n,,n,,n,,n,,n,,n,,n,,n,,n,,n,,n,,w
EQ7-4125-C,n,,n,,n,,n,,n,,n,,n,,n,,n,,n,,n,,n,,w
EQ7-4150-C,n,,n,,n,,n,,n,,n,,n,,n,,n,,n,,n,,n,,w
EQ7-4200-C,n,,n,,n,,n,,n,,n,,n,,n,,n,,n,,n,,n,,w
EQ7-4250-C,n,,n,,n,,n,,n,,n,,n,,n,,n,,n,,n,,n,,w
EQ7-4300-C,n,,n,,n,,n,,n,,n,,n,,n,,n,,n,,n,,n,,w
EQ7-4350-C,n,,n,,n,,n,,n,,n,,n,,n,,n,,n,,n,,n,,w
EQ7-4450-C,n,,n,,n,,n,,n,,n,,n,,n,,n,,n,,n,,n,,w
EQ7-4500-C,n,,n,,n,,n,,n,,n,,n,,n,,n,,n,,n,,n,,w
EQ7-4600-C,n,,n,,n,,n,,n,,n,,n,,n,,n,,n,,n,,n,,w
EQ7-4700-C,n,,n,,n,,n,,n,,n,,n,,n,,n,,n,,n,,n,,w
EQ7-4800-C,n,,n,,n,,n,,n,,n,,n,,n,,n,,n,,n,,n,,w
EQ7-4900-C,n,,n,,n,,n,,n,,n,,n,,n,,n,,n,,n,,n,,w
FRN0001C2E-7E,24,,36,,60,,84,,120,,126,,168,,252,,159,,212,,318,,270,,n
FRN0001C2S-2A,24,,36,,60,,84,,120,,126,,168,,252,,159,,212,,318,,270,,n
FRN0001C2S-2U,24,,36,,60,,84,,120,,126,,168,,252,,159,,212,,318,,270,,n
FRN0001C2S-6U,24,,36,,60,,84,,120,,126,,168,,252,,159,,212,,318,,270,,n
FRN0001C2S-7A,24,,36,,60,,84,,120,,126,,168,,252,,159,,212,,318,,270,,n
FRN0001C2S-7E,24,,36,,60,,84,,120,,126,,168,,252,,159,,212,,318,,270,,n
FRN0001C2S-7U,24,,36,,60,,84,,120,,126,,168,,252,,159,,212,,318,,270,,n
FRN0001E2E-2GA,16,,24,,45,,63,,120,,n,,126,,210,,n,,159,,265,,225,,n
FRN0001E2E-7GA,16,,24,,45,,63,,120,,n,,126,,210,,n,,159,,265,,225,,n
FRN0001E2S-2GA,24,,36,,60,,84,,120,,126,,168,,252,,159,,212,,318,,270,,n
FRN0001E2S-2GB,24,,36,,60,,84,,120,,126,,168,,252,,159,,212,,318,,270,,n
FRN0001E2S-7GA,24,,36,,60,,84,,120,,126,,168,,252,,159,,212,,318,,270,,n
FRN0001E2S-7GB,24,,36,,60,,84,,120,,126,,168,,252,,159,,212,,318,,270,,n
FRN0001E3E-7G,16,,24,,45,,63,,120,,n,,126,,210,,n,,159,,265,,225,,n
FRN0001E3S-2G,24,,36,,60,,84,,120,,126,,168,,252,,159,,212,,318,,270,,n
FRN0001E3S-7G,24,,36,,60,,84,,120,,126,,168,,252,,159,,212,,318,,270,,n
FRN0002C2E-4E,12,,18,,22,,34,,66,,n,,96,,128,,80,,120,,160,,105,,n
FRN0002C2E-7E,24,,36,,60,,84,,120,,126,,168,,252,,159,,212,,318,,270,,n
FRN0002C2S-2A,24,,36,,60,,84,,120,,126,,168,,252,,159,,212,,318,,270,,n
FRN0002C2S-2U,24,,36,,60,,84,,120,,126,,168,,252,,159,,212,,318,,270,,n
FRN0002C2S-4A,12,,18,,33,,51,,66,,n,,96,,128,,80,,120,,160,,140,,n
FRN0002C2S-4A A,12,,18,,33,,51,,66,,n,,96,,128,,80,,120,,160,,140,,n
FRN0002C2S-4E,12,,18,,33,,51,,66,,n,,96,,128,,80,,120,,160,,140,,n
FRN0002C2S-4U,12,,18,,33,,51,,66,,n,,96,,128,,80,,120,,160,,140,,n
FRN0002C2S-6U,24,,36,,60,,84,,120,,126,,168,,252,,159,,212,,318,,270,,n
FRN0002C2S-6U A,24,,36,,60,,84,,120,,126,,168,,252,,159,,212,,318,,270,,n
FRN0002C2S-7A,24,,36,,60,,84,,120,,126,,168,,252,,159,,212,,318,,270,,n
FRN0002C2S-7E,24,,36,,60,,84,,120,,126,,168,,252,,159,,212,,318,,270,,n
FRN0002C2S-7U,24,,36,,60,,84,,120,,126,,168,,252,,159,,212,,318,,270,,n
FRN0002E2E-2GA,16,,24,,45,,63,,120,,n,,126,,210,,n,,159,,265,,225,,n
FRN0002E2E-4GA,12,,18,,22,,34,,66,,n,,96,,128,,80,,120,,160,,105,,n
FRN0002E2E-4GB,12,,18,,22,,34,,66,,n,,96,,128,,80,,120,,160,,105,,n
FRN0002E2E-7GA,16,,24,,45,,63,,120,,n,,126,,210,,n,,159,,265,,225,,n
FRN0002E2S-2GA,24,,36,,60,,84,,120,,126,,168,,252,,159,,212,,318,,270,,n
FRN0002E2S-2GB,24,,36,,60,,84,,120,,126,,168,,252,,159,,212,,318,,270,,n
FRN0002E2S-4GA,12,,18,,33,,51,,66,,n,,96,,128,,80,,120,,160,,140,,n
FRN0002E2S-4GB,12,,18,,33,,51,,66,,n,,96,,128,,80,,120,,160,,140,,n
FRN0002E2S-7GA,24,,36,,60,,84,,120,,126,,168,,252,,159,,212,,318,,270,,n
FRN0002E2S-7GB,24,,36,,60,,84,,120,,126,,168,,252,,159,,212,,318,,270,,n
FRN0002E3E-4G,12,,18,,22,,34,,66,,n,,96,,128,,80,,120,,160,,105,,n
FRN0002E3E-7G,16,,24,,45,,63,,120,,n,,126,,210,,n,,159,,265,,225,,n
FRN0002E3S-2G,24,,36,,60,,84,,120,,126,,168,,252,,159,,212,,318,,270,,n
FRN0002E3S-4G,12,,18,,33,,51,,66,,n,,96,,128,,80,,120,,160,,140,,n
FRN0002E3S-7G,24,,36,,60,,84,,120,,126,,168,,252,,159,,212,,318,,270,,n
FRN0002F2E-4G,12,,18,,22,,34,,66,,n,,96,,128,,80,,120,,160,,105,,n
FRN0002G2E-4G,4,,8,,18,,24,,30,,n,,51,,68,,n,,54,,72,,60,,n
FRN0002G2E-4GAP,4,,8,,18,,24,,30,,n,,51,,68,,n,,54,,72,,60,,n
FRN0002G2S-4G,4,,8,,18,,24,,30,,n,,51,,68,,n,,54,,72,,60,,n
FRN0003C2S-6U,24,,36,,60,,84,,120,,126,,168,,252,,159,,212,,318,,270,,n
FRN0003C2S-6U A,24,,36,,60,,84,,120,,126,,168,,252,,159,,212,,318,,270,,n
FRN0003E2E-7GA,16,,24,,45,,63,,120,,n,,126,,210,,n,,159,,265,,225,,n
FRN0003E2S-7GA,16,,24,,45,,63,,120,,n,,126,,210,,n,,159,,265,,225,,n
FRN0003E2S-7GB,16,,24,,45,,63,,136,,n,,126,,210,,n,,159,,265,,225,,n
FRN0003E3E-7G,16,,24,,45,,63,,120,,n,,126,,210,,n,,159,,265,,225,,n
FRN0003F2E-4G,12,,18,,22,,34,,66,,n,,96,,128,,80,,120,,160,,105,,n
FRN0003G2E-4G,4,,8,,18,,24,,30,,n,,51,,68,,n,,54,,72,,60,,n
FRN0003G2E-4GAP,4,,8,,18,,24,,30,,n,,51,,68,,n,,54,,72,,60,,n
FRN0003G2S-2G,4,,8,,18,,24,,30,,n,,51,,68,,n,,54,,72,,60,,n
FRN0003G2S-2GU,4,,8,,18,,24,,30,,n,,51,,68,,n,,54,,72,,60,,n
FRN0003G2S-4G,4,,8,,18,,24,,30,,n,,51,,68,,n,,54,,72,,60,,n
FRN0003G2S-4GU,4,,8,,18,,24,,30,,n,,51,,68,,n,,54,,72,,60,,n
FRN0004C2E-4E,12,,18,,22,,34,,66,,n,,96,,128,,80,,120,,160,,105,,n
FRN0004C2E-7E,24,,36,,60,,84,,120,,126,,168,,252,,159,,212,,318,,270,,n
FRN0004C2S-2A,24,,36,,60,,84,,120,,126,,168,,252,,159,,212,,318,,270,,n
FRN0004C2S-2U,24,,36,,60,,84,,120,,126,,168,,252,,159,,212,,318,,270,,n
FRN0004C2S-4A,12,,18,,33,,51,,66,,n,,96,,128,,80,,120,,160,,140,,n
FRN0004C2S-4A A,12,,18,,33,,51,,66,,n,,96,,128,,80,,120,,160,,140,,n
FRN0004C2S-4E,12,,18,,33,,51,,66,,n,,96,,128,,80,,120,,160,,140,,n
FRN0004C2S-4U,12,,18,,33,,51,,66,,n,,96,,128,,80,,120,,160,,140,,n
FRN0004C2S-7A,24,,36,,60,,84,,120,,126,,168,,252,,159,,212,,318,,270,,n
FRN0004C2S-7E,24,,36,,60,,84,,120,,126,,168,,252,,159,,212,,318,,270,,n
FRN0004C2S-7U,24,,36,,60,,84,,120,,126,,168,,252,,159,,212,,318,,270,,n
FRN0004C2S-7U A,24,,36,,60,,84,,120,,126,,168,,252,,159,,212,,318,,270,,n
FRN0004E2E-2GA,24,,36,,60,,84,,120,,126,,168,,252,,159,,212,,318,,270,,n
FRN0004E2E-4GA,12,,18,,22,,34,,66,,n,,96,,128,,80,,120,,160,,105,,n
FRN0004E2S-2GA,24,,36,,60,,84,,120,,126,,168,,252,,159,,212,,318,,270,,n
FRN0004E2S-2GB,24,,36,,60,,84,,120,,126,,168,,252,,159,,212,,318,,270,,n
FRN0004E2S-2GBBM1,24,,36,,60,,84,,120,,126,,168,,252,,159,,212,,318,,270,,n
FRN0004E2S-4GA,12,,18,,33,,51,,66,,n,,96,,128,,80,,120,,160,,140,,n
FRN0004E2S-4GB,12,,18,,33,,51,,66,,n,,96,,128,,80,,120,,160,,140,,n
FRN0004E2S-4GBBM1,12,,18,,33,,51,,66,,n,,96,,128,,80,,120,,160,,140,,n
FRN0004E3E-4G,12,,18,,22,,34,,66,,n,,96,,128,,80,,120,,160,,105,,n
FRN0004E3S-2G,24,,36,,60,,84,,120,,126,,168,,252,,159,,212,,318,,270,,n
FRN0004E3S-4G,12,,18,,33,,51,,66,,n,,96,,128,,80,,120,,160,,140,,n
FRN0004E3S-7G,24,,36,,60,,84,,120,,126,,168,,252,,159,,212,,318,,270,,n
FRN0004G2E-4G,4,,6,,12,,18,,27,,n,,36,,48,,32,,48,,64,,60,,n
FRN0004G2E-4GAP,4,,6,,12,,18,,27,,n,,36,,48,,32,,48,,64,,60,,n
FRN0004G2S-4G,4,,6,,12,,18,,27,,n,,36,,48,,32,,48,,64,,60,,n
FRN0004G2S-4GU,4,,6,,12,,18,,27,,n,,36,,48,,32,,48,,64,,60,,n
FRN0005C2E-4E,2,,4,,8,,8,,16,,22,,33,,n,,n,,42,,n,,36,,n
FRN0005C2S-4A,12,,18,,33,,51,,66,,n,,96,,128,,80,,120,,160,,140,,n
FRN0005C2S-4A A,12,,18,,33,,51,,66,,n,,96,,128,,80,,120,,160,,140,,n
FRN0005C2S-4E,12,,18,,33,,51,,66,,n,,96,,128,,80,,120,,160,,140,,n
FRN0005C2S-4U,12,,18,,33,,51,,66,,n,,96,,128,,80,,120,,160,,140,,n
FRN0005C2S-6U,12,,18,,33,,51,,66,,n,,96,,128,,80,,120,,160,,140,,n
FRN0005E2E-7GA,12,,18,,33,,51,,66,,n,,96,,128,,80,,120,,160,,140,,n
FRN0005E2S-7GA,16,,24,,45,,63,,120,,n,,126,,210,,n,,159,,265,,225,,n
FRN0005E2S-7GB,16,,24,,45,,63,,120,,n,,126,,210,,n,,159,,265,,225,,n
FRN0005E3E-7G,12,,18,,33,,51,,66,,n,,96,,128,,80,,120,,160,,140,,n
FRN0005F2E-4G,4,,6,,18,,26,,36,,n,,48,,72,,n,,58,,87,,72,,n
FRN0005G2S-2G,4,,8,,18,,24,,30,,n,,51,,68,,n,,54,,72,,60,,n
FRN0005G2S-2GU,4,,8,,18,,24,,30,,n,,51,,68,,n,,54,,72,,60,,n
FRN0006C2E-7E,12,,18,,33,,51,,66,,n,,96,,128,,80,,120,,160,,140,,n
FRN0006C2S-2A,24,,36,,60,,84,,120,,126,,168,,252,,159,,212,,318,,270,,n
FRN0006C2S-2U,24,,36,,60,,84,,120,,126,,168,,252,,159,,212,,318,,270,,n
FRN0006C2S-2U A,24,,36,,60,,84,,120,,126,,168,,252,,159,,212,,318,,270,,n
FRN0006C2S-7A,16,,24,,45,,84,,120,,n,,168,,210,,n,,212,,265,,225,,n
FRN0006C2S-7A A,16,,24,,45,,84,,120,,n,,168,,210,,n,,212,,265,,225,,n
FRN0006C2S-7E,16,,24,,45,,84,,120,,n,,168,,210,,n,,212,,265,,225,,n
FRN0006C2S-7E A,16,,24,,45,,84,,120,,n,,168,,210,,n,,212,,265,,225,,n
FRN0006C2S-7U,16,,24,,45,,84,,120,,n,,168,,210,,n,,212,,265,,225,,n
FRN0006C2S-7WB,n,,n,,n,,40,,80,,n,,120,,150,,n,,n,,n,,150,,n
FRN0006C2S-7WB-NO,16,,24,,45,,84,,120,,n,,168,,210,,n,,212,,265,,225,,n
FRN0006E2E-2GA,16,,24,,45,,63,,120,,n,,126,,210,,n,,159,,265,,225,,n
FRN0006E2E-4GA,4,,6,,18,,26,,36,,n,,48,,72,,n,,58,,87,,72,,n
FRN0006E2S-2GA,24,,36,,60,,84,,120,,126,,168,,252,,159,,212,,318,,270,,n
FRN0006E2S-2GB,24,,36,,60,,84,,120,,126,,168,,252,,159,,212,,318,,270,,n
FRN0006E2S-2GBBM1,24,,36,,60,,84,,120,,126,,168,,252,,159,,212,,318,,270,,n
FRN0006E2S-4GA,12,,18,,33,,51,,66,,n,,96,,128,,80,,120,,160,,140,,n
FRN0006E2S-4GB,12,,18,,33,,51,,66,,n,,96,,128,,80,,120,,160,,140,,n
FRN0006E2S-4GBBM1,12,,18,,33,,51,,66,,n,,96,,128,,80,,120,,160,,140,,n
FRN0006E3E-4G,4,,6,,18,,26,,36,,n,,48,,72,,n,,58,,87,,72,,n
FRN0006E3S-2G,24,,36,,60,,84,,120,,126,,168,,252,,159,,212,,318,,270,,n
FRN0006E3S-4G,12,,18,,33,,51,,66,,n,,96,,128,,80,,120,,160,,140,,n
FRN0006E3S-7G,16,,24,,45,,63,,120,,n,,126,,210,,n,,159,,265,,225,,n
FRN0006F2E-4G,4,,6,,18,,26,,36,,n,,48,,72,,n,,58,,87,,72,,n
FRN0006G2E-4G,4,,6,,12,,18,,27,,n,,36,,48,,32,,48,,64,,60,,n
FRN0006G2E-4GAP,4,,6,,12,,18,,27,,n,,36,,48,,32,,48,,64,,60,,n
FRN0006G2S-4G,4,,6,,12,,18,,27,,n,,36,,48,,32,,48,,64,,60,,n
FRN0006G2S-4GU,4,,6,,12,,18,,27,,n,,36,,48,,32,,48,,64,,60,,n
FRN0006LM2A-4E,2,,3,,6,,12,,16,,n,,22,,33,,n,,26,,39,,36,,n
FRN0007C2E-4E,2,,4,,8,,8,,16,,22,,33,,n,,n,,42,,n,,36,,n
FRN0007C2S-4A,12,,18,,33,,51,,66,,n,,96,,128,,80,,120,,160,,140,,n
FRN0007C2S-4A A,12,,18,,33,,51,,66,,n,,96,,128,,80,,120,,160,,140,,n
FRN0007C2S-4E,12,,18,,33,,51,,66,,n,,96,,128,,80,,120,,160,,140,,n
FRN0007C2S-4E A,12,,18,,33,,51,,66,,n,,96,,128,,80,,120,,160,,140,,n
FRN0007C2S-4U,12,,18,,33,,51,,66,,n,,96,,128,,80,,120,,160,,140,,n
FRN0007E2E-4GA,4,,6,,18,,26,,36,,n,,48,,72,,n,,58,,87,,72,,n
FRN0007E2S-4GA,12,,18,,33,,51,,66,,n,,96,,128,,80,,120,,160,,140,,n
FRN0007E2S-4GB,12,,18,,33,,51,,66,,n,,96,,128,,80,,120,,160,,140,,n
FRN0007E2S-4GBBM1,12,,18,,33,,51,,66,,n,,96,,128,,80,,120,,160,,140,,n
FRN0007E3E-4G,4,,6,,18,,26,,36,,n,,48,,72,,n,,58,,87,,72,,n
FRN0007E3S-4G,12,,18,,33,,51,,66,,n,,96,,128,,80,,120,,160,,140,,n
FRN0008E2E-7GA,4,,6,,18,,26,,36,,n,,48,,72,,n,,58,,87,,72,,n
FRN0008E2S-7GA,12,,18,,33,,51,,66,,n,,96,,128,,80,,120,,160,,140,,n
FRN0008E2S-7GB,12,,18,,33,,51,,66,,n,,96,,128,,80,,120,,160,,140,,n
FRN0008E3E-7G,4,,6,,18,,26,,36,,n,,48,,72,,n,,58,,87,,72,,n
FRN0008G2S-2G,4,,6,,12,,18,,27,,n,,36,,48,,32,,48,,64,,60,,n
FRN0008G2S-2GU,4,,6,,12,,18,,27,,n,,36,,48,,32,,48,,64,,60,,n
FRN0009G2E-4G,4,,6,,12,,18,,27,,n,,36,,48,,32,,48,,64,,60,,n
FRN0009G2E-4GAP,4,,6,,12,,18,,27,,n,,36,,48,,32,,48,,64,,60,,n
FRN0009G2S-4G,4,,6,,12,,18,,27,,n,,36,,48,,32,,48,,64,,60,,n
FRN0009G2S-4GU,4,,6,,12,,18,,27,,n,,36,,48,,32,,48,,64,,60,,n
FRN0010C2E-7E,2,,4,,8,,8,,16,,22,,33,,n,,n,,42,,n,,36,,n
FRN0010C2E-7E A,2,,4,,8,,8,,16,,22,,33,,n,,n,,42,,n,,36,,n
FRN0010C2S-2A,12,,18,,33,,51,,66,,n,,96,,128,,80,,120,,160,,140,,n
FRN0010C2S-2U,12,,18,,33,,51,,66,,n,,96,,128,,80,,120,,160,,140,,n
FRN0010C2S-2U A,12,,18,,33,,51,,66,,n,,96,,128,,80,,120,,160,,140,,n
FRN0010C2S-7A,12,,18,,33,,51,,66,,n,,96,,128,,80,,120,,160,,140,,n
FRN0010C2S-7E,12,,18,,33,,51,,66,,n,,96,,128,,80,,120,,160,,140,,n
FRN0010C2S-7U,12,,18,,33,,51,,66,,n,,96,,128,,80,,120,,160,,140,,n
FRN0010C2S-7WB,n,,n,,n,,n,,40,,60,,90,,150,,n,,n,,n,,80,,n
FRN0010C2S-7WB NO,12,,18,,33,,51,,66,,n,,96,,128,,80,,120,,160,,140,,n
FRN0010E2E-2GA,4,,6,,18,,26,,36,,n,,48,,72,,n,,58,,87,,72,,n
FRN0010E2S-2ANH,12,,18,,33,,51,,66,,n,,96,,128,,80,,120,,160,,140,,n
FRN0010E2S-2GA,12,,18,,33,,51,,66,,n,,96,,128,,80,,120,,160,,140,,n
FRN0010E2S-2GB,12,,18,,33,,51,,66,,n,,96,,128,,80,,120,,160,,140,,n
FRN0010E2S-2GBBM1,12,,18,,33,,51,,66,,n,,96,,128,,80,,120,,160,,140,,n
FRN0010E3S-2G,12,,18,,33,,51,,66,,n,,96,,128,,80,,120,,160,,140,,n
FRN0010E3S-7G,12,,18,,33,,51,,66,,n,,96,,128,,80,,120,,160,,140,,n
FRN0010LM2A-4E,2,,3,,6,,12,,16,,n,,22,,33,,n,,26,,39,,36,,n
FRN0010LM2A-4ESD,2,,3,,6,,12,,16,,n,,22,,33,,n,,26,,39,,36,,n
FRN0010LM2C-4A,2,,3,,6,,12,,16,,n,,22,,33,,n,,26,,39,,36,,n
FRN0010LM2C-4E,2,,3,,6,,12,,16,,n,,22,,33,,n,,26,,39,,36,,n
FRN0011C2E-4E,2,,4,,8,,8,,16,,22,,33,,n,,n,,42,,n,,36,,n
FRN0011C2S-4A,8,,12,,27,,39,,54,,n,,72,,120,,58,,87,,145,,96,,n
FRN0011C2S-4A A,8,,12,,27,,39,,54,,n,,72,,120,,58,,87,,145,,96,,n
FRN0011C2S-4E,8,,12,,27,,39,,54,,n,,72,,120,,58,,87,,145,,96,,n
FRN0011C2S-4U,8,,12,,27,,39,,54,,n,,72,,120,,58,,87,,145,,96,,n
FRN0011E2E-7GA,4,,6,,18,,26,,36,,n,,48,,72,,n,,58,,87,,72,,n
FRN0011E2S-7GA,8,,12,,27,,39,,54,,n,,72,,96,,n,,58,,116,,96,,n
FRN0011E2S-7GB,8,,12,,27,,39,,54,,n,,72,,120,,58,,87,,145,,96,,n
FRN0011E3E-7G,4,,6,,18,,26,,36,,n,,48,,72,,n,,58,,87,,72,,n
FRN0011F2E-4G,4,,6,,18,,26,,36,,n,,48,,72,,n,,58,,87,,72,,n
FRN0011G2S-2G,4,,6,,12,,18,,27,,n,,36,,48,,32,,48,,64,,60,,n
FRN0011G2S-2GU,4,,6,,12,,18,,27,,n,,36,,48,,32,,48,,64,,60,,n
FRN0011LM2A-7E,2,,3,,6,,12,,16,,n,,22,,33,,n,,26,,39,,36,,n
FRN0011LM2A-7ESD,2,,3,,6,,12,,16,,n,,22,,33,,n,,26,,39,,36,,n
FRN0012C2E-7E,2,,4,,8,,8,,16,,22,,33,,n,,n,,42,,n,,36,,n
FRN0012C2E-7E A,2,,4,,8,,8,,16,,22,,33,,n,,n,,42,,n,,36,,n
FRN0012C2S-2A,12,,18,,33,,51,,66,,n,,96,,128,,80,,120,,160,,140,,n
FRN0012C2S-2U,12,,18,,33,,51,,66,,n,,96,,128,,80,,120,,160,,140,,n
FRN0012C2S-2U A,12,,18,,33,,51,,66,,n,,96,,128,,80,,120,,160,,140,,n
FRN0012C2S-7A,8,,12,,27,,39,,54,,n,,72,,120,,58,,87,,145,,96,,n
FRN0012C2S-7E,8,,12,,27,,39,,54,,n,,72,,120,,58,,87,,145,,96,,n
FRN0012C2S-7U,8,,12,,27,,39,,54,,n,,72,,120,,58,,87,,145,,96,,n
FRN0012C2S-7URE,8,,12,,27,,39,,54,,n,,72,,120,,58,,87,,145,,96,,n
FRN0012E2E-2GA,4,,6,,18,,26,,36,,n,,48,,72,,n,,58,,87,,72,,n
FRN0012E2E-4GA,4,,6,,18,,26,,36,,n,,48,,72,,n,,58,,87,,72,,n
FRN0012E2S-2ANH,12,,18,,33,,51,,66,,n,,96,,128,,80,,120,,160,,140,,n
FRN0012E2S-2GA,12,,18,,33,,51,,66,,n,,96,,128,,80,,120,,160,,140,,n
FRN0012E2S-2GB,12,,18,,33,,51,,66,,n,,96,,128,,80,,120,,160,,140,,n
FRN0012E2S-2GBBM1,12,,18,,33,,51,,66,,n,,96,,128,,80,,120,,160,,140,,n
FRN0012E2S-4GA,8,,12,,27,,39,,54,,n,,72,,96,,n,,58,,116,,96,,n
FRN0012E2S-4GALM3,8,,12,,27,,39,,54,,n,,72,,96,,n,,58,,116,,96,,n
FRN0012E2S-4GB,8,,12,,27,,39,,54,,n,,72,,96,,n,,58,,116,,96,,n
FRN0012E2S-4GBBM1,8,,12,,27,,39,,54,,n,,72,,96,,n,,58,,116,,96,,n
FRN0012E3E-4G,4,,6,,18,,26,,36,,n,,48,,72,,n,,58,,87,,72,,n
FRN0012E3S-2G,12,,18,,33,,51,,66,,n,,96,,128,,80,,120,,160,,140,,n
FRN0012E3S-4G,8,,12,,27,,39,,54,,n,,72,,96,,n,,58,,116,,96,,n
FRN0012E3S-7G,8,,12,,27,,39,,54,,n,,72,,96,,n,,58,,116,,96,,n
FRN0013C2E-4E,1,,2,,4,,8,,12,,n,,14,,21,,n,,16,,24,,24,,n
FRN0013C2E-4E A,1,,2,,4,,8,,12,,n,,14,,21,,n,,16,,24,,24,,n
FRN0013C2S-4A,2,,4,,8,,8,,16,,22,,33,,n,,26,,39,,n,,36,,n
FRN0013C2S-4A A,2,,4,,8,,8,,16,,22,,33,,n,,26,,39,,n,,36,,n
FRN0013C2S-4E,2,,4,,8,,8,,16,,22,,33,,n,,26,,39,,n,,36,,n
FRN0013C2S-4U,2,,4,,8,,8,,16,,22,,33,,n,,26,,39,,n,,36,,n
FRN0015LM2A-4E,2,,3,,6,,12,,16,,n,,22,,33,,n,,26,,39,,36,,n
FRN0015LM2A-4ESD,2,,3,,6,,12,,16,,n,,22,,33,,n,,26,,39,,36,,n
FRN0015LM2C-4A,2,,3,,6,,12,,16,,n,,22,,33,,n,,26,,39,,36,,n
FRN0015LM2C-4E,2,,3,,6,,12,,16,,n,,22,,33,,n,,26,,39,,36,,n
FRN0018C2E-4E,1,,2,,4,,8,,12,,n,,14,,21,,n,,16,,24,,24,,n
FRN0018C2S-4A,2,,4,,8,,8,,16,,22,,33,,n,,26,,39,,n,,36,,n
FRN0018C2S-4E,2,,4,,8,,8,,16,,22,,33,,n,,26,,39,,n,,36,,n
FRN0018C2S-4E A,2,,4,,8,,8,,16,,22,,33,,n,,26,,39,,n,,36,,n
FRN0018C2S-4U,2,,4,,8,,8,,16,,22,,33,,n,,26,,39,,n,,36,,n
FRN0018C2S-4U A,2,,4,,8,,8,,16,,22,,33,,n,,26,,39,,n,,36,,n
FRN0018E2S-4E,2,,4,,8,,8,,16,,22,,33,,n,,26,,39,,n,,36,,n
FRN0018F2E-4G,1,,2,,4,,8,,12,,n,,14,,21,,n,,16,,24,,24,,n
FRN0018G2E-4G,1,,2,,4,,8,,12,,n,,16,,24,,n,,18,,27,,27,,n
FRN0018G2E-4GAP,1,,2,,4,,8,,12,,n,,16,,24,,n,,18,,27,,27,,n
FRN0018G2S-2G,4,,6,,12,,18,,27,,n,,36,,48,,32,,48,,64,,60,,n
FRN0018G2S-2GU,4,,6,,12,,18,,27,,n,,36,,48,,32,,48,,64,,60,,n
FRN0018G2S-4G,1,,2,,4,,8,,12,,n,,16,,24,,n,,18,,27,,27,,n
FRN0018LM2A-7E,2,,3,,6,,12,,16,,n,,22,,33,,n,,26,,39,,36,,n
FRN0018LM2A-7ESD,2,,3,,6,,12,,16,,n,,22,,33,,n,,26,,39,,36,,n
FRN0019LM2A-4E,2,,3,,6,,12,,16,,n,,22,,33,,n,,26,,39,,36,,n
FRN0019LM2A-4ESD,2,,3,,6,,12,,16,,n,,22,,33,,n,,26,,39,,36,,n
FRN0019LM2C-4A,2,,3,,6,,12,,16,,n,,22,,33,,n,,26,,39,,36,,n
FRN0019LM2C-4E,2,,3,,6,,12,,16,,n,,22,,33,,n,,26,,39,,36,,n
FRN001AR1L-2U,n,,2,,3,,6,,8,,n,,14,,n,,n,,16,,n,,16,,n
FRN001AR1L-4U,n,,2,,3,,6,,8,,n,,14,,n,,n,,16,,n,,16,,n
FRN001AR1M-2U,n,,2,,3,,6,,8,,n,,14,,n,,n,,16,,n,,16,,n
FRN001AR1M-4U,n,,2,,3,,6,,8,,n,,14,,n,,n,,16,,n,,16,,n
FRN001E1S-2U,16,,24,,45,,63,,120,,n,,126,,210,,n,,159,,265,,225,,n
FRN001E1S-4U,12,,18,,33,,51,,66,,n,,96,,128,,80,,120,,160,,140,,n
FRN001E1S-7U,16,,24,,45,,63,,120,,n,,126,,210,,n,,159,,265,,225,,n
FRN001F1S-2DY,4,,6,,12,,18,,27,,n,,36,,48,,32,,48,,64,,60,,n
FRN001F1S-2U,4,,6,,12,,18,,27,,n,,36,,48,,32,,48,,64,,60,,n
FRN001F1S-4DY,4,,6,,12,,18,,27,,n,,36,,48,,32,,48,,64,,60,,n
FRN001F1S-4U,4,,6,,12,,18,,27,,n,,36,,48,,32,,48,,64,,60,,n
FRN001G1S-2U,n,,n,,n,,n,,n,,n,,n,,n,,n,,n,,n,,n,,n
FRN001G1S-4U,n,,n,,n,,n,,n,,n,,n,,n,,n,,n,,n,,n,,n
FRN0020C2S-2A,8,,12,,27,,39,,54,,n,,72,,120,,58,,87,,145,,96,,n
FRN0020C2S-2U,8,,12,,27,,39,,54,,n,,72,,120,,58,,87,,145,,96,,n
FRN0020C2S-2U A,8,,12,,27,,39,,54,,n,,72,,120,,58,,87,,145,,96,,n
FRN0020E2E-2GA,4,,6,,18,,26,,36,,n,,48,,72,,n,,58,,87,,72,,n
FRN0020E2S-2ANH,8,,12,,27,,39,,54,,n,,72,,96,,n,,58,,116,,96,,n
FRN0020E2S-2GA,8,,12,,27,,39,,54,,n,,72,,96,,n,,58,,116,,96,,n
FRN0020E2S-2GB,8,,12,,27,,39,,54,,n,,72,,96,,n,,58,,116,,96,,n
FRN0020E2S-2GBBM1,8,,12,,27,,39,,54,,n,,72,,96,,n,,58,,116,,96,,n
FRN0020E3S-2G,8,,12,,27,,39,,54,,n,,72,,96,,n,,58,,116,,96,,n
FRN0022E2E-4E,1,,2,,4,,8,,12,,n,,14,,21,,n,,16,,24,,24,,n
FRN0022E2S-4A,2,,4,,8,,8,,16,,22,,33,,n,,26,,39,,n,,36,,n
FRN0022E2S-4E,2,,4,,8,,8,,16,,22,,33,,n,,26,,39,,n,,36,,n
FRN0022E2S-4GB,2,,4,,8,,8,,16,,22,,33,,n,,26,,39,,n,,36,,n
FRN0022E2S-4GBBM1,2,,4,,8,,8,,16,,22,,33,,n,,26,,39,,n,,36,,n
FRN0022E3E-4G,1,,2,,4,,4,,12,,n,,18,,27,,n,,20,,30,,30,,n
FRN0022E3S-4G,2,,4,,8,,8,,16,,22,,33,,n,,26,,39,,n,,36,,n
FRN0023F2E-4G,1,,2,,4,,8,,12,,n,,14,,21,,n,,16,,24,,24,,n
FRN0023G2E-4G,1,,2,,4,,8,,12,,n,,16,,24,,n,,18,,27,,27,,n
FRN0023G2E-4GAP,1,,2,,4,,8,,12,,n,,16,,24,,n,,18,,27,,27,,n
FRN0023G2S-4G,1,,2,,4,,8,,12,,n,,16,,24,,n,,18,,27,,27,,n
FRN0024C2E-4E,n,,1,,4,,4,,6,,6,,12,,18,,8,,16,,24,,12,,n
FRN0024C2S-4A,1,,2,,4,,8,,12,,n,,16,,24,,n,,18,,27,,27,,n
FRN0024C2S-4A A,1,,2,,4,,8,,12,,n,,16,,24,,n,,18,,27,,27,,n
FRN0024C2S-4E,1,,2,,4,,8,,12,,n,,16,,24,,n,,18,,27,,27,,n
FRN0024C2S-4U,1,,2,,4,,8,,12,,n,,16,,24,,n,,18,,27,,27,,n
FRN0025C2S-2A,2,,4,,8,,8,,16,,22,,33,,n,,26,,39,,n,,36,,n
FRN0025C2S-2U,2,,4,,8,,8,,16,,22,,33,,n,,26,,39,,n,,36,,n
FRN0025LM2A-4E,1,,2,,4,,6,,12,,n,,14,,21,,n,,16,,24,,24,,n
FRN0025LM2A-4ESD,1,,2,,4,,6,,12,,n,,14,,21,,n,,16,,24,,24,,n
FRN0025LM2C-4A,2,,3,,6,,12,,16,,n,,22,,33,,n,,26,,39,,36,,n
FRN0025LM2C-4E,2,,3,,6,,12,,16,,n,,22,,33,,n,,26,,39,,36,,n
FRN0029E2E-4E,1,,2,,4,,8,,12,,n,,14,,21,,n,,16,,24,,24,,n
FRN0029E2S-4A,2,,4,,8,,8,,16,,22,,33,,n,,26,,39,,n,,36,,n
FRN0029E2S-4E,2,,4,,8,,8,,16,,22,,33,,n,,26,,39,,n,,36,,n
FRN0029E2S-4GB,2,,4,,8,,8,,16,,22,,33,,n,,26,,39,,n,,36,,n
FRN0029E2S-4GBBM1,2,,4,,8,,8,,16,,22,,33,,n,,26,,39,,n,,36,,n
FRN0029E2S-4U,2,,4,,8,,8,,16,,22,,33,,n,,26,,39,,n,,36,,n
FRN0029E3E-4G,1,,2,,4,,4,,12,,n,,18,,27,,n,,20,,30,,30,,n
FRN0029E3S-4G,2,,4,,8,,8,,16,,22,,33,,n,,26,,39,,n,,36,,n
FRN002AR1L-2U,n,,2,,3,,6,,8,,n,,14,,n,,n,,16,,n,,16,,n
FRN002AR1L-4U,n,,2,,3,,6,,8,,n,,14,,n,,n,,16,,n,,16,,n
FRN002AR1M-2U,n,,2,,3,,6,,8,,n,,14,,n,,n,,16,,n,,16,,n
FRN002AR1M-4U,n,,2,,3,,6,,8,,n,,14,,n,,n,,16,,n,,16,,n
FRN002E1S-2U,12,,18,,33,,51,,66,,n,,96,,128,,80,,120,,160,,140,,n
FRN002E1S-4U,12,,18,,33,,51,,66,,n,,96,,128,,80,,120,,160,,140,,n
FRN002E1S-7U,12,,18,,22,,34,,66,,n,,96,,128,,80,,120,,160,,105,,n
FRN002F1S-2DY,4,,6,,12,,18,,27,,n,,36,,48,,32,,48,,64,,60,,n
FRN002F1S-2U,4,,6,,12,,18,,27,,n,,36,,48,,32,,48,,64,,60,,n
FRN002F1S-4DY,4,,6,,12,,18,,27,,n,,36,,48,,32,,48,,64,,60,,n
FRN002F1S-4U,4,,6,,12,,18,,27,,n,,36,,48,,32,,48,,64,,60,,n
FRN002G1S-2U,2,,4,,6,,18,,27,,n,,n,,40,,n,,n,,n,,n,,n
FRN002G1S-4U,2,,4,,6,,18,,27,,n,,n,,40,,n,,n,,n,,n,,n
FRN002G1S-4U P,2,,4,,6,,18,,27,,n,,n,,40,,n,,n,,n,,n,,n
FRN0030C2E-4E,n,,1,,4,,4,,6,,6,,12,,18,,8,,16,,24,,12,,n
FRN0030C2S-4A,1,,2,,4,,8,,12,,n,,16,,24,,n,,18,,27,,27,,n
FRN0030C2S-4A A,1,,2,,4,,8,,12,,n,,16,,24,,n,,18,,27,,27,,n
FRN0030C2S-4E,1,,2,,4,,8,,12,,n,,16,,24,,n,,18,,27,,27,,n
FRN0030C2S-4U,1,,2,,4,,8,,12,,n,,16,,24,,n,,18,,27,,27,,n
FRN0030E2S-2A,2,,4,,8,,8,,16,,22,,33,,n,,26,,39,,n,,36,,n
FRN0030E2S-2GB,2,,4,,8,,8,,16,,22,,33,,n,,26,,39,,n,,36,,n
FRN0030E2S-2GBBM1,2,,4,,8,,8,,16,,22,,33,,n,,26,,39,,n,,36,,n
FRN0030E2S-2U,2,,4,,8,,8,,16,,22,,33,,n,,26,,39,,n,,36,,n
FRN0030E3S-2G,2,,4,,8,,8,,16,,22,,33,,n,,26,,39,,n,,36,,n
FRN0031F2E-4G,n,,1,,4,,4,,6,,6,,12,,18,,8,,16,,24,,12,,n
FRN0031G2E-4G,1,,2,,4,,8,,12,,n,,16,,24,,n,,18,,27,,27,,n
FRN0031G2S-4G,1,,2,,4,,8,,12,,n,,16,,24,,n,,18,,27,,27,,n
FRN0032G2S-2G,1,,2,,4,,8,,12,,n,,16,,24,,n,,18,,27,,27,,n
FRN0032G2S-2GU,1,,2,,4,,8,,12,,n,,16,,24,,n,,18,,27,,27,,n
FRN0032LM2A-4E,1,,2,,4,,6,,12,,n,,14,,21,,n,,16,,24,,24,,n
FRN0032LM2A-4ESD,1,,2,,4,,6,,12,,n,,14,,21,,n,,16,,24,,24,,n
FRN0032LM2C-4A,1,,2,,4,,6,,12,,n,,14,,21,,n,,16,,24,,24,,n
FRN0032LM2C-4E,1,,2,,4,,6,,12,,n,,14,,21,,n,,16,,24,,24,,n
FRN0033C2S-2A,2,,4,,8,,8,,16,,22,,33,,n,,26,,39,,n,,36,,n
FRN0033C2S-2U,2,,4,,8,,8,,16,,22,,33,,n,,26,,39,,n,,36,,n
FRN0035G2E-4G,1,,2,,4,,8,,12,,n,,16,,24,,n,,18,,27,,27,,n
FRN0035G2E-4GAP,1,,2,,4,,8,,12,,n,,16,,24,,n,,18,,27,,27,,n
FRN0035G2S-4G,1,,2,,4,,8,,12,,n,,16,,24,,n,,18,,27,,27,,n
FRN0035G2S-4GU,1,,2,,4,,8,,12,,n,,16,,24,,n,,18,,27,,27,,n
FRN0037E2E-4E,n,,1,,4,,4,,6,,6,,12,,18,,8,,16,,24,,12,,n
FRN0037E2S-4A,1,,2,,4,,8,,12,,n,,16,,24,,n,,18,,27,,27,,n
FRN0037E2S-4E,1,,2,,4,,8,,12,,n,,16,,24,,n,,18,,27,,27,,n
FRN0037E2S-4GB,1,,2,,4,,8,,12,,n,,16,,24,,n,,18,,27,,27,,n
FRN0037E2S-4GBBM1,1,,2,,4,,8,,12,,n,,16,,24,,n,,18,,27,,27,,n
FRN0037E3E-4G,n,,1,,2,,4,,6,,6,,12,,n,,6,,12,,n,,12,,n
FRN0037E3S-4G,1,,2,,4,,8,,12,,n,,16,,24,,n,,18,,27,,27,,n
FRN0038F2E-4G,n,,1,,4,,4,,6,,6,,12,,18,,8,,16,,24,,12,,n
FRN0038G2E-4G,n,,1,,2,,4,,8,,n,,10,,15,,n,,12,,18,,18,,n
FRN0038G2S-4G,n,,1,,2,,4,,8,,n,,10,,15,,n,,12,,18,,18,,n
FRN0039LM2A-4E,n,,1,,2,,4,,8,,n,,10,,15,,n,,12,,18,,18,,n
FRN0039LM2A-4ESD,n,,1,,2,,4,,8,,n,,10,,15,,n,,12,,18,,18,,n
FRN0039LM2C-4A,n,,1,,2,,4,,8,,n,,10,,15,,n,,12,,18,,18,,n
FRN003AR1L-2U,n,,2,,3,,6,,8,,n,,14,,n,,n,,16,,n,,16,,n
FRN003AR1L-4U,n,,2,,3,,6,,8,,n,,14,,n,,n,,16,,n,,16,,n
FRN003AR1M-2U,n,,2,,3,,6,,8,,n,,14,,n,,n,,16,,n,,16,,n
FRN003AR1M-4U,n,,2,,3,,6,,8,,n,,14,,n,,n,,16,,n,,16,,n
FRN003E1S-2U,12,,18,,33,,51,,66,,n,,96,,128,,80,,120,,160,,140,,n
FRN003E1S-4U,12,,18,,33,,51,,66,,n,,96,,128,,80,,120,,160,,140,,n
FRN003E1S-7U,12,,18,,33,,51,,66,,n,,96,,128,,80,,120,,160,,140,,n
FRN003F1S-2DY,4,,6,,12,,18,,27,,n,,36,,48,,32,,48,,64,,60,,n
FRN003F1S-2U,4,,6,,12,,18,,27,,n,,36,,48,,32,,48,,64,,60,,n
FRN003F1S-4DY,4,,6,,12,,18,,27,,n,,36,,48,,32,,48,,64,,60,,n
FRN003F1S-4U,4,,6,,12,,18,,27,,n,,36,,48,,32,,48,,64,,60,,n
FRN003G1S-2U,2,,4,,6,,18,,27,,n,,n,,40,,n,,n,,n,,n,,n
FRN003G1S-4U,2,,4,,6,,18,,27,,n,,n,,40,,n,,n,,n,,n,,n
FRN0040E2S-2A,2,,4,,8,,8,,16,,22,,33,,n,,26,,39,,n,,36,,n
FRN0040E2S-2GB,2,,4,,8,,8,,16,,22,,33,,n,,26,,39,,n,,36,,n
FRN0040E2S-2GBBM1,2,,4,,8,,8,,16,,22,,33,,n,,26,,39,,n,,36,,n
FRN0040E3S-2G,2,,4,,8,,8,,16,,22,,33,,n,,26,,39,,n,,36,,n
FRN0041G2E-4G,n,,1,,2,,4,,8,,n,,10,,15,,n,,12,,18,,18,,n
FRN0041G2E-4GAP,n,,1,,2,,4,,8,,n,,10,,15,,n,,12,,18,,18,,n
FRN0041G2S-4G,n,,1,,2,,4,,8,,n,,10,,15,,n,,12,,18,,18,,n
FRN0044E2E-4E,n,,1,,4,,4,,6,,6,,12,,18,,8,,16,,24,,12,,n
FRN0044E2S-4A,1,,2,,4,,8,,12,,n,,16,,24,,n,,18,,27,,27,,n
FRN0044E2S-4E,1,,2,,4,,8,,12,,n,,16,,24,,n,,18,,27,,27,,n
FRN0044E2S-4GB,1,,2,,4,,8,,12,,n,,16,,24,,n,,18,,27,,27,,n
FRN0044E2S-4GBBM1,1,,2,,4,,8,,12,,n,,16,,24,,n,,18,,27,,27,,n
FRN0044E3E-4G,n,,1,,2,,4,,6,,6,,12,,n,,6,,12,,n,,12,,n
FRN0044E3S-4G,1,,2,,4,,8,,12,,n,,16,,24,,n,,18,,27,,27,,n
FRN0045F2E-4G,n,,1,,2,,4,,8,,n,,10,,15,,n,,12,,18,,18,,n
FRN0045G2E-4G,n,,1,,2,,4,,8,,n,,10,,15,,n,,12,,18,,18,,n
FRN0045G2E-4GAP,n,,1,,2,,4,,8,,n,,10,,15,,n,,12,,18,,18,,n
FRN0045G2S-4G,n,,1,,2,,4,,8,,n,,10,,15,,n,,12,,18,,18,,n
FRN0045G2S-4GU,n,,1,,2,,4,,8,,n,,10,,15,,n,,12,,18,,18,,n
FRN0045LM2A-4E,n,,1,,2,,4,,8,,n,,10,,15,,n,,12,,18,,18,,n
FRN0045LM2A-4ESD,n,,1,,2,,4,,8,,n,,10,,15,,n,,12,,18,,18,,n
FRN0045LM2C-4A,n,,1,,2,,4,,8,,n,,10,,15,,n,,12,,18,,18,,n
FRN0046G2S-2G,1,,2,,4,,8,,12,,n,,16,,24,,n,,18,,27,,27,,n
FRN0046G2S-2GU,1,,2,,4,,8,,12,,n,,16,,24,,n,,18,,27,,27,,n
FRN0047C2S-2A,1,,2,,4,,8,,12,,n,,16,,24,,n,,18,,27,,27,,n
FRN0047C2S-2U,1,,2,,4,,8,,12,,n,,16,,24,,n,,18,,27,,27,,n
FRN0056E2S-2A,1,,2,,4,,8,,12,,n,,16,,24,,n,,18,,27,,27,,n
FRN0056E2S-2GB,1,,2,,4,,8,,12,,n,,16,,24,,n,,18,,27,,27,,n
FRN0056E2S-2GBBM1,1,,2,,4,,8,,12,,n,,16,,24,,n,,18,,27,,27,,n
FRN0056E3S-2G,1,,2,,4,,8,,12,,n,,16,,24,,n,,18,,27,,27,,n
FRN0059E2E-4E,n,,1,,2,,4,,6,,n,,n,,12,,n,,12,,18,,12,,n
FRN0059E2S-4A,n,,1,,2,,4,,6,,n,,n,,12,,n,,12,,18,,12,,n
FRN0059E2S-4E,n,,n,,n,,n,,n,,n,,n,,n,,n,,n,,n,,n,,n
FRN0059E2S-4GB,n,,1,,2,,4,,6,,n,,n,,12,,n,,12,,18,,12,,n
FRN0059E2S-4U,n,,1,,2,,4,,6,,n,,n,,12,,n,,12,,18,,12,,n
FRN0059E3E-4G,n,,1,,2,,4,,8,,n,,10,,15,,n,,12,,18,,18,,n
FRN0059E3S-4G,n,,1,,2,,4,,6,,n,,n,,12,,n,,12,,18,,12,,n
FRN0059G2S-2G,1,,2,,4,,8,,12,,n,,16,,24,,n,,18,,27,,27,,n
FRN0059G2S-2GU,1,,2,,4,,8,,12,,n,,16,,24,,n,,18,,27,,27,,n
FRN005AR1L-2U,n,,2,,3,,6,,8,,n,,14,,n,,n,,16,,n,,16,,n
FRN005AR1L-4U,n,,2,,3,,6,,8,,n,,14,,n,,n,,16,,n,,16,,n
FRN005AR1M-2U,n,,2,,3,,6,,8,,n,,14,,n,,n,,16,,n,,16,,n
FRN005AR1M-4U,n,,2,,3,,6,,8,,n,,14,,n,,n,,16,,n,,16,,n
FRN005E1S-2U,8,,12,,27,,39,,54,,n,,72,,96,,n,,58,,116,,96,,n
FRN005E1S-4U,8,,12,,27,,39,,54,,n,,72,,96,,n,,58,,116,,96,,n
FRN005F1S-2DY,4,,6,,12,,18,,27,,n,,36,,48,,32,,48,,64,,60,,n
FRN005F1S-2U,4,,6,,12,,18,,27,,n,,36,,48,,32,,48,,64,,60,,n
FRN005F1S-4DY,4,,6,,12,,18,,27,,n,,36,,48,,32,,48,,64,,60,,n
FRN005F1S-4U,4,,6,,12,,18,,27,,n,,36,,48,,32,,48,,64,,60,,n
FRN005G1S-2U,2,,4,,6,,18,,27,,n,,n,,40,,n,,n,,n,,n,,n
FRN005G1S-4U,2,,4,,6,,18,,27,,n,,n,,40,,n,,n,,n,,n,,n
FRN0060C2S-2A,1,,2,,4,,8,,12,,n,,16,,24,,n,,18,,27,,27,,n
FRN0060C2S-2U,1,,2,,4,,8,,12,,n,,16,,24,,n,,18,,27,,27,,n
FRN0060C2S-2U A,1,,2,,4,,8,,12,,n,,16,,24,,n,,18,,27,,27,,n
FRN0060F2E-4G,n,,1,,2,,4,,8,,n,,10,,15,,n,,12,,18,,18,,n
FRN0060G2E-4G,n,,1,,2,,4,,8,,n,,10,,15,,n,,12,,18,,18,,n
FRN0060G2E-4GAP,n,,1,,2,,4,,8,,n,,10,,15,,n,,12,,18,,18,,n
FRN0060G2S-4G,n,,1,,2,,4,,8,,n,,10,,15,,n,,12,,18,,18,,n
FRN0060G2S-4GU,n,,1,,2,,4,,8,,n,,10,,15,,n,,12,,18,,18,,n
FRN0060LM2A-4E,n,,n,,n,,n,,n,,n,,n,,n,,n,,n,,n,,n,,w
FRN0060LM2A-4ESD,n,,n,,n,,n,,n,,n,,n,,n,,n,,n,,n,,n,,w
FRN0069E2S-2GB,1,,2,,4,,8,,12,,n,,16,,24,,n,,18,,27,,27,,n
FRN0069E2S-2GBBM1,1,,2,,4,,8,,12,,n,,16,,24,,n,,18,,27,,27,,n
FRN0069E2S-2U,1,,2,,4,,8,,12,,n,,16,,24,,n,,18,,27,,27,,n
FRN0069E3S-2G,1,,2,,4,,8,,12,,n,,16,,24,,n,,18,,27,,27,,n
FRN0072E2E-4E,n,,1,,2,,4,,6,,n,,n,,12,,n,,12,,18,,12,,n
FRN0072E2S-4A,n,,1,,2,,4,,6,,n,,n,,12,,n,,12,,18,,12,,n
FRN0072E2S-4E,n,,n,,n,,n,,n,,n,,n,,n,,n,,n,,n,,n,,n
FRN0072E2S-4GB,n,,1,,2,,4,,6,,n,,n,,12,,n,,12,,18,,12,,n
FRN0072E2S-4GBBM1,n,,1,,2,,4,,6,,n,,n,,12,,n,,12,,18,,12,,n
FRN0072E2S-4U,n,,1,,2,,4,,6,,n,,n,,12,,n,,12,,18,,12,,n
FRN0072E3E-4G,n,,1,,2,,4,,8,,n,,10,,15,,n,,12,,18,,18,,n
FRN0072E3S-4G,n,,1,,2,,4,,8,,n,,10,,15,,n,,12,,18,,18,,n
FRN0075F2E-4G,n,,n,,n,,n,,n,,n,,n,,n,,n,,n,,n,,n,,w
FRN0075G2E-4G,n,,n,,n,,n,,n,,n,,n,,n,,n,,n,,n,,n,,w
FRN0075G2S-2G,n,,1,,2,,4,,8,,n,,10,,15,,n,,12,,18,,18,,n
FRN0075G2S-4G,n,,n,,n,,n,,n,,n,,n,,n,,n,,n,,n,,n,,w
FRN0075LM2A-4E,n,,n,,n,,n,,n,,n,,n,,n,,n,,n,,n,,n,,w
FRN0075LM2A-4ESD,n,,n,,n,,n,,n,,n,,n,,n,,n,,n,,n,,n,,w
FRN007AR1L-2U,n,,n,,n,,2,,6,,n,,n,,n,,n,,8,,n,,8,,n
FRN007AR1L-4U,n,,2,,3,,6,,8,,n,,14,,n,,n,,16,,n,,16,,n
FRN007AR1M-2U,n,,n,,n,,2,,6,,n,,n,,n,,n,,8,,n,,8,,n
FRN007AR1M-4U,n,,2,,3,,6,,8,,n,,14,,n,,n,,16,,n,,16,,n
FRN007E1S-2U,2,,4,,8,,8,,16,,22,,33,,n,,26,,39,,n,,36,,n
FRN007E1S-4U,2,,4,,8,,8,,16,,22,,33,,n,,26,,39,,n,,36,,n
FRN007F1S-2DY,1,,2,,4,,8,,12,,n,,16,,24,,n,,18,,27,,18,,n
FRN007F1S-2U,1,,2,,4,,8,,12,,n,,16,,24,,n,,18,,27,,18,,n
FRN007F1S-4DY,4,,6,,12,,18,,27,,n,,36,,48,,32,,48,,64,,60,,n
FRN007F1S-4U,4,,6,,12,,18,,27,,n,,36,,48,,32,,48,,64,,60,,n
FRN007G1S-2U,1,,2,,4,,6,,10,,n,,12,,n,,n,,n,,n,,n,,n
FRN007G1S-4U,1,,2,,4,,6,,10,,n,,12,,n,,n,,n,,n,,n,,n
FRN0085E2E-4E,n,,n,,n,,n,,n,,n,,n,,n,,n,,n,,n,,n,,w
FRN0085E2S-4A,n,,n,,n,,n,,n,,n,,n,,n,,n,,n,,n,,n,,w
FRN0085E2S-4E,n,,n,,n,,n,,n,,n,,n,,n,,n,,n,,n,,n,,w
FRN0085E2S-4GB,n,,n,,n,,n,,n,,n,,n,,n,,n,,n,,n,,n,,w
FRN0085E2S-4U,n,,n,,n,,n,,n,,n,,n,,n,,n,,n,,n,,n,,w
FRN0085G2E-4G,n,,n,,n,,n,,n,,n,,n,,n,,n,,n,,n,,n,,w
FRN0085G2E-4GAP,n,,n,,n,,n,,n,,n,,n,,n,,n,,n,,n,,n,,w
FRN0085G2S-4G,n,,n,,n,,n,,n,,n,,n,,n,,n,,n,,n,,n,,w
FRN0088E2S-2A,n,,1,,2,,4,,8,,n,,10,,15,,n,,12,,18,,18,,n
FRN0088E2S-2GB,n,,1,,2,,4,,8,,n,,10,,15,,n,,12,,18,,18,,n
FRN0088E2S-2GBBM1,n,,1,,2,,4,,8,,n,,10,,15,,n,,12,,18,,18,,n
FRN0088E3S-2G,n,,1,,2,,4,,8,,n,,10,,15,,n,,12,,18,,18,,n
FRN0088G2S-2G,n,,1,,2,,4,,8,,n,,10,,15,,n,,12,,18,,18,,n
FRN0088G2S-2GU,n,,1,,2,,4,,8,,n,,10,,15,,n,,12,,18,,18,,n
FRN0091F2E-4G,n,,n,,n,,n,,n,,n,,n,,n,,n,,n,,n,,n,,w
FRN0091G2E-4G,n,,n,,n,,n,,n,,n,,n,,n,,n,,n,,n,,n,,w
FRN0091G2S-4G,n,,n,,n,,n,,n,,n,,n,,n,,n,,n,,n,,n,,w
FRN0091LM2A-4E,n,,n,,n,,n,,n,,n,,n,,n,,n,,n,,n,,n,,w
FRN0091LM2A-4ESD,n,,n,,n,,n,,n,,n,,n,,n,,n,,n,,n,,n,,w
FRN0105E2E-4E,n,,n,,n,,n,,n,,n,,n,,n,,n,,n,,n,,n,,w
FRN0105E2S-4A,n,,n,,n,,n,,n,,n,,n,,n,,n,,n,,n,,n,,w
FRN0105E2S-4E,n,,n,,n,,n,,n,,n,,n,,n,,n,,n,,n,,n,,w
FRN0105E2S-4GB,n,,n,,n,,n,,n,,n,,n,,n,,n,,n,,n,,n,,w
FRN0105E2S-4U,n,,n,,n,,n,,n,,n,,n,,n,,n,,n,,n,,n,,w
FRN0105G2E-4G,n,,n,,n,,n,,n,,n,,n,,n,,n,,n,,n,,n,,w
FRN0105G2E-4GAP,n,,n,,n,,n,,n,,n,,n,,n,,n,,n,,n,,n,,w
FRN0105G2S-4G,n,,n,,n,,n,,n,,n,,n,,n,,n,,n,,n,,n,,w
FRN010AR1L-2U,n,,n,,n,,2,,6,,n,,n,,n,,n,,8,,n,,8,,n
FRN010AR1L-4U,n,,2,,3,,6,,8,,n,,14,,n,,n,,16,,n,,16,,n
FRN010AR1M-2U,n,,n,,n,,2,,6,,n,,n,,n,,n,,8,,n,,8,,n
FRN010AR1M-4U,n,,2,,3,,6,,8,,n,,14,,n,,n,,16,,n,,16,,n
FRN010E1S-2U,2,,4,,8,,8,,16,,22,,33,,n,,26,,39,,n,,36,,n
FRN010E1S-4U,2,,4,,8,,8,,16,,22,,33,,n,,26,,39,,n,,36,,n
FRN010F1S-2DY,1,,2,,4,,8,,12,,n,,16,,24,,n,,18,,27,,18,,n
FRN010F1S-2U,1,,2,,4,,8,,12,,n,,16,,24,,n,,18,,27,,18,,n
FRN010F1S-4DY,1,,2,,4,,8,,12,,n,,16,,24,,n,,18,,27,,18,,n
FRN010F1S-4U,1,,2,,4,,8,,12,,n,,16,,24,,n,,18,,27,,18,,n
FRN010G1S-2U,1,,2,,4,,6,,10,,n,,12,,n,,n,,n,,n,,n,,n
FRN010G1S-4U,1,,2,,4,,6,,10,,n,,12,,n,,n,,n,,n,,n,,n
FRN0112F2E-4G,n,,n,,n,,n,,n,,n,,n,,n,,n,,n,,n,,n,,w
FRN0112G2E-4G,n,,n,,n,,n,,n,,n,,n,,n,,n,,n,,n,,n,,w
FRN0112G2S-4G,n,,n,,n,,n,,n,,n,,n,,n,,n,,n,,n,,n,,w
FRN0115E2S-2GB,n,,1,,2,,4,,8,,n,,10,,15,,n,,12,,18,,18,,n
FRN0115E3S-2G,n,,1,,2,,4,,8,,n,,10,,15,,n,,12,,18,,18,,n
FRN0115G2S-2G,n,,1,,2,,4,,8,,n,,10,,15,,n,,12,,18,,18,,n
FRN0115G2S-2GU,n,,1,,2,,4,,8,,n,,10,,15,,n,,12,,18,,18,,n
FRN0139E2E-4E,n,,n,,n,,n,,n,,n,,n,,n,,n,,n,,n,,n,,w
FRN0139E2S-4A,n,,n,,n,,n,,n,,n,,n,,n,,n,,n,,n,,n,,w
FRN0139E2S-4E,n,,n,,n,,n,,n,,n,,n,,n,,n,,n,,n,,n,,w
FRN0139E2S-4GB,n,,n,,n,,n,,n,,n,,n,,n,,n,,n,,n,,n,,w
FRN0139E2S-4U,n,,n,,n,,n,,n,,n,,n,,n,,n,,n,,n,,n,,w
FRN0139G2E-4GAP,n,,n,,n,,n,,n,,n,,n,,n,,n,,n,,n,,n,,w
FRN0139G2S-4G,n,,n,,n,,n,,n,,n,,n,,n,,n,,n,,n,,n,,w
FRN0146G2S-2G,n,,n,,n,,n,,n,,n,,n,,n,,n,,n,,n,,n,,w
FRN0150F2E-4G,n,,n,,n,,n,,n,,n,,n,,n,,n,,n,,n,,n,,w
FRN0150G2E-4G,n,,n,,n,,n,,n,,n,,n,,n,,n,,n,,n,,n,,w
FRN0150G2S-4G,n,,n,,n,,n,,n,,n,,n,,n,,n,,n,,n,,n,,w
FRN015AR1L-2U,n,,1,,2,,4,,8,,n,,10,,15,,n,,12,,18,,18,,n
FRN015AR1L-4U,n,,n,,n,,2,,6,,n,,n,,n,,n,,8,,n,,8,,n
FRN015AR1M-2U,n,,n,,n,,2,,6,,n,,n,,n,,n,,8,,n,,8,,n
FRN015AR1M-4U,n,,n,,n,,2,,6,,n,,n,,n,,n,,8,,n,,8,,n
FRN015E1S-2U,1,,2,,4,,8,,12,,n,,16,,24,,n,,18,,27,,27,,n
FRN015E1S-4U,1,,2,,4,,8,,12,,n,,16,,24,,n,,18,,27,,27,,n
FRN015F1S-2DY,1,,2,,4,,8,,12,,n,,16,,24,,n,,18,,27,,18,,n
FRN015F1S-2U,1,,2,,4,,8,,12,,n,,16,,24,,n,,18,,27,,18,,n
FRN015F1S-4DY,1,,2,,4,,8,,12,,n,,16,,24,,n,,18,,27,,18,,n
FRN015F1S-4U,1,,2,,4,,8,,12,,n,,16,,24,,n,,18,,27,,18,,n
FRN015G1S-2U,1,,2,,4,,6,,10,,n,,12,,n,,n,,n,,n,,n,,n
FRN015G1S-4AD,1,,2,,4,,6,,10,,n,,12,,n,,n,,n,,n,,n,,n
FRN015G1S-4U,1,,2,,4,,6,,10,,n,,12,,n,,n,,n,,n,,n,,n
FRN015G1S-4U P,1,,2,,4,,6,,10,,n,,12,,n,,n,,n,,n,,n,,n
FRN0168E2E-4E,n,,n,,n,,n,,n,,n,,n,,n,,n,,n,,n,,n,,w
FRN0168E2S-4A,n,,n,,n,,n,,n,,n,,n,,n,,n,,n,,n,,n,,w
FRN0168E2S-4E,n,,n,,n,,n,,n,,n,,n,,n,,n,,n,,n,,n,,w
FRN0168E2S-4GB,n,,n,,n,,n,,n,,n,,n,,n,,n,,n,,n,,n,,w
FRN0168E2S-4U,n,,n,,n,,n,,n,,n,,n,,n,,n,,n,,n,,n,,w
FRN0176F2E-4G,n,,n,,n,,n,,n,,n,,n,,n,,n,,n,,n,,n,,w
FRN0179G2E-4G,n,,n,,n,,n,,n,,n,,n,,n,,n,,n,,n,,n,,w
FRN0179G2E-4GAP,n,,n,,n,,n,,n,,n,,n,,n,,n,,n,,n,,n,,w
FRN0179G2S-4G,n,,n,,n,,n,,n,,n,,n,,n,,n,,n,,n,,n,,w
FRN0179G2W-4GU,n,,n,,n,,n,,n,,n,,n,,n,,n,,n,,n,,n,,w
FRN0180G2E-4G,n,,n,,n,,n,,n,,n,,n,,n,,n,,n,,n,,n,,w
FRN0180G2S-2G,n,,n,,n,,n,,n,,n,,n,,n,,n,,n,,n,,n,,w
FRN0180G2S-4G,n,,n,,n,,n,,n,,n,,n,,n,,n,,n,,n,,n,,w
FRN0.1C2S-2J,24,,36,,60,,84,,120,,126,,168,,252,,159,,212,,318,,270,,n
FRN0.1C2S-7J,24,,36,,60,,84,,120,,126,,168,,252,,159,,212,,318,,270,,n
FRN0.1E1E-7A,24,,36,,60,,84,,120,,126,,168,,252,,159,,212,,318,,270,,n
FRN0.1E1E-7E,24,,36,,60,,84,,120,,126,,168,,252,,159,,212,,318,,270,,n
FRN0.1E1S-2A,24,,36,,60,,84,,120,,126,,168,,252,,159,,212,,318,,270,,n
FRN0.1E1S-7A,n,,n,,n,,n,,n,,n,,n,,n,,n,,n,,n,,n,,n
FRN0.1E1S-7E,24,,36,,60,,84,,120,,126,,168,,252,,159,,212,,318,,270,,n
FRN0203E2E-4E,n,,n,,n,,n,,n,,n,,n,,n,,n,,n,,n,,n,,w
FRN0203E2S-4A,n,,n,,n,,n,,n,,n,,n,,n,,n,,n,,n,,n,,w
FRN0203E2S-4E,n,,n,,n,,n,,n,,n,,n,,n,,n,,n,,n,,n,,w
FRN0203E2S-4GB,n,,n,,n,,n,,n,,n,,n,,n,,n,,n,,n,,n,,w
FRN0203E2S-4GB P,n,,n,,n,,n,,n,,n,,n,,n,,n,,n,,n,,n,,w
FRN0203E2S-4U,n,,n,,n,,n,,n,,n,,n,,n,,n,,n,,n,,n,,w
FRN020AR1L-2U,n,,n,,n,,2,,4,,n,,6,,n,,n,,8,,n,,8,,n
FRN020AR1L-4U,n,,n,,n,,2,,6,,n,,n,,n,,n,,8,,n,,8,,n
FRN020AR1M-2U,n,,n,,n,,2,,4,,n,,6,,n,,n,,8,,n,,8,,n
FRN020AR1M-4U,n,,n,,n,,2,,6,,n,,n,,n,,n,,8,,n,,8,,n
FRN020E1S-2U,1,,2,,4,,8,,12,,n,,16,,24,,n,,18,,27,,27,,n
FRN020E1S-4U,1,,2,,4,,8,,12,,n,,16,,24,,n,,18,,27,,27,,n
FRN020F1S-2DY,n,,1,,2,,4,,8,,n,,10,,15,,n,,12,,18,,18,,n
FRN020F1S-2U,n,,1,,2,,4,,8,,n,,10,,15,,n,,12,,18,,18,,n
FRN020F1S-4DY,1,,2,,4,,8,,12,,n,,16,,24,,n,,18,,27,,18,,n
FRN020F1S-4U,1,,2,,4,,8,,12,,n,,16,,24,,n,,18,,27,,18,,n
FRN020G1S-2U,1,,2,,4,,6,,10,,n,,12,,n,,n,,n,,n,,n,,n
FRN020G1S-4AD,1,,2,,4,,6,,10,,n,,12,,n,,n,,n,,n,,n,,n
FRN020G1S-4U,1,,2,,4,,6,,10,,n,,12,,n,,n,,n,,n,,n,,n
FRN020G1S-4U P,1,,2,,4,,6,,10,,n,,12,,n,,n,,n,,n,,n,,n
FRN0210F2E-4G,n,,n,,n,,n,,n,,n,,n,,n,,n,,n,,n,,n,,w
FRN0215G2S-2G,n,,n,,n,,n,,n,,n,,n,,n,,n,,n,,n,,n,,w
FRN0215G2S-2GU,n,,n,,n,,n,,n,,n,,n,,n,,n,,n,,n,,n,,w
FRN0216G2E-4G,n,,n,,n,,n,,n,,n,,n,,n,,n,,n,,n,,n,,w
FRN0216G2S-4G,n,,n,,n,,n,,n,,n,,n,,n,,n,,n,,n,,n,,w
FRN0217G2E-4G,n,,n,,n,,n,,n,,n,,n,,n,,n,,n,,n,,n,,w
FRN0217G2E-4GAP,n,,n,,n,,n,,n,,n,,n,,n,,n,,n,,n,,n,,w
FRN0217G2S-4G,n,,n,,n,,n,,n,,n,,n,,n,,n,,n,,n,,n,,w
FRN0217G2W-4GU,n,,n,,n,,n,,n,,n,,n,,n,,n,,n,,n,,n,,w
FRN0230E2S-4A,n,,n,,n,,n,,n,,n,,n,,n,,n,,n,,n,,n,,w
FRN0240E2E-4E,n,,n,,n,,n,,n,,n,,n,,n,,n,,n,,n,,n,,w
FRN0240E2S-4A,n,,n,,n,,n,,n,,n,,n,,n,,n,,n,,n,,n,,w
FRN0240E2S-4GB,n,,n,,n,,n,,n,,n,,n,,n,,n,,n,,n,,n,,w
FRN0240E2S-4U,n,,n,,n,,n,,n,,n,,n,,n,,n,,n,,n,,n,,w
FRN0253F2E-4G,n,,n,,n,,n,,n,,n,,n,,n,,n,,n,,n,,n,,w
FRN025AR1L-2U,n,,n,,n,,2,,4,,n,,6,,n,,n,,8,,n,,8,,n
FRN025AR1L-4U,n,,n,,n,,2,,6,,n,,n,,n,,n,,8,,n,,8,,n
FRN025AR1M-2U,n,,n,,n,,2,,4,,n,,6,,n,,n,,8,,n,,8,,n
FRN025AR1M-4U,n,,n,,n,,2,,6,,n,,n,,n,,n,,8,,n,,8,,n
FRN025F1S-2DY,n,,1,,2,,4,,8,,n,,10,,15,,n,,12,,18,,18,,n
FRN025F1S-2U,n,,1,,2,,4,,8,,n,,10,,15,,n,,12,,18,,18,,n
FRN025F1S-4DY,n,,1,,2,,4,,8,,n,,10,,15,,n,,12,,18,,18,,n
FRN025F1S-4U,n,,1,,2,,4,,8,,n,,10,,15,,n,,12,,18,,18,,n
FRN025G1S-2U,n,,1,,2,,4,,6,,n,,n,,12,,n,,12,,18,,12,,n
FRN025G1S-4AD,n,,1,,2,,4,,6,,n,,n,,12,,n,,12,,18,,12,,n
FRN025G1S-4U,n,,1,,2,,4,,6,,n,,n,,12,,n,,12,,18,,12,,n
FRN025G1S-4U P,n,,1,,2,,4,,6,,n,,n,,12,,n,,12,,18,,12,,n
FRN0260G2E-4G,n,,n,,n,,n,,n,,n,,n,,n,,n,,n,,n,,n,,w
FRN0260G2S-4G,n,,n,,n,,n,,n,,n,,n,,n,,n,,n,,n,,n,,w
FRN0261G2E-4GAP,n,,n,,n,,n,,n,,n,,n,,n,,n,,n,,n,,n,,w
FRN0261G2S-4G,n,,n,,n,,n,,n,,n,,n,,n,,n,,n,,n,,n,,w
FRN0261G2W-4GU,n,,n,,n,,n,,n,,n,,n,,n,,n,,n,,n,,n,,w
FRN0288G2S-2G,n,,n,,n,,n,,n,,n,,n,,n,,n,,n,,n,,n,,w
FRN0290E2E-4E,n,,n,,n,,n,,n,,n,,n,,n,,n,,n,,n,,n,,w
FRN0290E2S-4A,n,,n,,n,,n,,n,,n,,n,,n,,n,,n,,n,,n,,w
FRN0290E2S-4GB,n,,n,,n,,n,,n,,n,,n,,n,,n,,n,,n,,n,,w
FRN0290E2S-4U,n,,n,,n,,n,,n,,n,,n,,n,,n,,n,,n,,n,,w
FRN0290G2E-4GAP,n,,n,,n,,n,,n,,n,,n,,n,,n,,n,,n,,n,,w
FRN0290G2S-4G,n,,n,,n,,n,,n,,n,,n,,n,,n,,n,,n,,n,,w
FRN0.2C2S-2J,24,,36,,60,,84,,120,,126,,168,,252,,159,,212,,318,,270,,n
FRN0.2C2S-7J,24,,36,,60,,84,,120,,126,,168,,252,,159,,212,,318,,270,,n
FRN0.2E1E-7A,n,,n,,n,,n,,n,,n,,n,,n,,n,,n,,n,,n,,n
FRN0.2E1E-7E,24,,36,,60,,84,,120,,126,,168,,252,,159,,212,,318,,270,,n
FRN0.2E1S-2A,24,,36,,60,,84,,120,,126,,168,,252,,159,,212,,318,,270,,n
FRN0.2E1S-7A,24,,36,,60,,84,,120,,126,,168,,252,,159,,212,,318,,270,,n
FRN0.2E1S-7E,24,,36,,60,,84,,120,,126,,168,,252,,159,,212,,318,,270,,n
FRN0.2E1S-7JSF1E,24,,36,,60,,84,,120,,126,,168,,252,,159,,212,,318,,270,,n
FRN0304F2E-4G,n,,n,,n,,n,,n,,n,,n,,n,,n,,n,,n,,n,,w
FRN030AR1L-2U,n,,n,,n,,n,,n,,n,,n,,n,,n,,n,,n,,n,,w
FRN030AR1L-4U,n,,n,,n,,2,,6,,n,,n,,n,,n,,8,,n,,8,,n
FRN030AR1M-2U,n,,n,,n,,n,,n,,n,,n,,n,,n,,n,,n,,n,,w
FRN030AR1M-4U,n,,n,,n,,2,,6,,n,,n,,n,,n,,8,,n,,8,,n
FRN030F1S-2DY,n,,1,,2,,4,,8,,n,,10,,15,,n,,12,,18,,18,,n
FRN030F1S-2U,n,,1,,2,,4,,8,,n,,10,,15,,n,,12,,18,,18,,n
FRN030F1S-4DY,n,,1,,2,,4,,8,,n,,10,,15,,n,,12,,18,,18,,n
FRN030F1S-4U,n,,1,,2,,4,,8,,n,,10,,15,,n,,12,,18,,18,,n
FRN030G1S-2U,n,,1,,2,,4,,6,,n,,n,,12,,n,,12,,18,,12,,n
FRN030G1S-4AD,n,,1,,2,,4,,6,,n,,n,,12,,n,,12,,18,,12,,n
FRN030G1S-4U,n,,1,,2,,4,,6,,n,,n,,12,,n,,12,,18,,12,,n
FRN030G1S-4U P,n,,1,,2,,4,,6,,n,,n,,12,,n,,12,,18,,12,,n
FRN0325G2E-4G,n,,n,,n,,n,,n,,n,,n,,n,,n,,n,,n,,n,,w
FRN0325G2S-4G,n,,n,,n,,n,,n,,n,,n,,n,,n,,n,,n,,n,,w
FRN0346G2S-2G,n,,n,,n,,n,,n,,n,,n,,n,,n,,n,,n,,n,,w
FRN0346G2W-2GU,n,,n,,n,,n,,n,,n,,n,,n,,n,,n,,n,,n,,w
FRN0361E2E-4E,n,,n,,n,,n,,n,,n,,n,,n,,n,,n,,n,,n,,w
FRN0361E2S-4A,n,,n,,n,,n,,n,,n,,n,,n,,n,,n,,n,,n,,w
FRN0361E2S-4GB,n,,n,,n,,n,,n,,n,,n,,n,,n,,n,,n,,n,,w
FRN0361E2S-4U,n,,n,,n,,n,,n,,n,,n,,n,,n,,n,,n,,n,,w
FRN0376G2E-4GAP,n,,n,,n,,n,,n,,n,,n,,n,,n,,n,,n,,n,,w
FRN0376G2S-4G,n,,n,,n,,n,,n,,n,,n,,n,,n,,n,,n,,n,,w
FRN0377F2E-4G,n,,n,,n,,n,,n,,n,,n,,n,,n,,n,,n,,n,,w
FRN0377G2E-4G,n,,n,,n,,n,,n,,n,,n,,n,,n,,n,,n,,n,,w
FRN0377G2S-4G,n,,n,,n,,n,,n,,n,,n,,n,,n,,n,,n,,n,,w
FRN040AR1L-2U,n,,n,,n,,n,,n,,n,,n,,n,,n,,n,,n,,n,,w
FRN040AR1L-4U,n,,n,,n,,2,,4,,n,,6,,n,,n,,8,,n,,8,,n
FRN040AR1M-2U,n,,n,,n,,n,,n,,n,,n,,n,,n,,n,,n,,n,,w
FRN040AR1M-4U,n,,n,,n,,2,,4,,n,,6,,n,,n,,8,,n,,8,,n
FRN040F1S-2DY,n,,n,,n,,n,,n,,n,,n,,n,,n,,n,,n,,n,,w
FRN040F1S-2U,n,,n,,n,,n,,n,,n,,n,,n,,n,,n,,n,,n,,w
FRN040F1S-4DY,n,,1,,2,,4,,8,,n,,10,,15,,n,,12,,18,,18,,n
FRN040F1S-4U,n,,1,,2,,4,,8,,n,,10,,15,,n,,12,,18,,18,,n
FRN040G1S-2U,n,,1,,2,,4,,6,,n,,n,,12,,n,,12,,18,,12,,n
FRN040G1S-4AD,n,,1,,2,,4,,6,,n,,n,,12,,n,,12,,18,,12,,n
FRN040G1S-4U,n,,1,,2,,4,,6,,n,,n,,12,,n,,12,,18,,12,,n
FRN0415E2E-4E,n,,n,,n,,n,,n,,n,,n,,n,,n,,n,,n,,n,,w
FRN0415E2S-4A,n,,n,,n,,n,,n,,n,,n,,n,,n,,n,,n,,n,,w
FRN0415E2S-4GB,n,,n,,n,,n,,n,,n,,n,,n,,n,,n,,n,,n,,w
FRN0415E2S-4U,n,,n,,n,,n,,n,,n,,n,,n,,n,,n,,n,,n,,w
FRN0415F2E-4G,n,,n,,n,,n,,n,,n,,n,,n,,n,,n,,n,,n,,w
FRN0431G2E-4GAP,n,,n,,n,,n,,n,,n,,n,,n,,n,,n,,n,,n,,w
FRN0431G2S-4G,n,,n,,n,,n,,n,,n,,n,,n,,n,,n,,n,,n,,w
FRN0432G2E-4G,n,,n,,n,,n,,n,,n,,n,,n,,n,,n,,n,,n,,w
FRN0432G2S-2G,n,,n,,n,,n,,n,,n,,n,,n,,n,,n,,n,,n,,w
FRN0432G2S-4G,n,,n,,n,,n,,n,,n,,n,,n,,n,,n,,n,,n,,w
FRN0432G2W-2GU,n,,n,,n,,n,,n,,n,,n,,n,,n,,n,,n,,n,,w
FRN0.4C2S-2J,24,,36,,60,,84,,120,,126,,168,,252,,159,,212,,318,,270,,n
FRN0.4C2S-4J,12,,18,,33,,51,,66,,n,,96,,128,,80,,120,,160,,140,,n
FRN0.4C2S-7J,24,,36,,60,,84,,120,,126,,168,,252,,159,,212,,318,,270,,n
FRN0.4E1E-4A,12,,18,,22,,34,,66,,n,,96,,128,,80,,120,,160,,105,,n
FRN0.4E1E-4E,12,,18,,22,,34,,66,,n,,96,,128,,80,,120,,160,,105,,n
FRN0.4E1E-7A,16,,24,,45,,63,,120,,n,,126,,210,,n,,159,,265,,225,,n
FRN0.4E1E-7E,16,,24,,45,,63,,120,,n,,126,,210,,n,,159,,265,,225,,n
FRN0.4E1S-2A,24,,36,,60,,84,,120,,126,,168,,252,,159,,212,,318,,270,,n
FRN0.4E1S-4A,12,,18,,33,,51,,66,,n,,96,,128,,80,,120,,160,,140,,n
FRN0.4E1S-4E,12,,18,,33,,51,,66,,n,,96,,128,,80,,120,,160,,140,,n
FRN0.4E1S-4JSF1E,12,,18,,33,,51,,66,,n,,96,,128,,80,,120,,160,,140,,n
FRN0.4E1S-4LM,n,,n,,n,,n,,n,,n,,n,,n,,n,,n,,n,,n,,n
FRN0.4E1S-7A,24,,36,,60,,84,,120,,126,,168,,252,,159,,212,,318,,270,,n
FRN0.4E1S-7DL,n,,n,,n,,n,,n,,n,,n,,n,,n,,n,,n,,n,,n
FRN0.4E1S-7E,24,,36,,60,,84,,120,,126,,168,,252,,159,,212,,318,,270,,n
FRN0.4E1S-7JSF1E,24,,36,,60,,84,,120,,126,,168,,252,,159,,212,,318,,270,,n
FRN0.4E2S-4J,12,,18,,33,,51,,66,,n,,96,,128,,80,,120,,160,,140,,n
FRN0.4G1E-4A,4,,8,,18,,24,,30,,n,,51,,68,,n,,54,,72,,60,,n
FRN0.4G1E-4E,4,,8,,18,,24,,30,,n,,51,,68,,n,,54,,72,,60,,n
FRN0.4G1E-4EAQ,n,,n,,n,,n,,n,,n,,n,,n,,n,,n,,n,,n,,n
FRN0.4G1S-2A,4,,8,,18,,24,,30,,n,,51,,68,,n,,54,,72,,60,,n
FRN0.4G1S-4A,4,,8,,18,,24,,30,,n,,51,,68,,n,,54,,72,,60,,n
FRN050AR1L-2U,n,,n,,n,,n,,n,,n,,n,,n,,n,,n,,n,,n,,w
FRN050AR1L-4U,n,,n,,n,,2,,4,,n,,6,,n,,n,,8,,n,,8,,n
FRN050AR1M-2U,n,,n,,n,,n,,n,,n,,n,,n,,n,,n,,n,,n,,w
FRN050AR1M-4U,n,,n,,n,,2,,4,,n,,6,,n,,n,,8,,n,,8,,n
FRN050F1S-2DY,n,,n,,n,,n,,n,,n,,n,,n,,n,,n,,n,,n,,w
FRN050F1S-2U,n,,n,,n,,n,,n,,n,,n,,n,,n,,n,,n,,n,,w
FRN050F1S-4DY,n,,n,,n,,n,,n,,n,,n,,n,,n,,n,,n,,n,,w
FRN050F1S-4U,n,,n,,n,,n,,n,,n,,n,,n,,n,,n,,n,,n,,w
FRN050G1S-2U,n,,n,,n,,n,,n,,n,,n,,n,,n,,n,,n,,n,,w
FRN050G1S-4AD,n,,n,,n,,n,,n,,n,,n,,n,,n,,n,,n,,n,,w
FRN050G1S-4U,n,,n,,n,,n,,n,,n,,n,,n,,n,,n,,n,,n,,w
FRN050G1S-4U P,n,,n,,n,,n,,n,,n,,n,,n,,n,,n,,n,,n,,w
FRN0520E2E-4E,n,,n,,n,,n,,n,,n,,n,,n,,n,,n,,n,,n,,w
FRN0520E2S-4A,n,,n,,n,,n,,n,,n,,n,,n,,n,,n,,n,,n,,w
FRN0520E2S-4GB,n,,n,,n,,n,,n,,n,,n,,n,,n,,n,,n,,n,,w
FRN0520E2S-4U,n,,n,,n,,n,,n,,n,,n,,n,,n,,n,,n,,n,,w
FRN0520E2S-4UDA,n,,n,,n,,n,,n,,n,,n,,n,,n,,n,,n,,n,,w
FRN0520F2E-4G,n,,n,,n,,n,,n,,n,,n,,n,,n,,n,,n,,n,,w
FRN0520G2E-4G,n,,n,,n,,n,,n,,n,,n,,n,,n,,n,,n,,n,,w
FRN0520G2S-4G,n,,n,,n,,n,,n,,n,,n,,n,,n,,n,,n,,n,,w
FRN0547G2E-4GAP,n,,n,,n,,n,,n,,n,,n,,n,,n,,n,,n,,n,,w
FRN0547G2S-4G,n,,n,,n,,n,,n,,n,,n,,n,,n,,n,,n,,n,,w
FRN0590E2E-4E,n,,n,,n,,n,,n,,n,,n,,n,,n,,n,,n,,n,,w
FRN0590E2S-4A,n,,n,,n,,n,,n,,n,,n,,n,,n,,n,,n,,n,,w
FRN0590E2S-4GB,n,,n,,n,,n,,n,,n,,n,,n,,n,,n,,n,,n,,w
FRN0590E2S-4U,n,,n,,n,,n,,n,,n,,n,,n,,n,,n,,n,,n,,w
FRN0590E2S-4UDA,n,,n,,n,,n,,n,,n,,n,,n,,n,,n,,n,,n,,w
FRN060AR1L-2U,n,,n,,n,,n,,n,,n,,n,,n,,n,,n,,n,,n,,w
FRN060AR1L-4U,n,,n,,n,,n,,n,,n,,n,,n,,n,,n,,n,,n,,w
FRN060AR1M-2U,n,,n,,n,,n,,n,,n,,n,,n,,n,,n,,n,,n,,w
FRN060AR1M-4U,n,,n,,n,,n,,n,,n,,n,,n,,n,,n,,n,,n,,w
FRN060F1S-2DY,n,,n,,n,,n,,n,,n,,n,,n,,n,,n,,n,,n,,w
FRN060F1S-2U,n,,n,,n,,n,,n,,n,,n,,n,,n,,n,,n,,n,,w
FRN060F1S-4DY,n,,n,,n,,n,,n,,n,,n,,n,,n,,n,,n,,n,,w
FRN060F1S-4U,n,,n,,n,,n,,n,,n,,n,,n,,n,,n,,n,,n,,w
FRN060G1S-2U,n,,n,,n,,n,,n,,n,,n,,n,,n,,n,,n,,n,,w
FRN060G1S-4AD,n,,n,,n,,n,,n,,n,,n,,n,,n,,n,,n,,n,,w
FRN060G1S-4U,n,,n,,n,,n,,n,,n,,n,,n,,n,,n,,n,,n,,w
FRN0610G2E-4G,n,,n,,n,,n,,n,,n,,n,,n,,n,,n,,n,,n,,w
FRN0610G2E-4GAP,n,,n,,n,,n,,n,,n,,n,,n,,n,,n,,n,,n,,w
FRN0610G2S-4G,n,,n,,n,,n,,n,,n,,n,,n,,n,,n,,n,,n,,w
FRN0610G2W-4GU,n,,n,,n,,n,,n,,n,,n,,n,,n,,n,,n,,n,,w
FRN0650G1S-4UDA,n,,n,,n,,n,,n,,n,,n,,n,,n,,n,,n,,n,,w
FRN0650G2E-4G,n,,n,,n,,n,,n,,n,,n,,n,,n,,n,,n,,n,,w
FRN0650G2S-4G,n,,n,,n,,n,,n,,n,,n,,n,,n,,n,,n,,n,,w
FRN0739G2E-4G,n,,n,,n,,n,,n,,n,,n,,n,,n,,n,,n,,n,,w
FRN0739G2E-4GAP,n,,n,,n,,n,,n,,n,,n,,n,,n,,n,,n,,n,,w
FRN0739G2S-4G,n,,n,,n,,n,,n,,n,,n,,n,,n,,n,,n,,n,,w
FRN0740G1S-4UDA,n,,n,,n,,n,,n,,n,,n,,n,,n,,n,,n,,n,,w
FRN0740G2E-4G,n,,n,,n,,n,,n,,n,,n,,n,,n,,n,,n,,n,,w
FRN0740G2S-4G,n,,n,,n,,n,,n,,n,,n,,n,,n,,n,,n,,n,,w
FRN0.75AQ1L-4A,n,,n,,n,,n,,n,,n,,n,,n,,n,,n,,n,,n,,n
FRN0.75AQ1L-4E,n,,2,,3,,6,,8,,n,,14,,n,,n,,16,,n,,16,,n
FRN0.75AQ1M-4A,n,,2,,3,,6,,8,,n,,14,,n,,n,,16,,n,,16,,n
FRN0.75AQ1M-4E,n,,2,,3,,6,,8,,n,,14,,n,,n,,16,,n,,16,,n
FRN0.75AR1L-2J,n,,2,,3,,6,,8,,n,,14,,n,,n,,16,,n,,16,,n
FRN0.75AR1L-4A,n,,2,,3,,6,,8,,n,,14,,n,,n,,16,,n,,16,,n
FRN0.75AR1L-4E,n,,2,,3,,6,,8,,n,,14,,n,,n,,16,,n,,16,,n
FRN075AR1L-4U,n,,n,,n,,n,,n,,n,,n,,n,,n,,n,,n,,n,,w
FRN0.75AR1M-4A,n,,2,,3,,6,,8,,n,,14,,n,,n,,16,,n,,16,,n
FRN0.75AR1M-4E,n,,2,,3,,6,,8,,n,,14,,n,,n,,16,,n,,16,,n
FRN075AR1M-4U,n,,n,,n,,n,,n,,n,,n,,n,,n,,n,,n,,n,,w
FRN075AR1S-2U,n,,n,,n,,n,,n,,n,,n,,n,,n,,n,,n,,n,,w
FRN0.75C2S-2J,24,,36,,60,,84,,120,,126,,168,,252,,159,,212,,318,,270,,n
FRN0.75C2S-4J,12,,18,,33,,51,,66,,n,,96,,128,,80,,120,,160,,140,,n
FRN0.75C2S-7J,16,,24,,45,,84,,120,,n,,168,,210,,n,,212,,265,,225,,n
FRN0.75E1E-4A,12,,18,,22,,34,,66,,n,,96,,128,,80,,120,,160,,105,,n
FRN0.75E1E-4E,12,,18,,22,,34,,66,,n,,96,,128,,80,,120,,160,,105,,n
FRN0.75E1E-7A,12,,18,,33,,51,,66,,n,,96,,128,,80,,120,,160,,140,,n
FRN0.75E1E-7E,12,,18,,33,,51,,66,,n,,96,,128,,80,,120,,160,,140,,n
FRN0.75E1S-2A,16,,24,,45,,63,,120,,n,,126,,210,,n,,159,,265,,225,,n
FRN0.75E1S-2BM1,16,,24,,45,,63,,120,,n,,126,,210,,n,,159,,265,,225,,n
FRN0.75E1S-4A,12,,18,,33,,51,,66,,n,,96,,128,,80,,120,,160,,140,,n
FRN0.75E1S-4BM1,12,,18,,33,,51,,66,,n,,96,,128,,80,,120,,160,,140,,n
FRN0.75E1S-4E,12,,18,,33,,51,,66,,n,,96,,128,,80,,120,,160,,140,,n
FRN0.75E1S-4JSF1E,12,,18,,33,,51,,66,,n,,96,,128,,80,,120,,160,,140,,n
FRN0.75E1S-4LM,n,,n,,n,,n,,n,,n,,n,,n,,n,,n,,n,,n,,n
FRN0.75E1S-7A,16,,24,,45,,63,,120,,n,,126,,210,,n,,159,,265,,225,,n
FRN0.75E1S-7DL,n,,n,,n,,n,,n,,n,,n,,n,,n,,n,,n,,n,,n
FRN0.75E1S-7E,16,,24,,45,,63,,120,,n,,126,,210,,n,,159,,265,,225,,n
FRN0.75E1S-7FIE,n,,n,,n,,n,,n,,n,,n,,n,,n,,n,,n,,n,,n
FRN0.75E1S-7JSF1E,16,,24,,45,,63,,120,,n,,126,,210,,n,,159,,265,,225,,n
FRN0.75E1S-7LM1,16,,24,,45,,63,,120,,n,,126,,210,,n,,159,,265,,225,,n
FRN0.75E2S-2J,16,,24,,45,,63,,120,,n,,126,,210,,n,,159,,265,,225,,n
FRN0.75E2S-4J,12,,18,,33,,51,,66,,n,,96,,128,,80,,120,,160,,140,,n
FRN075F1S-2DY,n,,n,,n,,n,,n,,n,,n,,n,,n,,n,,n,,n,,w
FRN0.75F1S-2J,n,,n,,n,,n,,n,,n,,n,,n,,n,,n,,n,,n,,n
FRN075F1S-2U,n,,n,,n,,n,,n,,n,,n,,n,,n,,n,,n,,n,,w
FRN0.75F1S-4A,4,,6,,12,,18,,27,,n,,36,,48,,32,,48,,64,,60,,n
FRN075F1S-4DY,n,,n,,n,,n,,n,,n,,n,,n,,n,,n,,n,,n,,w
FRN0.75F1S-4E,4,,6,,12,,18,,27,,n,,36,,48,,32,,48,,64,,60,,n
FRN0.75F1S-4J,n,,n,,n,,n,,n,,n,,n,,n,,n,,n,,n,,n,,n
FRN075F1S-4U,n,,n,,n,,n,,n,,n,,n,,n,,n,,n,,n,,n,,w
FRN0.75G1E-4A,4,,8,,18,,24,,30,,n,,51,,68,,n,,54,,72,,60,,n
FRN0.75G1E-4E,4,,8,,18,,24,,30,,n,,51,,68,,n,,54,,72,,60,,n
FRN0.75G1E-4EAQ,n,,n,,n,,n,,n,,n,,n,,n,,n,,n,,n,,n,,n
FRN0.75G1S-2A,4,,8,,18,,24,,30,,n,,51,,68,,n,,54,,72,,60,,n
FRN0.75G1S-2T,4,,8,,18,,24,,30,,n,,51,,68,,n,,54,,72,,60,,n
FRN075G1S-2U,n,,n,,n,,n,,n,,n,,n,,n,,n,,n,,n,,n,,w
FRN0.75G1S-4A,4,,8,,18,,24,,30,,n,,51,,68,,n,,54,,72,,60,,n
FRN075G1S-4AD,n,,n,,n,,n,,n,,n,,n,,n,,n,,n,,n,,n,,w
FRN0.75G1S-4T,4,,8,,18,,24,,30,,n,,51,,68,,n,,54,,72,,60,,n
FRN075G1S-4U,n,,n,,n,,n,,n,,n,,n,,n,,n,,n,,n,,n,,w
FRN075G1S-4U P,n,,n,,n,,n,,n,,n,,n,,n,,n,,n,,n,,n,,w
FRN0.75G2S-2J,4,,8,,18,,24,,30,,n,,51,,68,,n,,54,,72,,60,,n
FRN0.75G2S-4J,4,,8,,18,,24,,30,,n,,51,,68,,n,,54,,72,,60,,n
FRN0840G2E-4GAP,n,,n,,n,,n,,n,,n,,n,,n,,n,,n,,n,,n,,w
FRN0840G2S-4G,n,,n,,n,,n,,n,,n,,n,,n,,n,,n,,n,,n,,w
FRN0960G2E-4G,n,,n,,n,,n,,n,,n,,n,,n,,n,,n,,n,,n,,w
FRN0960G2S-4G,n,,n,,n,,n,,n,,n,,n,,n,,n,,n,,n,,n,,w
FRN1000G1S-4U,n,,n,,n,,n,,n,,n,,n,,n,,n,,n,,n,,n,,w
FRN100AR1L-4U,n,,n,,n,,n,,n,,n,,n,,n,,n,,n,,n,,n,,w
FRN100AR1M-4U,n,,n,,n,,n,,n,,n,,n,,n,,n,,n,,n,,n,,w
FRN100AR1S-2U,n,,n,,n,,n,,n,,n,,n,,n,,n,,n,,n,,n,,w
FRN100F1S-2DY,n,,n,,n,,n,,n,,n,,n,,n,,n,,n,,n,,n,,w
FRN100F1S-2U,n,,n,,n,,n,,n,,n,,n,,n,,n,,n,,n,,n,,w
FRN100F1S-4DY,n,,n,,n,,n,,n,,n,,n,,n,,n,,n,,n,,n,,w
FRN100F1S-4U,n,,n,,n,,n,,n,,n,,n,,n,,n,,n,,n,,n,,w
FRN100G1S-2U,n,,n,,n,,n,,n,,n,,n,,n,,n,,n,,n,,n,,w
FRN100G1S-4AD,n,,n,,n,,n,,n,,n,,n,,n,,n,,n,,n,,n,,w
FRN100G1S-4U,n,,n,,n,,n,,n,,n,,n,,n,,n,,n,,n,,n,,w
FRN1039G2E-4GAP,n,,n,,n,,n,,n,,n,,n,,n,,n,,n,,n,,n,,w
FRN1039G2S-4G,n,,n,,n,,n,,n,,n,,n,,n,,n,,n,,n,,n,,w
FRN1039G2W-4GU,n,,n,,n,,n,,n,,n,,n,,n,,n,,n,,n,,n,,n
FRN1040G2E-4G,n,,n,,n,,n,,n,,n,,n,,n,,n,,n,,n,,n,,w
FRN1040G2S-4G,n,,n,,n,,n,,n,,n,,n,,n,,n,,n,,n,,n,,w
FRN110AQ1S-4A,n,,n,,n,,n,,n,,n,,n,,n,,n,,n,,n,,n,,w
FRN110AQ1S-4E,n,,n,,n,,n,,n,,n,,n,,n,,n,,n,,n,,n,,w
FRN110AR1S-4A,n,,n,,n,,n,,n,,n,,n,,n,,n,,n,,n,,n,,w
FRN110AR1S-4E,n,,n,,n,,n,,n,,n,,n,,n,,n,,n,,n,,n,,w
FRN110F1S-2J,n,,n,,n,,n,,n,,n,,n,,n,,n,,n,,n,,n,,w
FRN110F1S-4A,n,,n,,n,,n,,n,,n,,n,,n,,n,,n,,n,,n,,w
FRN110F1S-4E,n,,n,,n,,n,,n,,n,,n,,n,,n,,n,,n,,n,,w
FRN110F1S-4J,n,,n,,n,,n,,n,,n,,n,,n,,n,,n,,n,,n,,w
FRN110G1E-4A,n,,n,,n,,n,,n,,n,,n,,n,,n,,n,,n,,n,,w
FRN110G1E-4E,n,,n,,n,,n,,n,,n,,n,,n,,n,,n,,n,,n,,w
FRN110G1E-4EAQ,n,,n,,n,,n,,n,,n,,n,,n,,n,,n,,n,,n,,w
FRN110G1E-4EBU,n,,n,,n,,n,,n,,n,,n,,n,,n,,n,,n,,n,,w
FRN110G1S-4A,n,,n,,n,,n,,n,,n,,n,,n,,n,,n,,n,,n,,w
FRN110G1S-4T,n,,n,,n,,n,,n,,n,,n,,n,,n,,n,,n,,n,,w
FRN110G2S-4J,n,,n,,n,,n,,n,,n,,n,,n,,n,,n,,n,,n,,w
FRN1169G2E-4GAP,n,,n,,n,,n,,n,,n,,n,,n,,n,,n,,n,,n,,w
FRN1169G2W-4GU,n,,n,,n,,n,,n,,n,,n,,n,,n,,n,,n,,n,,n
FRN1170G2E-4G,n,,n,,n,,n,,n,,n,,n,,n,,n,,n,,n,,n,,w
FRN1170G2S-4G,n,,n,,n,,n,,n,,n,,n,,n,,n,,n,,n,,n,,w
FRN11AQ1L-4A,n,,n,,n,,2,,6,,n,,n,,n,,n,,8,,n,,8,,n
FRN11AQ1L-4E,n,,n,,n,,2,,6,,n,,n,,n,,n,,8,,n,,8,,n
FRN11AQ1M-4A,n,,n,,n,,2,,6,,n,,n,,n,,n,,8,,n,,8,,n
FRN11AQ1M-4E,n,,n,,n,,2,,6,,n,,n,,n,,n,,8,,n,,8,,n
FRN11AR1K-4DSL,n,,n,,n,,2,,6,,n,,n,,n,,n,,8,,n,,8,,n
FRN11AR1L-2J,n,,n,,n,,2,,6,,n,,n,,n,,n,,8,,n,,8,,n
FRN11AR1L-4A,n,,n,,n,,2,,6,,n,,n,,n,,n,,8,,n,,8,,n
FRN11AR1L-4E,n,,n,,n,,2,,6,,n,,n,,n,,n,,8,,n,,8,,n
FRN11AR1L-4J,n,,n,,n,,2,,6,,n,,n,,n,,n,,8,,n,,8,,n
FRN11AR1L-4TX,n,,n,,n,,n,,n,,n,,n,,n,,n,,n,,n,,n,,w
FRN11AR1M-4A,n,,n,,n,,2,,6,,n,,n,,n,,n,,8,,n,,8,,n
FRN11AR1M-4E,n,,n,,n,,2,,6,,n,,n,,n,,n,,8,,n,,8,,n
FRN11C2S-2J,1,,2,,4,,8,,12,,n,,16,,24,,n,,18,,27,,27,,n
FRN11C2S-4J,1,,2,,4,,8,,12,,n,,16,,24,,n,,18,,27,,27,,n
FRN11E1E-4A,n,,1,,4,,4,,6,,6,,12,,18,,8,,16,,24,,12,,n
FRN11E1E-4E,n,,1,,4,,4,,6,,6,,12,,18,,8,,16,,24,,12,,n
FRN11E1S-2A,1,,2,,4,,8,,12,,n,,16,,24,,n,,18,,27,,27,,n
FRN11E1S-2BM1,1,,2,,4,,8,,12,,n,,16,,24,,n,,18,,27,,27,,n
FRN11E1S-2LM1,1,,2,,4,,8,,12,,n,,16,,24,,n,,18,,27,,27,,n
FRN11E1S-4A,1,,2,,4,,8,,12,,n,,16,,24,,n,,18,,27,,27,,n
FRN11E1S-4BM1,1,,2,,4,,8,,12,,n,,16,,24,,n,,18,,27,,27,,n
FRN11E1S-4E,1,,2,,4,,8,,12,,n,,16,,24,,n,,18,,27,,27,,n
FRN11E1S-4JSF1E,1,,2,,4,,8,,12,,n,,16,,24,,n,,18,,27,,27,,n
FRN11E1S-4LM,n,,n,,n,,n,,n,,n,,n,,n,,n,,n,,n,,n,,n
FRN11E1S-4LM1,1,,2,,4,,8,,12,,n,,16,,24,,n,,18,,27,,27,,n
FRN11E1S-4LM3,1,,2,,4,,8,,12,,n,,16,,24,,n,,18,,27,,27,,n
FRN11F1S-2J,n,,n,,n,,n,,n,,n,,n,,n,,n,,n,,n,,n,,n
FRN11F1S-4A,1,,2,,4,,8,,12,,n,,16,,24,,n,,18,,27,,18,,n
FRN11F1S-4E,1,,2,,4,,8,,12,,n,,16,,24,,n,,18,,27,,18,,n
FRN11F1S-4J,1,,2,,4,,8,,12,,n,,16,,24,,n,,18,,27,,18,,n
FRN11G1E-4A,1,,2,,4,,8,,12,,n,,16,,24,,n,,18,,27,,18,,n
FRN11G1E-4E,1,,2,,4,,8,,12,,n,,16,,24,,n,,18,,27,,18,,n
FRN11G1E-4EAQ,n,,n,,n,,n,,n,,n,,n,,n,,n,,n,,n,,n,,n
FRN11G1S-2A,1,,2,,4,,8,,12,,n,,16,,24,,n,,18,,27,,18,,n
FRN11G1S-2T,1,,2,,4,,8,,12,,n,,16,,24,,n,,18,,27,,27,,n
FRN11G1S-4A,1,,2,,4,,8,,12,,n,,16,,24,,n,,18,,27,,18,,n
FRN11G1S-4T,n,,n,,n,,n,,n,,n,,n,,n,,n,,n,,n,,n,,n
FRN11G2S-2J,1,,2,,4,,8,,12,,n,,16,,24,,n,,18,,27,,18,,n
FRN11G2S-4J,1,,2,,4,,8,,12,,n,,16,,24,,n,,18,,27,,18,,n
FRN11LM1S-2EA,1,,2,,4,,8,,12,,n,,16,,24,,n,,18,,27,,18,,n
FRN11LM1S-2SD,1,,2,,4,,8,,12,,n,,16,,24,,n,,18,,27,,18,,n
FRN11LM1S-4AA,1,,2,,4,,8,,12,,n,,16,,24,,n,,18,,27,,18,,n
FRN11LM1S-4E,1,,2,,4,,8,,12,,n,,16,,24,,n,,18,,27,,18,,n
FRN11LM1S-4EA,1,,2,,4,,8,,12,,n,,16,,24,,n,,18,,27,,18,,n
FRN11LM1S-4SD,1,,2,,4,,8,,12,,n,,16,,24,,n,,18,,27,,18,,n
FRN125AR1L-4U,n,,n,,n,,n,,n,,n,,n,,n,,n,,n,,n,,n,,w
FRN125AR1M-4U,n,,n,,n,,n,,n,,n,,n,,n,,n,,n,,n,,n,,w
FRN125AR1S-2U,n,,n,,n,,n,,n,,n,,n,,n,,n,,n,,n,,n,,w
FRN125F1S-2DY,n,,n,,n,,n,,n,,n,,n,,n,,n,,n,,n,,n,,w
FRN125F1S-2U,n,,n,,n,,n,,n,,n,,n,,n,,n,,n,,n,,n,,w
FRN125F1S-4DY,n,,n,,n,,n,,n,,n,,n,,n,,n,,n,,n,,n,,w
FRN125F1S-4U,n,,n,,n,,n,,n,,n,,n,,n,,n,,n,,n,,n,,w
FRN125G1E-4U,n,,n,,n,,n,,n,,n,,n,,n,,n,,n,,n,,n,,w
FRN125G1S-2U,n,,n,,n,,n,,n,,n,,n,,n,,n,,n,,n,,n,,w
FRN125G1S-4AD,n,,n,,n,,n,,n,,n,,n,,n,,n,,n,,n,,n,,w
FRN125G1S-4U,n,,n,,n,,n,,n,,n,,n,,n,,n,,n,,n,,n,,w
FRN125G1S-4U P,n,,n,,n,,n,,n,,n,,n,,n,,n,,n,,n,,n,,w
FRN132AQ1S-4A,n,,n,,n,,n,,n,,n,,n,,n,,n,,n,,n,,n,,w
FRN132AQ1S-4E,n,,n,,n,,n,,n,,n,,n,,n,,n,,n,,n,,n,,w
FRN132AR1S-4A,n,,n,,n,,n,,n,,n,,n,,n,,n,,n,,n,,n,,w
FRN132AR1S-4E,n,,n,,n,,n,,n,,n,,n,,n,,n,,n,,n,,n,,w
FRN132F1S-4A,n,,n,,n,,n,,n,,n,,n,,n,,n,,n,,n,,n,,w
FRN132F1S-4E,n,,n,,n,,n,,n,,n,,n,,n,,n,,n,,n,,n,,w
FRN132F1S-4J,n,,n,,n,,n,,n,,n,,n,,n,,n,,n,,n,,n,,w
FRN132G1E-4A,n,,n,,n,,n,,n,,n,,n,,n,,n,,n,,n,,n,,w
FRN132G1E-4E,n,,n,,n,,n,,n,,n,,n,,n,,n,,n,,n,,n,,w
FRN132G1E-4EAQ,n,,n,,n,,n,,n,,n,,n,,n,,n,,n,,n,,n,,w
FRN132G1E-4EBU,n,,n,,n,,n,,n,,n,,n,,n,,n,,n,,n,,n,,w
FRN132G1S-4A,n,,n,,n,,n,,n,,n,,n,,n,,n,,n,,n,,n,,w
FRN132G1S-4T,n,,n,,n,,n,,n,,n,,n,,n,,n,,n,,n,,n,,w
FRN132G2S-4J,n,,n,,n,,n,,n,,n,,n,,n,,n,,n,,n,,n,,w
FRN1385G2S-4G,n,,n,,n,,n,,n,,n,,n,,n,,n,,n,,n,,n,,w
FRN1386G2E-4G,n,,n,,n,,n,,n,,n,,n,,n,,n,,n,,n,,n,,w
FRN1386G2S-4G,n,,n,,n,,n,,n,,n,,n,,n,,n,,n,,n,,n,,w
FRN1480G2E-4G,n,,n,,n,,n,,n,,n,,n,,n,,n,,n,,n,,n,,n
FRN1480G2W-4GU,n,,n,,n,,n,,n,,n,,n,,n,,n,,n,,n,,n,,n
FRN150AR1S-4U,n,,n,,n,,n,,n,,n,,n,,n,,n,,n,,n,,n,,w
FRN150F1S-4DY,n,,n,,n,,n,,n,,n,,n,,n,,n,,n,,n,,n,,w
FRN150F1S-4U,n,,n,,n,,n,,n,,n,,n,,n,,n,,n,,n,,n,,w
FRN150G1S-2U,n,,n,,n,,n,,n,,n,,n,,n,,n,,n,,n,,n,,w
FRN150G1S-4U,n,,n,,n,,n,,n,,n,,n,,n,,n,,n,,n,,n,,w
FRN150G1S-4U P,n,,n,,n,,n,,n,,n,,n,,n,,n,,n,,n,,n,,w
FRN15AQ1L-4A,n,,n,,n,,2,,6,,n,,n,,n,,n,,8,,n,,8,,n
FRN1.5AQ1L-4A,n,,n,,n,,n,,n,,n,,n,,n,,n,,n,,n,,n,,n
FRN1.5AQ1L-4E,n,,2,,3,,6,,8,,n,,14,,n,,n,,16,,n,,16,,n
FRN15AQ1L-4E,n,,n,,n,,2,,6,,n,,n,,n,,n,,8,,n,,8,,n
FRN1.5AQ1M-4A,n,,2,,3,,6,,8,,n,,14,,n,,n,,16,,n,,16,,n
FRN15AQ1M-4A,n,,n,,n,,2,,6,,n,,n,,n,,n,,8,,n,,8,,n
FRN1.5AQ1M-4E,n,,2,,3,,6,,8,,n,,14,,n,,n,,16,,n,,16,,n
FRN15AQ1M-4E,n,,n,,n,,2,,6,,n,,n,,n,,n,,8,,n,,8,,n
FRN15AR1K-4DSL,n,,n,,n,,2,,6,,n,,n,,n,,n,,8,,n,,8,,n
FRN1.5AR1L-2J,n,,2,,3,,6,,8,,n,,14,,n,,n,,16,,n,,16,,n
FRN15AR1L-2J,n,,n,,n,,2,,4,,n,,6,,n,,n,,8,,n,,8,,n
FRN1.5AR1L-4A,n,,2,,3,,6,,8,,n,,14,,n,,n,,16,,n,,16,,n
FRN15AR1L-4A,n,,n,,n,,2,,6,,n,,n,,n,,n,,8,,n,,8,,n
FRN1.5AR1L-4E,n,,2,,3,,6,,8,,n,,14,,n,,n,,16,,n,,16,,n
FRN15AR1L-4E,n,,n,,n,,2,,6,,n,,n,,n,,n,,8,,n,,8,,n
FRN15AR1L-4J,n,,n,,n,,2,,6,,n,,n,,n,,n,,8,,n,,8,,n
FRN15AR1L-4TX,n,,n,,n,,2,,6,,n,,n,,n,,n,,8,,n,,8,,n
FRN1.5AR1M-4A,n,,2,,3,,6,,8,,n,,14,,n,,n,,16,,n,,16,,n
FRN15AR1M-4A,n,,n,,n,,2,,6,,n,,n,,n,,n,,8,,n,,8,,n
FRN1.5AR1M-4E,n,,2,,3,,6,,8,,n,,14,,n,,n,,16,,n,,16,,n
FRN15AR1M-4E,n,,n,,n,,2,,6,,n,,n,,n,,n,,8,,n,,8,,n
FRN1.5C2S-2J,12,,18,,33,,51,,66,,n,,96,,128,,80,,120,,160,,140,,n
FRN15C2S-2J,1,,2,,4,,8,,12,,n,,16,,24,,n,,18,,27,,27,,n
FRN1.5C2S-4J,12,,18,,33,,51,,66,,n,,96,,128,,80,,120,,160,,140,,n
FRN15C2S-4J,1,,2,,4,,8,,12,,n,,16,,24,,n,,18,,27,,27,,n
FRN1.5C2S-7J,12,,18,,33,,51,,66,,n,,96,,128,,80,,120,,160,,140,,n
FRN1.5E1E-4A,4,,6,,18,,26,,36,,n,,48,,72,,n,,58,,87,,72,,n
FRN15E1E-4A,n,,1,,4,,4,,6,,6,,12,,18,,8,,16,,24,,12,,n
FRN1.5E1E-4E,4,,6,,18,,26,,36,,n,,48,,72,,n,,58,,87,,72,,n
FRN15E1E-4E,n,,1,,4,,4,,6,,6,,12,,18,,8,,16,,24,,12,,n
FRN1.5E1E-4PD,4,,6,,18,,26,,36,,n,,48,,72,,n,,58,,87,,72,,n
FRN1.5E1E-7A,4,,6,,18,,26,,36,,n,,48,,72,,n,,58,,87,,72,,n
FRN1.5E1E-7E,4,,6,,18,,26,,36,,n,,48,,72,,n,,58,,87,,72,,n
FRN1.5E1S-2A,12,,18,,33,,51,,66,,n,,96,,128,,80,,120,,160,,140,,n
FRN15E1S-2A,1,,2,,4,,8,,12,,n,,16,,24,,n,,18,,27,,18,,n
FRN1.5E1S-2BM1,12,,18,,33,,51,,66,,n,,96,,128,,80,,120,,160,,140,,n
FRN15E1S-2BM1,1,,2,,4,,8,,12,,n,,16,,24,,n,,18,,27,,27,,n
FRN15E1S-2LM1,n,,n,,n,,n,,n,,n,,n,,n,,n,,n,,n,,n,,n
FRN1.5E1S-4A,12,,18,,33,,51,,66,,n,,96,,128,,80,,120,,160,,140,,n
FRN15E1S-4A,1,,2,,4,,8,,12,,n,,16,,24,,n,,18,,27,,27,,n
FRN1.5E1S-4BM1,12,,18,,33,,51,,66,,n,,96,,128,,80,,120,,160,,140,,n
FRN15E1S-4BM1,1,,2,,4,,8,,12,,n,,16,,24,,n,,18,,27,,27,,n
FRN1.5E1S-4E,12,,18,,33,,51,,66,,n,,96,,128,,80,,120,,160,,140,,n
FRN15E1S-4E,1,,2,,4,,8,,12,,n,,16,,24,,n,,18,,27,,27,,n
FRN1.5E1S-4JSF1E,12,,18,,33,,51,,66,,n,,96,,128,,80,,120,,160,,140,,n
FRN15E1S-4JSF1E,1,,2,,4,,8,,12,,n,,16,,24,,n,,18,,27,,27,,n
FRN1.5E1S-4LM,n,,n,,n,,n,,n,,n,,n,,n,,n,,n,,n,,n,,w
FRN15E1S-4LM,n,,n,,n,,n,,n,,n,,n,,n,,n,,n,,n,,n,,w
FRN15E1S-4LM1,1,,2,,4,,8,,12,,n,,16,,24,,n,,18,,27,,27,,n
FRN15E1S-4LM3,1,,2,,4,,8,,12,,n,,16,,24,,n,,18,,27,,18,,n
FRN1.5E1S-7A,12,,18,,22,,34,,66,,n,,96,,128,,80,,120,,160,,105,,n
FRN1.5E1S-7E,12,,18,,22,,34,,66,,n,,96,,128,,80,,120,,160,,105,,n
FRN1.5E1S-7JSF1E,12,,18,,22,,34,,66,,n,,96,,128,,80,,120,,160,,105,,n
FRN1.5E2S-4J,12,,18,,33,,51,,66,,n,,96,,128,,80,,120,,160,,140,,n
FRN1.5F1S-2J,n,,n,,n,,n,,n,,n,,n,,n,,n,,n,,n,,n,,n
FRN15F1S-2J,n,,n,,n,,n,,n,,n,,n,,n,,n,,n,,n,,n,,n
FRN1.5F1S-4A,4,,6,,12,,18,,27,,n,,36,,48,,32,,48,,64,,60,,n
FRN15F1S-4A,1,,2,,4,,8,,12,,n,,16,,24,,n,,18,,27,,18,,n
FRN1.5F1S-4E,4,,6,,12,,18,,27,,n,,36,,48,,32,,48,,64,,60,,n
FRN15F1S-4E,1,,2,,4,,8,,12,,n,,16,,24,,n,,18,,27,,18,,n
FRN1.5F1S-4J,n,,n,,n,,n,,n,,n,,n,,n,,n,,n,,n,,n,,n
FRN15F1S-4J,n,,n,,n,,n,,n,,n,,n,,n,,n,,n,,n,,n,,n
FRN1.5G1E-4A,4,,6,,12,,18,,27,,n,,36,,48,,32,,48,,64,,60,,n
FRN15G1E-4A,n,,1,,2,,4,,8,,n,,10,,15,,n,,12,,18,,18,,n
FRN1.5G1E-4E,4,,6,,12,,18,,27,,n,,36,,48,,32,,48,,64,,60,,n
FRN15G1E-4E,n,,1,,2,,4,,8,,n,,10,,15,,n,,12,,18,,18,,n
FRN1.5G1E-4EAQ,n,,n,,n,,n,,n,,n,,n,,n,,n,,n,,n,,n,,n
FRN15G1E-4EAQ,n,,n,,n,,n,,n,,n,,n,,n,,n,,n,,n,,n,,n
FRN1.5G1S-2A,4,,6,,12,,18,,27,,n,,36,,48,,32,,48,,64,,60,,n
FRN15G1S-2A,n,,1,,2,,4,,8,,n,,10,,15,,n,,12,,18,,18,,n
FRN15G1S-2T,n,,1,,2,,4,,8,,n,,10,,15,,n,,12,,18,,18,,n
FRN1.5G1S-2T,n,,n,,n,,n,,n,,n,,n,,n,,n,,n,,n,,n,,n
FRN1.5G1S-4A,4,,6,,12,,18,,27,,n,,36,,48,,32,,48,,64,,60,,n
FRN15G1S-4A,n,,1,,2,,4,,8,,n,,10,,15,,n,,12,,18,,18,,n
FRN15G1S-4T,n,,1,,2,,4,,8,,n,,10,,15,,n,,12,,18,,18,,n
FRN1.5G1S-4T,n,,n,,n,,n,,n,,n,,n,,n,,n,,n,,n,,n,,n
FRN1.5G2S-2J,4,,6,,12,,18,,27,,n,,36,,48,,32,,48,,64,,60,,n
FRN15G2S-2J,n,,1,,2,,4,,8,,n,,10,,15,,n,,12,,18,,18,,n
FRN1.5G2S-4J,4,,6,,12,,18,,27,,n,,36,,48,,32,,48,,64,,60,,n
FRN15G2S-4J,n,,1,,2,,4,,8,,n,,10,,15,,n,,12,,18,,18,,n
FRN15LM1S-2EA,n,,1,,2,,4,,8,,n,,10,,15,,n,,12,,18,,18,,n
FRN15LM1S-2SD,n,,1,,2,,4,,8,,n,,10,,15,,n,,12,,18,,18,,n
FRN15LM1S-4AA,n,,1,,2,,4,,8,,n,,10,,15,,n,,12,,18,,18,,n
FRN15LM1S-4E,n,,1,,2,,4,,8,,n,,10,,15,,n,,12,,18,,18,,n
FRN15LM1S-4EA,n,,1,,2,,4,,8,,n,,10,,15,,n,,12,,18,,18,,n
FRN15LM1S-4SD,n,,1,,2,,4,,8,,n,,10,,15,,n,,12,,18,,18,,n
FRN160AQ1S-4A,n,,n,,n,,n,,n,,n,,n,,n,,n,,n,,n,,n,,w
FRN160AQ1S-4E,n,,n,,n,,n,,n,,n,,n,,n,,n,,n,,n,,n,,w
FRN160AR1S-4A,n,,n,,n,,n,,n,,n,,n,,n,,n,,n,,n,,n,,w
FRN160AR1S-4E,n,,n,,n,,n,,n,,n,,n,,n,,n,,n,,n,,n,,w
FRN160F1S-4A,n,,n,,n,,n,,n,,n,,n,,n,,n,,n,,n,,n,,w
FRN160F1S-4E,n,,n,,n,,n,,n,,n,,n,,n,,n,,n,,n,,n,,w
FRN160F1S-4J,n,,n,,n,,n,,n,,n,,n,,n,,n,,n,,n,,n,,w
FRN160G1E-4A,n,,n,,n,,n,,n,,n,,n,,n,,n,,n,,n,,n,,w
FRN160G1E-4E,n,,n,,n,,n,,n,,n,,n,,n,,n,,n,,n,,n,,w
FRN160G1E-4EAQ,n,,n,,n,,n,,n,,n,,n,,n,,n,,n,,n,,n,,w
FRN160G1E-4EBU,n,,n,,n,,n,,n,,n,,n,,n,,n,,n,,n,,n,,w
FRN160G1S-4A,n,,n,,n,,n,,n,,n,,n,,n,,n,,n,,n,,n,,w
FRN160G1S-4T,n,,n,,n,,n,,n,,n,,n,,n,,n,,n,,n,,n,,w
FRN18.5AQ1L-4A,n,,n,,n,,2,,6,,n,,n,,n,,n,,8,,n,,8,,n
FRN18.5AQ1L-4E,n,,n,,n,,2,,6,,n,,n,,n,,n,,8,,n,,8,,n
FRN18.5AQ1M-4A,n,,n,,n,,2,,6,,n,,n,,n,,n,,8,,n,,8,,n
FRN18.5AQ1M-4E,n,,n,,n,,2,,6,,n,,n,,n,,n,,8,,n,,8,,n
FRN18.5AR1K-4DSL,n,,n,,n,,2,,6,,n,,n,,n,,n,,8,,n,,8,,n
FRN18.5AR1L-2J,n,,n,,n,,2,,4,,n,,6,,n,,n,,8,,n,,8,,n
FRN18.5AR1L-4A,n,,n,,n,,2,,6,,n,,n,,n,,n,,8,,n,,8,,n
FRN18.5AR1L-4E,n,,n,,n,,2,,6,,n,,n,,n,,n,,8,,n,,8,,n
FRN18.5AR1L-4J,n,,n,,n,,2,,6,,n,,n,,n,,n,,8,,n,,8,,n
FRN18.5AR1L-4TX,n,,n,,n,,2,,6,,n,,n,,n,,n,,8,,n,,8,,n
FRN18.5AR1M-4A,n,,n,,n,,2,,6,,n,,n,,n,,n,,8,,n,,8,,n
FRN18.5AR1M-4E,n,,n,,n,,2,,6,,n,,n,,n,,n,,8,,n,,8,,n
FRN18.5F1S-2J,n,,1,,2,,4,,8,,n,,10,,15,,n,,12,,18,,18,,n
FRN18.5F1S-4A,n,,1,,2,,4,,8,,n,,10,,15,,n,,12,,18,,18,,n
FRN18.5F1S-4E,n,,1,,2,,4,,8,,n,,10,,15,,n,,12,,18,,18,,n
FRN18.5F1S-4J,n,,n,,n,,n,,n,,n,,n,,n,,n,,n,,n,,n,,n
FRN18.5G1E-4A,n,,1,,2,,4,,8,,n,,10,,15,,n,,12,,18,,18,,n
FRN18.5G1E-4E,n,,1,,2,,4,,8,,n,,10,,15,,n,,12,,18,,18,,n
FRN18.5G1E-4EAQ,n,,n,,n,,n,,n,,n,,n,,n,,n,,n,,n,,n,,n
FRN18.5G1S-2A,n,,1,,2,,4,,8,,n,,10,,15,,n,,12,,18,,18,,n
FRN18.5G1S-2BM1,n,,1,,2,,4,,8,,n,,10,,15,,n,,12,,18,,18,,n
FRN18.5G1S-2T,n,,n,,n,,n,,n,,n,,n,,n,,n,,n,,n,,n,,n
FRN18.5G1S-4A,n,,1,,2,,4,,8,,n,,10,,15,,n,,12,,18,,18,,n
FRN18.5G1S-4BM1,n,,1,,2,,4,,8,,n,,10,,15,,n,,12,,18,,18,,n
FRN18.5G1S-4T,n,,n,,n,,n,,n,,n,,n,,n,,n,,n,,n,,n,,n
FRN18.5G2S-2J,n,,1,,2,,4,,8,,n,,10,,15,,n,,12,,18,,18,,n
FRN18.5G2S-4J,n,,1,,2,,4,,8,,n,,10,,15,,n,,12,,18,,18,,n
FRN18.5LM1S-2EA,n,,1,,2,,4,,8,,n,,10,,15,,n,,12,,18,,18,,n
FRN18.5LM1S-2SD,n,,n,,n,,n,,n,,n,,n,,n,,n,,n,,n,,n,,n
FRN18.5LM1S-4AA,n,,1,,2,,4,,8,,n,,10,,15,,n,,12,,18,,18,,n
FRN18.5LM1S-4E,n,,1,,2,,4,,8,,n,,10,,15,,n,,12,,18,,18,,n
FRN18.5LM1S-4EA,n,,1,,2,,4,,8,,n,,10,,15,,n,,12,,18,,18,,n
FRN18.5LM1S-4SD,n,,1,,2,,4,,8,,n,,10,,15,,n,,12,,18,,18,,n
FRN200AQ1S-4A,n,,n,,n,,n,,n,,n,,n,,n,,n,,n,,n,,n,,w
FRN200AQ1S-4E,n,,n,,n,,n,,n,,n,,n,,n,,n,,n,,n,,n,,w
FRN200AR1S-4A,n,,n,,n,,n,,n,,n,,n,,n,,n,,n,,n,,n,,w
FRN200AR1S-4E,n,,n,,n,,n,,n,,n,,n,,n,,n,,n,,n,,n,,w
FRN200AR1S-4U,n,,n,,n,,n,,n,,n,,n,,n,,n,,n,,n,,n,,w
FRN200F1S-4A,n,,n,,n,,n,,n,,n,,n,,n,,n,,n,,n,,n,,w
FRN200F1S-4DY,n,,n,,n,,n,,n,,n,,n,,n,,n,,n,,n,,n,,w
FRN200F1S-4E,n,,n,,n,,n,,n,,n,,n,,n,,n,,n,,n,,n,,w
FRN200F1S-4J,n,,n,,n,,n,,n,,n,,n,,n,,n,,n,,n,,n,,w
FRN200F1S-4U,n,,n,,n,,n,,n,,n,,n,,n,,n,,n,,n,,n,,w
FRN200G1E-4A,n,,n,,n,,n,,n,,n,,n,,n,,n,,n,,n,,n,,w
FRN200G1E-4E,n,,n,,n,,n,,n,,n,,n,,n,,n,,n,,n,,n,,w
FRN200G1E-4EAQ,n,,n,,n,,n,,n,,n,,n,,n,,n,,n,,n,,n,,w
FRN200G1S-4A,n,,n,,n,,n,,n,,n,,n,,n,,n,,n,,n,,n,,w
FRN200G1S-4T,n,,n,,n,,n,,n,,n,,n,,n,,n,,n,,n,,n,,w
FRN200G1S-4U,n,,n,,n,,n,,n,,n,,n,,n,,n,,n,,n,,n,,w
FRN200G1S-4U P,n,,n,,n,,n,,n,,n,,n,,n,,n,,n,,n,,n,,w
FRN220AQ1S-4A,n,,n,,n,,n,,n,,n,,n,,n,,n,,n,,n,,n,,w
FRN220AQ1S-4E,n,,n,,n,,n,,n,,n,,n,,n,,n,,n,,n,,n,,w
FRN220AR1S-4A,n,,n,,n,,n,,n,,n,,n,,n,,n,,n,,n,,n,,w
FRN220AR1S-4E,n,,n,,n,,n,,n,,n,,n,,n,,n,,n,,n,,n,,w
FRN220F1S-4A,n,,n,,n,,n,,n,,n,,n,,n,,n,,n,,n,,n,,w
FRN220F1S-4E,n,,n,,n,,n,,n,,n,,n,,n,,n,,n,,n,,n,,w
FRN220F1S-4J,n,,n,,n,,n,,n,,n,,n,,n,,n,,n,,n,,n,,w
FRN220G1E-4A,n,,n,,n,,n,,n,,n,,n,,n,,n,,n,,n,,n,,w
FRN220G1E-4E,n,,n,,n,,n,,n,,n,,n,,n,,n,,n,,n,,n,,w
FRN220G1E-4EAQ,n,,n,,n,,n,,n,,n,,n,,n,,n,,n,,n,,n,,w
FRN220G1S-4A,n,,n,,n,,n,,n,,n,,n,,n,,n,,n,,n,,n,,w
FRN220G1S-4T,n,,n,,n,,n,,n,,n,,n,,n,,n,,n,,n,,n,,w
FRN2.2AQ1L-4A,n,,2,,3,,6,,8,,n,,14,,n,,n,,16,,n,,16,,n
FRN22AQ1L-4A,n,,n,,n,,2,,6,,n,,n,,n,,n,,8,,n,,8,,n
FRN2.2AQ1L-4E,n,,2,,3,,6,,8,,n,,14,,n,,n,,16,,n,,16,,n
FRN22AQ1L-4E,n,,n,,n,,2,,6,,n,,n,,n,,n,,8,,n,,8,,n
FRN2.2AQ1M-4A,n,,2,,3,,6,,8,,n,,14,,n,,n,,16,,n,,16,,n
FRN22AQ1M-4A,n,,n,,n,,2,,6,,n,,n,,n,,n,,8,,n,,8,,n
FRN2.2AQ1M-4E,n,,2,,3,,6,,8,,n,,14,,n,,n,,16,,n,,16,,n
FRN22AQ1M-4E,n,,n,,n,,2,,6,,n,,n,,n,,n,,8,,n,,8,,n
FRN22AR1K-4DSL,n,,n,,n,,2,,6,,n,,n,,n,,n,,8,,n,,8,,n
FRN2.2AR1L-2J,n,,2,,3,,6,,8,,n,,14,,n,,n,,16,,n,,16,,n
FRN22AR1L-2J,n,,n,,n,,n,,n,,n,,n,,n,,n,,n,,n,,n,,w
FRN2.2AR1L-4A,n,,2,,3,,6,,8,,n,,14,,n,,n,,16,,n,,16,,n
FRN22AR1L-4A,n,,n,,n,,2,,6,,n,,n,,n,,n,,8,,n,,8,,n
FRN2.2AR1L-4E,n,,2,,3,,6,,8,,n,,14,,n,,n,,16,,n,,16,,n
FRN22AR1L-4E,n,,n,,n,,2,,6,,n,,n,,n,,n,,8,,n,,8,,n
FRN22AR1L-4J,n,,n,,n,,2,,6,,n,,n,,n,,n,,8,,n,,8,,n
FRN22AR1L-4TX,n,,n,,n,,2,,4,,n,,6,,n,,n,,8,,n,,8,,n
FRN2.2AR1M-4A,n,,2,,3,,6,,8,,n,,14,,n,,n,,16,,n,,16,,n
FRN22AR1M-4A,n,,n,,n,,2,,6,,n,,n,,n,,n,,8,,n,,8,,n
FRN2.2AR1M-4E,n,,2,,3,,6,,8,,n,,14,,n,,n,,16,,n,,16,,n
FRN22AR1M-4E,n,,n,,n,,2,,6,,n,,n,,n,,n,,8,,n,,8,,n
FRN2.2C2S-2J,12,,18,,33,,51,,66,,n,,96,,128,,80,,120,,160,,140,,n
FRN2.2C2S-4J,12,,18,,33,,51,,66,,n,,96,,128,,80,,120,,160,,140,,n
FRN2.2C2S-7J,8,,12,,27,,39,,54,,n,,72,,120,,58,,87,,145,,96,,n
FRN2.2E1E-4A,4,,6,,18,,26,,36,,n,,48,,72,,n,,58,,87,,72,,n
FRN2.2E1E-4E,4,,6,,18,,26,,36,,n,,48,,72,,n,,58,,87,,72,,n
FRN2.2E1E-7A,4,,6,,18,,26,,36,,n,,48,,72,,n,,58,,87,,72,,n
FRN2.2E1E-7E,4,,6,,18,,26,,36,,n,,48,,72,,n,,58,,87,,72,,n
FRN2.2E1S-2A,12,,18,,33,,51,,66,,n,,96,,128,,80,,120,,160,,140,,n
FRN2.2E1S-2BM1,12,,18,,33,,51,,66,,n,,96,,128,,80,,120,,160,,140,,n
FRN2.2E1S-2QB1,n,,n,,n,,n,,n,,n,,n,,n,,n,,n,,n,,n,,n
FRN2.2E1S-4A,12,,18,,33,,51,,66,,n,,96,,128,,80,,120,,160,,140,,n
FRN2.2E1S-4BM1,12,,18,,33,,51,,66,,n,,96,,128,,80,,120,,160,,140,,n
FRN2.2E1S-4E,12,,18,,33,,51,,66,,n,,96,,128,,80,,120,,160,,140,,n
FRN2.2E1S-4JSF1E,12,,18,,33,,51,,66,,n,,96,,128,,80,,120,,160,,140,,n
FRN2.2E1S-4LM,n,,n,,n,,n,,n,,n,,n,,n,,n,,n,,n,,n,,n
FRN2.2E1S-4LM3,12,,18,,33,,51,,66,,n,,96,,128,,80,,120,,160,,140,,n
FRN2.2E1S-4QB1,n,,n,,n,,n,,n,,n,,n,,n,,n,,n,,n,,n,,n
FRN2.2E1S-7A,8,,12,,27,,39,,54,,n,,72,,96,,n,,58,,116,,96,,n
FRN2.2E1S-7BM1,8,,12,,27,,39,,54,,n,,72,,96,,n,,58,,116,,96,,n
FRN2.2E1S-7E,8,,12,,27,,39,,54,,n,,72,,96,,n,,58,,116,,96,,n
FRN2.2E1S-7JSF1E,8,,12,,27,,39,,54,,n,,72,,96,,n,,58,,116,,96,,n
FRN2.2E1S-7QB1,n,,n,,n,,n,,n,,n,,n,,n,,n,,n,,n,,n,,n
FRN2.2E2S-2J,12,,18,,33,,51,,66,,n,,96,,128,,80,,120,,160,,140,,n
FRN2.2F1S-2J,n,,n,,n,,n,,n,,n,,n,,n,,n,,n,,n,,n,,n
FRN22F1S-2J,n,,n,,n,,n,,n,,n,,n,,n,,n,,n,,n,,n,,n
FRN2.2F1S-4A,4,,6,,12,,18,,27,,n,,36,,48,,32,,48,,64,,60,,n
FRN22F1S-4A,n,,1,,2,,4,,8,,n,,10,,15,,n,,12,,18,,18,,n
FRN2.2F1S-4E,4,,6,,12,,18,,27,,n,,36,,48,,32,,48,,64,,60,,n
FRN22F1S-4E,n,,1,,2,,4,,8,,n,,10,,15,,n,,12,,18,,18,,n
FRN22F1S-4J,n,,1,,2,,4,,8,,n,,10,,15,,n,,12,,18,,18,,n
FRN2.2F1S-4J,n,,n,,n,,n,,n,,n,,n,,n,,n,,n,,n,,n,,n
FRN2.2G1E-4A,4,,6,,12,,18,,27,,n,,36,,48,,32,,48,,64,,60,,n
FRN22G1E-4A,n,,1,,2,,4,,8,,n,,10,,15,,n,,12,,18,,18,,n
FRN2.2G1E-4E,4,,6,,12,,18,,27,,n,,36,,48,,32,,48,,64,,60,,n
FRN22G1E-4E,n,,1,,2,,4,,8,,n,,10,,15,,n,,12,,18,,18,,n
FRN2.2G1E-4EAQ,n,,n,,n,,n,,n,,n,,n,,n,,n,,n,,n,,n,,n
FRN22G1E-4EAQ,n,,n,,n,,n,,n,,n,,n,,n,,n,,n,,n,,n,,n
FRN2.2G1S-2A,4,,6,,12,,18,,27,,n,,36,,48,,32,,48,,64,,60,,n
FRN22G1S-2A,n,,1,,2,,4,,8,,n,,10,,15,,n,,12,,18,,18,,n
FRN22G1S-2BM1,n,,1,,2,,4,,8,,n,,10,,15,,n,,12,,18,,18,,n
FRN2.2G1S-2T,4,,6,,12,,18,,27,,n,,36,,48,,32,,48,,64,,60,,n
FRN22G1S-2T,n,,1,,2,,4,,8,,n,,10,,15,,n,,12,,18,,18,,n
FRN2.2G1S-4A,4,,6,,12,,18,,27,,n,,36,,48,,32,,48,,64,,60,,n
FRN22G1S-4A,n,,1,,2,,4,,8,,n,,10,,15,,n,,12,,18,,18,,n
FRN22G1S-4BM1,n,,1,,2,,4,,8,,n,,10,,15,,n,,12,,18,,18,,n
FRN2.2G1S-4T,4,,6,,12,,18,,27,,n,,36,,48,,32,,48,,64,,60,,n
FRN22G1S-4T,n,,n,,n,,n,,n,,n,,n,,n,,n,,n,,n,,n,,n
FRN2.2G2S-2J,4,,6,,12,,18,,27,,n,,36,,48,,32,,48,,64,,60,,n
FRN22G2S-2J,n,,1,,2,,4,,8,,n,,10,,15,,n,,12,,18,,18,,n
FRN2.2G2S-4J,4,,6,,12,,18,,27,,n,,36,,48,,32,,48,,64,,60,,n
FRN22G2S-4J,n,,1,,2,,4,,8,,n,,10,,15,,n,,12,,18,,18,,n
FRN22LM1S-2EA,n,,1,,2,,4,,8,,n,,10,,15,,n,,12,,18,,18,,n
FRN22LM1S-2SD,n,,1,,2,,4,,8,,n,,10,,15,,n,,12,,18,,18,,n
FRN22LM1S-4AA,n,,1,,2,,4,,8,,n,,10,,15,,n,,12,,18,,18,,n
FRN22LM1S-4E,n,,1,,2,,4,,8,,n,,10,,15,,n,,12,,18,,18,,n
FRN22LM1S-4EA,n,,1,,2,,4,,8,,n,,10,,15,,n,,12,,18,,18,,n
FRN22LM1S-4SD,n,,1,,2,,4,,8,,n,,10,,15,,n,,12,,18,,18,,n
FRN2.2LM1S-7AA,4,,6,,12,,18,,27,,n,,36,,48,,32,,48,,64,,60,,n
FRN2.2LM1S-7EA,4,,6,,12,,18,,27,,n,,36,,48,,32,,48,,64,,60,,n
FRN2.2LM1S-7SD,4,,6,,12,,18,,27,,n,,36,,48,,32,,48,,64,,60,,n
FRN250AR1S-4U,n,,n,,n,,n,,n,,n,,n,,n,,n,,n,,n,,n,,w
FRN250F1S-4DY,n,,n,,n,,n,,n,,n,,n,,n,,n,,n,,n,,n,,w
FRN250F1S-4U,n,,n,,n,,n,,n,,n,,n,,n,,n,,n,,n,,n,,w
FRN250G1S-4U,n,,n,,n,,n,,n,,n,,n,,n,,n,,n,,n,,n,,w
FRN280AQ1S-4A,n,,n,,n,,n,,n,,n,,n,,n,,n,,n,,n,,n,,w
FRN280AQ1S-4E,n,,n,,n,,n,,n,,n,,n,,n,,n,,n,,n,,n,,w
FRN280AR1S-4A,n,,n,,n,,n,,n,,n,,n,,n,,n,,n,,n,,n,,w
FRN280AR1S-4E,n,,n,,n,,n,,n,,n,,n,,n,,n,,n,,n,,n,,w
FRN280F1S-4A,n,,n,,n,,n,,n,,n,,n,,n,,n,,n,,n,,n,,w
FRN280F1S-4E,n,,n,,n,,n,,n,,n,,n,,n,,n,,n,,n,,n,,w
FRN280F1S-4J,n,,n,,n,,n,,n,,n,,n,,n,,n,,n,,n,,n,,w
FRN280G1E-4A,n,,n,,n,,n,,n,,n,,n,,n,,n,,n,,n,,n,,w
FRN280G1E-4E,n,,n,,n,,n,,n,,n,,n,,n,,n,,n,,n,,n,,w
FRN280G1S-4A,n,,n,,n,,n,,n,,n,,n,,n,,n,,n,,n,,n,,w
FRN280G1S-4T,n,,n,,n,,n,,n,,n,,n,,n,,n,,n,,n,,n,,w
FRN280G2S-4J,n,,n,,n,,n,,n,,n,,n,,n,,n,,n,,n,,n,,w
FRN300AR1S-4U,n,,n,,n,,n,,n,,n,,n,,n,,n,,n,,n,,n,,w
FRN300F1S-4DY,n,,n,,n,,n,,n,,n,,n,,n,,n,,n,,n,,n,,w
FRN300F1S-4U,n,,n,,n,,n,,n,,n,,n,,n,,n,,n,,n,,n,,w
FRN300G1S-4U,n,,n,,n,,n,,n,,n,,n,,n,,n,,n,,n,,n,,w
FRN300G1S-4U P,n,,n,,n,,n,,n,,n,,n,,n,,n,,n,,n,,n,,w
FRN30AQ1L-4A,n,,n,,n,,2,,4,,n,,6,,n,,n,,8,,n,,8,,n
FRN30AQ1L-4E,n,,n,,n,,2,,4,,n,,6,,n,,n,,8,,n,,8,,n
FRN30AQ1M-4A,n,,n,,n,,2,,4,,n,,6,,n,,n,,8,,n,,8,,n
FRN30AQ1M-4E,n,,n,,n,,2,,4,,n,,6,,n,,n,,8,,n,,8,,n
FRN30AR1L-2J,n,,n,,n,,n,,n,,n,,n,,n,,n,,n,,n,,n,,w
FRN30AR1L-4A,n,,n,,n,,2,,4,,n,,6,,n,,n,,8,,n,,8,,n
FRN30AR1L-4E,n,,n,,n,,2,,4,,n,,6,,n,,n,,8,,n,,8,,n
FRN30AR1L-4J,n,,n,,n,,2,,4,,n,,6,,n,,n,,8,,n,,8,,n
FRN30AR1L-4TX,n,,n,,n,,2,,4,,n,,6,,n,,n,,8,,n,,8,,n
FRN30AR1M-4A,n,,n,,n,,2,,4,,n,,6,,n,,n,,8,,n,,8,,n
FRN30AR1M-4E,n,,n,,n,,2,,4,,n,,6,,n,,n,,8,,n,,8,,n
FRN30F1S-2J,n,,n,,n,,n,,n,,n,,n,,n,,n,,n,,n,,n,,w
FRN30F1S-4A,n,,1,,2,,4,,8,,n,,10,,15,,n,,12,,18,,18,,n
FRN30F1S-4E,n,,1,,2,,4,,8,,n,,10,,15,,n,,12,,18,,18,,n
FRN30F1S-4J,n,,n,,n,,n,,n,,n,,n,,n,,n,,n,,n,,n,,w
FRN30G1E-4A,n,,n,,n,,n,,n,,n,,n,,n,,n,,n,,n,,n,,w
FRN30G1E-4E,n,,n,,n,,n,,n,,n,,n,,n,,n,,n,,n,,n,,w
FRN30G1E-4EAQ,n,,n,,n,,n,,n,,n,,n,,n,,n,,n,,n,,n,,w
FRN30G1E-4EBU,n,,n,,n,,n,,n,,n,,n,,n,,n,,n,,n,,n,,w
FRN30G1S-2A,n,,n,,n,,n,,n,,n,,n,,n,,n,,n,,n,,n,,w
FRN30G1S-2BM1,n,,n,,n,,n,,n,,n,,n,,n,,n,,n,,n,,n,,w
FRN30G1S-2T,n,,n,,n,,n,,n,,n,,n,,n,,n,,n,,n,,n,,w
FRN30G1S-4A,n,,n,,n,,n,,n,,n,,n,,n,,n,,n,,n,,n,,w
FRN30G1S-4BM1,n,,n,,n,,n,,n,,n,,n,,n,,n,,n,,n,,n,,w
FRN30G1S-4T,n,,n,,n,,n,,n,,n,,n,,n,,n,,n,,n,,n,,w
FRN30G2S-2J,n,,n,,n,,n,,n,,n,,n,,n,,n,,n,,n,,n,,w
FRN30G2S-4J,n,,n,,n,,n,,n,,n,,n,,n,,n,,n,,n,,n,,w
FRN30LM1S-4AA,n,,n,,n,,1,,3,,n,,n,,4,,n,,n,,4,,4,,n
FRN30LM1S-4E,n,,n,,n,,1,,3,,n,,n,,4,,n,,n,,4,,4,,n
FRN30LM1S-4EA,n,,n,,n,,1,,3,,n,,n,,4,,n,,n,,4,,4,,n
FRN30LM1S-4SD,n,,n,,n,,1,,3,,n,,n,,4,,n,,n,,4,,4,,n
FRN315AQ1S-4A,n,,n,,n,,n,,n,,n,,n,,n,,n,,n,,n,,n,,w
FRN315AQ1S-4E,n,,n,,n,,n,,n,,n,,n,,n,,n,,n,,n,,n,,w
FRN315AR1S-4A,n,,n,,n,,n,,n,,n,,n,,n,,n,,n,,n,,n,,w
FRN315AR1S-4E,n,,n,,n,,n,,n,,n,,n,,n,,n,,n,,n,,n,,w
FRN315F1S-4A,n,,n,,n,,n,,n,,n,,n,,n,,n,,n,,n,,n,,w
FRN315F1S-4E,n,,n,,n,,n,,n,,n,,n,,n,,n,,n,,n,,n,,w
FRN315F1S-4J,n,,n,,n,,n,,n,,n,,n,,n,,n,,n,,n,,n,,w
FRN315G1E-4A,n,,n,,n,,n,,n,,n,,n,,n,,n,,n,,n,,n,,w
FRN315G1E-4E,n,,n,,n,,n,,n,,n,,n,,n,,n,,n,,n,,n,,w
FRN315G1S-4A,n,,n,,n,,n,,n,,n,,n,,n,,n,,n,,n,,n,,w
FRN315G1S-4T,n,,n,,n,,n,,n,,n,,n,,n,,n,,n,,n,,n,,w
FRN315G2S-4J,n,,n,,n,,n,,n,,n,,n,,n,,n,,n,,n,,n,,w
FRN350AR1S-4U,n,,n,,n,,n,,n,,n,,n,,n,,n,,n,,n,,n,,w
FRN350F1S-4DY,n,,n,,n,,n,,n,,n,,n,,n,,n,,n,,n,,n,,w
FRN350F1S-4U,n,,n,,n,,n,,n,,n,,n,,n,,n,,n,,n,,n,,w
FRN350G1S-4U,n,,n,,n,,n,,n,,n,,n,,n,,n,,n,,n,,n,,w
FRN350G1S-4U P,n,,n,,n,,n,,n,,n,,n,,n,,n,,n,,n,,n,,w
FRN355AQ1S-4A,n,,n,,n,,n,,n,,n,,n,,n,,n,,n,,n,,n,,w
FRN355AQ1S-4E,n,,n,,n,,n,,n,,n,,n,,n,,n,,n,,n,,n,,w
FRN355AR1S-4A,n,,n,,n,,n,,n,,n,,n,,n,,n,,n,,n,,n,,w
FRN355AR1S-4E,n,,n,,n,,n,,n,,n,,n,,n,,n,,n,,n,,n,,w
FRN355F1S-4A,n,,n,,n,,n,,n,,n,,n,,n,,n,,n,,n,,n,,w
FRN355F1S-4E,n,,n,,n,,n,,n,,n,,n,,n,,n,,n,,n,,n,,w
FRN355F1S-4J,n,,n,,n,,n,,n,,n,,n,,n,,n,,n,,n,,n,,w
FRN355G1E-4A,n,,n,,n,,n,,n,,n,,n,,n,,n,,n,,n,,n,,w
FRN355G1E-4E,n,,n,,n,,n,,n,,n,,n,,n,,n,,n,,n,,n,,w
FRN355G1S-4A,n,,n,,n,,n,,n,,n,,n,,n,,n,,n,,n,,n,,w
FRN355G1S-4T,n,,n,,n,,n,,n,,n,,n,,n,,n,,n,,n,,n,,w
FRN355G2S-4J,n,,n,,n,,n,,n,,n,,n,,n,,n,,n,,n,,n,,w
FRN3.7AQ1L-4A,n,,2,,3,,6,,8,,n,,14,,n,,n,,16,,n,,16,,n
FRN37AQ1L-4A,n,,n,,n,,2,,4,,n,,6,,n,,n,,8,,n,,8,,n
FRN37AQ1L-4E,n,,n,,n,,2,,4,,n,,6,,n,,n,,8,,n,,8,,n
FRN3.7AQ1M-4A,n,,2,,3,,6,,8,,n,,14,,n,,n,,16,,n,,16,,n
FRN37AQ1M-4A,n,,n,,n,,2,,4,,n,,6,,n,,n,,8,,n,,8,,n
FRN37AQ1M-4E,n,,n,,n,,2,,4,,n,,6,,n,,n,,8,,n,,8,,n
FRN3.7AR1L-2J,n,,2,,3,,6,,8,,n,,14,,n,,n,,16,,n,,16,,n
FRN37AR1L-2J,n,,n,,n,,n,,n,,n,,n,,n,,n,,n,,n,,n,,w
FRN3.7AR1L-4A,n,,2,,3,,6,,8,,n,,14,,n,,n,,16,,n,,16,,n
FRN37AR1L-4A,n,,n,,n,,2,,4,,n,,6,,n,,n,,8,,n,,8,,n
FRN37AR1L-4E,n,,n,,n,,2,,4,,n,,6,,n,,n,,8,,n,,8,,n
FRN3.7AR1L-4J,n,,2,,3,,6,,8,,n,,14,,n,,n,,16,,n,,16,,n
FRN37AR1L-4J,n,,n,,n,,2,,4,,n,,6,,n,,n,,8,,n,,8,,n
FRN37AR1L-4TX,n,,n,,n,,n,,n,,n,,n,,n,,n,,n,,n,,n,,w
FRN3.7AR1M-4A,n,,2,,3,,6,,8,,n,,14,,n,,n,,16,,n,,16,,n
FRN37AR1M-4A,n,,n,,n,,2,,4,,n,,6,,n,,n,,8,,n,,8,,n
FRN37AR1M-4E,n,,n,,n,,2,,4,,n,,6,,n,,n,,8,,n,,8,,n
FRN3.7C2S-2J,8,,12,,27,,39,,54,,n,,72,,120,,58,,87,,145,,96,,n
FRN3.7C2S-4J,8,,12,,27,,39,,54,,n,,72,,120,,58,,87,,145,,96,,n
FRN3.7E1E-4A,4,,6,,18,,26,,36,,n,,48,,72,,n,,58,,87,,72,,n
FRN3.7E1S-2A,8,,12,,27,,39,,54,,n,,72,,96,,n,,58,,116,,96,,n
FRN3.7E1S-2BM1,8,,12,,27,,39,,54,,n,,72,,96,,n,,58,,116,,96,,n
FRN3.7E1S-2QB1,n,,n,,n,,n,,n,,n,,n,,n,,n,,n,,n,,n,,n
FRN3.7E1S-4A,8,,12,,27,,39,,54,,n,,72,,96,,n,,58,,116,,96,,n
FRN3.7E1S-4BM1,8,,12,,27,,39,,54,,n,,72,,96,,n,,58,,116,,96,,n
FRN3.7E1S-4LM,n,,n,,n,,n,,n,,n,,n,,n,,n,,n,,n,,n,,n
FRN3.7E1S-4LM3,8,,12,,27,,39,,54,,n,,72,,96,,n,,58,,116,,96,,n
FRN3.7E1S-4QB1,n,,n,,n,,n,,n,,n,,n,,n,,n,,n,,n,,n,,n
FRN3.7E2S-4J,8,,12,,27,,39,,54,,n,,72,,96,,n,,58,,116,,96,,n
FRN37F1S-2J,n,,n,,n,,n,,n,,n,,n,,n,,n,,n,,n,,n,,w
FRN3.7F1S-2J,n,,n,,n,,n,,n,,n,,n,,n,,n,,n,,n,,n,,n
FRN3.7F1S-4A,4,,6,,12,,18,,27,,n,,36,,48,,32,,48,,64,,60,,n
FRN37F1S-4A,n,,n,,n,,n,,n,,n,,n,,n,,n,,n,,n,,n,,w
FRN37F1S-4E,n,,n,,n,,n,,n,,n,,n,,n,,n,,n,,n,,n,,w
FRN37F1S-4J,n,,n,,n,,n,,n,,n,,n,,n,,n,,n,,n,,n,,w
FRN3.7F1S-4J,n,,n,,n,,n,,n,,n,,n,,n,,n,,n,,n,,n,,n
FRN3.7G1E-4A,4,,6,,12,,18,,27,,n,,36,,48,,32,,48,,64,,60,,n
FRN37G1E-4A,n,,n,,n,,n,,n,,n,,n,,n,,n,,n,,n,,n,,w
FRN37G1E-4E,n,,n,,n,,n,,n,,n,,n,,n,,n,,n,,n,,n,,w
FRN37G1E-4EAQ,n,,n,,n,,n,,n,,n,,n,,n,,n,,n,,n,,n,,w
FRN37G1E-4EBU,n,,n,,n,,n,,n,,n,,n,,n,,n,,n,,n,,n,,w
FRN3.7G1S-2A,4,,6,,12,,18,,27,,n,,36,,48,,32,,48,,64,,60,,n
FRN37G1S-2A,n,,n,,n,,n,,n,,n,,n,,n,,n,,n,,n,,n,,w
FRN37G1S-2T,n,,n,,n,,n,,n,,n,,n,,n,,n,,n,,n,,n,,w
FRN3.7G1S-2T,n,,n,,n,,n,,n,,n,,n,,n,,n,,n,,n,,n,,n
FRN3.7G1S-4A,4,,6,,12,,18,,27,,n,,36,,48,,32,,48,,64,,60,,n
FRN37G1S-4A,n,,n,,n,,n,,n,,n,,n,,n,,n,,n,,n,,n,,w
FRN37G1S-4T,n,,n,,n,,n,,n,,n,,n,,n,,n,,n,,n,,n,,w
FRN3.7G1S-4T,n,,n,,n,,n,,n,,n,,n,,n,,n,,n,,n,,n,,n
FRN3.7G2S-2J,4,,6,,12,,18,,27,,n,,36,,48,,32,,48,,64,,60,,n
FRN37G2S-2J,n,,n,,n,,n,,n,,n,,n,,n,,n,,n,,n,,n,,w
FRN3.7G2S-4J,4,,6,,12,,18,,27,,n,,36,,48,,32,,48,,64,,60,,n
FRN37G2S-4J,n,,n,,n,,n,,n,,n,,n,,n,,n,,n,,n,,n,,w
FRN37LM1S-4AA,n,,n,,n,,n,,1,,2,,n,,4,,2,,n,,4,,4,,n
FRN37LM1S-4E,n,,n,,n,,n,,1,,2,,n,,4,,2,,n,,4,,4,,n
FRN37LM1S-4EA,n,,n,,n,,n,,1,,2,,n,,4,,2,,n,,4,,4,,n
FRN37LM1S-4SD,n,,n,,n,,n,,1,,2,,n,,4,,2,,n,,4,,4,,n
FRN400AQ1S-4A,n,,n,,n,,n,,n,,n,,n,,n,,n,,n,,n,,n,,w
FRN400AQ1S-4E,n,,n,,n,,n,,n,,n,,n,,n,,n,,n,,n,,n,,w
FRN400AR1S-4A,n,,n,,n,,n,,n,,n,,n,,n,,n,,n,,n,,n,,w
FRN400AR1S-4E,n,,n,,n,,n,,n,,n,,n,,n,,n,,n,,n,,n,,w
FRN400F1S-4A,n,,n,,n,,n,,n,,n,,n,,n,,n,,n,,n,,n,,w
FRN400F1S-4DY,n,,n,,n,,n,,n,,n,,n,,n,,n,,n,,n,,n,,w
FRN400F1S-4E,n,,n,,n,,n,,n,,n,,n,,n,,n,,n,,n,,n,,w
FRN400F1S-4J,n,,n,,n,,n,,n,,n,,n,,n,,n,,n,,n,,n,,w
FRN400F1S-4U,n,,n,,n,,n,,n,,n,,n,,n,,n,,n,,n,,n,,w
FRN400G1E-4A,n,,n,,n,,n,,n,,n,,n,,n,,n,,n,,n,,n,,w
FRN400G1E-4E,n,,n,,n,,n,,n,,n,,n,,n,,n,,n,,n,,n,,w
FRN400G1S-4A,n,,n,,n,,n,,n,,n,,n,,n,,n,,n,,n,,n,,w
FRN400G1S-4T,n,,n,,n,,n,,n,,n,,n,,n,,n,,n,,n,,n,,w
FRN400G2S-4J,n,,n,,n,,n,,n,,n,,n,,n,,n,,n,,n,,n,,w
FRN4.0AQ1L-4E,n,,2,,3,,6,,8,,n,,14,,n,,n,,16,,n,,16,,n
FRN4.0AQ1M-4E,n,,2,,3,,6,,8,,n,,14,,n,,n,,16,,n,,16,,n
FRN4.0AR1L-4E,n,,2,,3,,6,,8,,n,,14,,n,,n,,16,,n,,16,,n
FRN4.0AR1M-4E,n,,2,,3,,6,,8,,n,,14,,n,,n,,16,,n,,16,,n
FRN4.0E1E-2LM1,4,,6,,18,,26,,36,,n,,48,,72,,n,,58,,87,,72,,n
FRN4.0E1E-4E,4,,6,,18,,26,,36,,n,,48,,72,,n,,58,,87,,72,,n
FRN4.0E1E-4HLE,n,,n,,n,,n,,n,,n,,n,,n,,n,,n,,n,,n,,n
FRN4.0E1E-4LM1,4,,6,,18,,26,,36,,n,,48,,72,,n,,58,,87,,72,,n
FRN4.0E1S-4E,8,,12,,27,,39,,54,,n,,72,,96,,n,,58,,116,,96,,n
FRN4.0E1S-4JSF1E,8,,12,,27,,39,,54,,n,,72,,96,,n,,58,,116,,96,,n
FRN4.0F1S-4E,4,,6,,12,,18,,27,,n,,36,,48,,32,,48,,64,,60,,n
FRN4.0G1E-4E,4,,6,,12,,18,,27,,n,,36,,48,,32,,48,,64,,60,,n
FRN4.0G1E-4EAQ,n,,n,,n,,n,,n,,n,,n,,n,,n,,n,,n,,n,,n
FRN4.0G1E-4ELF,4,,6,,12,,18,,27,,n,,36,,48,,32,,48,,64,,60,,n
FRN4.0LM1S-4AA,4,,6,,12,,18,,27,,n,,36,,48,,32,,48,,64,,60,,n
FRN4.0LM1S-4E,4,,6,,12,,18,,27,,n,,36,,48,,32,,48,,64,,60,,n
FRN4.0LM1S-4EA,4,,6,,12,,18,,27,,n,,36,,48,,32,,48,,64,,60,,n
FRN4.0LM1S-4SD,4,,6,,12,,18,,27,,n,,36,,48,,32,,48,,64,,60,,n
FRN450AR1S-4U,n,,n,,n,,n,,n,,n,,n,,n,,n,,n,,n,,n,,w
FRN450F1S-4A,n,,n,,n,,n,,n,,n,,n,,n,,n,,n,,n,,n,,w
FRN450F1S-4DY,n,,n,,n,,n,,n,,n,,n,,n,,n,,n,,n,,n,,w
FRN450F1S-4E,n,,n,,n,,n,,n,,n,,n,,n,,n,,n,,n,,n,,w
FRN450F1S-4J,n,,n,,n,,n,,n,,n,,n,,n,,n,,n,,n,,n,,w
FRN450F1S-4U,n,,n,,n,,n,,n,,n,,n,,n,,n,,n,,n,,n,,w
FRN450G1S-4U,n,,n,,n,,n,,n,,n,,n,,n,,n,,n,,n,,n,,w
FRN450G1S-4U P,n,,n,,n,,n,,n,,n,,n,,n,,n,,n,,n,,n,,w
FRN45AQ1L-4A,n,,n,,n,,n,,n,,n,,n,,n,,n,,n,,n,,n,,w
FRN45AQ1L-4E,n,,n,,n,,n,,n,,n,,n,,n,,n,,n,,n,,n,,w
FRN45AQ1M-4A,n,,n,,n,,n,,n,,n,,n,,n,,n,,n,,n,,n,,w
FRN45AQ1M-4E,n,,n,,n,,n,,n,,n,,n,,n,,n,,n,,n,,n,,w
FRN45AR1L-2J,n,,n,,n,,n,,n,,n,,n,,n,,n,,n,,n,,n,,w
FRN45AR1L-4A,n,,n,,n,,n,,n,,n,,n,,n,,n,,n,,n,,n,,w
FRN45AR1L-4E,n,,n,,n,,n,,n,,n,,n,,n,,n,,n,,n,,n,,w
FRN45AR1L-4J,n,,n,,n,,n,,n,,n,,n,,n,,n,,n,,n,,n,,w
FRN45AR1L-4TX,n,,n,,n,,n,,n,,n,,n,,n,,n,,n,,n,,n,,w
FRN45AR1M-4A,n,,n,,n,,n,,n,,n,,n,,n,,n,,n,,n,,n,,w
FRN45AR1M-4E,n,,n,,n,,n,,n,,n,,n,,n,,n,,n,,n,,n,,w
FRN45F1S-2J,n,,n,,n,,n,,n,,n,,n,,n,,n,,n,,n,,n,,w
FRN45F1S-4A,n,,n,,n,,n,,n,,n,,n,,n,,n,,n,,n,,n,,w
FRN45F1S-4E,n,,n,,n,,n,,n,,n,,n,,n,,n,,n,,n,,n,,w
FRN45F1S-4J,n,,n,,n,,n,,n,,n,,n,,n,,n,,n,,n,,n,,w
FRN45G1E-4A,n,,n,,n,,n,,n,,n,,n,,n,,n,,n,,n,,n,,w
FRN45G1E-4E,n,,n,,n,,n,,n,,n,,n,,n,,n,,n,,n,,n,,w
FRN45G1E-4EAQ,n,,n,,n,,n,,n,,n,,n,,n,,n,,n,,n,,n,,w
FRN45G1E-4EBU,n,,n,,n,,n,,n,,n,,n,,n,,n,,n,,n,,n,,w
FRN45G1S-2A,n,,n,,n,,n,,n,,n,,n,,n,,n,,n,,n,,n,,w
FRN45G1S-2T,n,,n,,n,,n,,n,,n,,n,,n,,n,,n,,n,,n,,w
FRN45G1S-4A,n,,n,,n,,n,,n,,n,,n,,n,,n,,n,,n,,n,,w
FRN45G1S-4T,n,,n,,n,,n,,n,,n,,n,,n,,n,,n,,n,,n,,w
FRN45G2S-2J,n,,n,,n,,n,,n,,n,,n,,n,,n,,n,,n,,n,,w
FRN45G2S-4J,n,,n,,n,,n,,n,,n,,n,,n,,n,,n,,n,,n,,w
FRN45LM1S-4AA,n,,n,,n,,n,,1,,2,,n,,4,,2,,n,,4,,4,,n
FRN45LM1S-4E,n,,n,,n,,n,,1,,2,,n,,4,,2,,n,,4,,4,,n
FRN45LM1S-4EA,n,,n,,n,,n,,1,,2,,n,,4,,2,,n,,4,,4,,n
FRN500AQ1S-4A,n,,n,,n,,n,,n,,n,,n,,n,,n,,n,,n,,n,,w
FRN500AQ1S-4E,n,,n,,n,,n,,n,,n,,n,,n,,n,,n,,n,,n,,w
FRN500AR1S-4A,n,,n,,n,,n,,n,,n,,n,,n,,n,,n,,n,,n,,w
FRN500AR1S-4E,n,,n,,n,,n,,n,,n,,n,,n,,n,,n,,n,,n,,w
FRN500F1S-4A,n,,n,,n,,n,,n,,n,,n,,n,,n,,n,,n,,n,,w
FRN500F1S-4DY,n,,n,,n,,n,,n,,n,,n,,n,,n,,n,,n,,n,,w
FRN500F1S-4E,n,,n,,n,,n,,n,,n,,n,,n,,n,,n,,n,,n,,w
FRN500F1S-4J,n,,n,,n,,n,,n,,n,,n,,n,,n,,n,,n,,n,,w
FRN500F1S-4U,n,,n,,n,,n,,n,,n,,n,,n,,n,,n,,n,,n,,w
FRN500G1E-4A,n,,n,,n,,n,,n,,n,,n,,n,,n,,n,,n,,n,,w
FRN500G1E-4E,n,,n,,n,,n,,n,,n,,n,,n,,n,,n,,n,,n,,w
FRN500G1S-4A,n,,n,,n,,n,,n,,n,,n,,n,,n,,n,,n,,n,,w
FRN500G1S-4T,n,,n,,n,,n,,n,,n,,n,,n,,n,,n,,n,,n,,w
FRN500G1S-4U,n,,n,,n,,n,,n,,n,,n,,n,,n,,n,,n,,n,,w
FRN500G2S-4J,n,,n,,n,,n,,n,,n,,n,,n,,n,,n,,n,,n,,w
FRN5.5AQ1L-4A,n,,2,,3,,6,,8,,n,,14,,n,,n,,16,,n,,16,,n
FRN55AQ1L-4A,n,,n,,n,,n,,n,,n,,n,,n,,n,,n,,n,,n,,w
FRN5.5AQ1L-4E,n,,2,,3,,6,,8,,n,,14,,n,,n,,16,,n,,16,,n
FRN55AQ1L-4E,n,,n,,n,,n,,n,,n,,n,,n,,n,,n,,n,,n,,w
FRN5.5AQ1M-4A,n,,2,,3,,6,,8,,n,,14,,n,,n,,16,,n,,16,,n
FRN55AQ1M-4A,n,,n,,n,,n,,n,,n,,n,,n,,n,,n,,n,,n,,w
FRN5.5AQ1M-4E,n,,2,,3,,6,,8,,n,,14,,n,,n,,16,,n,,16,,n
FRN55AQ1M-4E,n,,n,,n,,n,,n,,n,,n,,n,,n,,n,,n,,n,,w
FRN5.5AR1K-4DSL,n,,2,,3,,6,,8,,n,,14,,n,,n,,16,,n,,16,,n
FRN5.5AR1L-2J,n,,n,,n,,2,,6,,n,,n,,n,,n,,8,,n,,8,,n
FRN5.5AR1L-4A,n,,2,,3,,6,,8,,n,,14,,n,,n,,16,,n,,16,,n
FRN55AR1L-4A,n,,n,,n,,n,,n,,n,,n,,n,,n,,n,,n,,n,,w
FRN5.5AR1L-4E,n,,2,,3,,6,,8,,n,,14,,n,,n,,16,,n,,16,,n
FRN55AR1L-4E,n,,n,,n,,n,,n,,n,,n,,n,,n,,n,,n,,n,,w
FRN5.5AR1L-4J,n,,2,,3,,6,,8,,n,,14,,n,,n,,16,,n,,16,,n
FRN55AR1L-4J,n,,n,,n,,n,,n,,n,,n,,n,,n,,n,,n,,n,,w
FRN55AR1L-4TX,n,,n,,n,,n,,n,,n,,n,,n,,n,,n,,n,,n,,w
FRN5.5AR1M-4A,n,,2,,3,,6,,8,,n,,14,,n,,n,,16,,n,,16,,n
FRN55AR1M-4A,n,,n,,n,,n,,n,,n,,n,,n,,n,,n,,n,,n,,w
FRN5.5AR1M-4E,n,,2,,3,,6,,8,,n,,14,,n,,n,,16,,n,,16,,n
FRN55AR1M-4E,n,,n,,n,,n,,n,,n,,n,,n,,n,,n,,n,,n,,w
FRN55AR1S-2J,n,,n,,n,,n,,n,,n,,n,,n,,n,,n,,n,,n,,w
FRN5.5C2S-2J,2,,4,,8,,8,,16,,22,,33,,n,,26,,39,,n,,36,,n
FRN5.5C2S-4J,2,,4,,8,,8,,16,,22,,33,,n,,26,,39,,n,,36,,n
FRN5.5E1E-4A,1,,2,,4,,8,,12,,n,,14,,21,,n,,16,,24,,24,,n
FRN5.5E1E-4E,1,,2,,4,,8,,12,,n,,14,,21,,n,,16,,24,,24,,n
FRN5.5E1S-2A,2,,4,,8,,8,,16,,22,,33,,n,,26,,39,,n,,36,,n
FRN5.5E1S-2BM1,2,,4,,8,,8,,16,,22,,33,,n,,26,,39,,n,,36,,n
FRN5.5E1S-2LM1,2,,4,,8,,8,,16,,22,,33,,n,,26,,39,,n,,36,,n
FRN5.5E1S-4A,2,,4,,8,,8,,16,,22,,33,,n,,26,,39,,n,,36,,n
FRN5.5E1S-4BM1,2,,4,,8,,8,,16,,22,,33,,n,,26,,39,,n,,36,,n
FRN5.5E1S-4E,2,,4,,8,,8,,16,,22,,33,,n,,26,,39,,n,,36,,n
FRN5.5E1S-4JSF1E,2,,4,,8,,8,,16,,22,,33,,n,,26,,39,,n,,36,,n
FRN5.5E1S-4LM,n,,n,,n,,n,,n,,n,,n,,n,,n,,n,,n,,n,,n
FRN5.5E1S-4LM1,2,,4,,8,,8,,16,,22,,33,,n,,26,,39,,n,,36,,n
FRN5.5E1S-4LM2,n,,n,,n,,n,,n,,n,,n,,n,,n,,n,,n,,n,,n
FRN5.5E1S-4LM3,2,,4,,8,,8,,16,,22,,33,,n,,26,,39,,n,,36,,n
FRN55F1S-2J,n,,n,,n,,n,,n,,n,,n,,n,,n,,n,,n,,n,,w
FRN5.5F1S-2J,n,,n,,n,,n,,n,,n,,n,,n,,n,,n,,n,,n,,n
FRN5.5F1S-4A,4,,6,,12,,18,,27,,n,,36,,48,,32,,48,,64,,60,,n
FRN55F1S-4A,n,,n,,n,,n,,n,,n,,n,,n,,n,,n,,n,,n,,w
FRN5.5F1S-4E,4,,6,,12,,18,,27,,n,,36,,48,,32,,48,,64,,60,,n
FRN55F1S-4E,n,,n,,n,,n,,n,,n,,n,,n,,n,,n,,n,,n,,w
FRN55F1S-4J,n,,n,,n,,n,,n,,n,,n,,n,,n,,n,,n,,n,,w
FRN5.5F1S-4J,n,,n,,n,,n,,n,,n,,n,,n,,n,,n,,n,,n,,n
FRN5.5G1E-4A,1,,2,,4,,8,,12,,n,,16,,24,,n,,18,,27,,18,,n
FRN55G1E-4A,n,,n,,n,,n,,n,,n,,n,,n,,n,,n,,n,,n,,w
FRN5.5G1E-4E,1,,2,,4,,8,,12,,n,,16,,24,,n,,18,,27,,18,,n
FRN55G1E-4E,n,,n,,n,,n,,n,,n,,n,,n,,n,,n,,n,,n,,w
FRN5.5G1E-4EAQ,n,,n,,n,,n,,n,,n,,n,,n,,n,,n,,n,,n,,n
FRN55G1E-4EAQ,n,,n,,n,,n,,n,,n,,n,,n,,n,,n,,n,,n,,w
FRN55G1E-4EBU,n,,n,,n,,n,,n,,n,,n,,n,,n,,n,,n,,n,,w
FRN5.5G1E-4ELF,1,,2,,4,,8,,12,,n,,16,,24,,n,,18,,27,,18,,n
FRN5.5G1S-2A,1,,2,,4,,8,,12,,n,,16,,24,,n,,18,,27,,18,,n
FRN55G1S-2A,n,,n,,n,,n,,n,,n,,n,,n,,n,,n,,n,,n,,w
FRN5.5G1S-2T,1,,2,,4,,8,,12,,n,,16,,24,,n,,18,,27,,18,,n
FRN55G1S-2T,n,,n,,n,,n,,n,,n,,n,,n,,n,,n,,n,,n,,w
FRN5.5G1S-4A,1,,2,,4,,8,,12,,n,,16,,24,,n,,18,,27,,18,,n
FRN55G1S-4A,n,,n,,n,,n,,n,,n,,n,,n,,n,,n,,n,,n,,w
FRN55G1S-4T,n,,n,,n,,n,,n,,n,,n,,n,,n,,n,,n,,n,,w
FRN5.5G1S-4T,n,,n,,n,,n,,n,,n,,n,,n,,n,,n,,n,,n,,n
FRN5.5G2S-2J,1,,2,,4,,8,,12,,n,,16,,24,,n,,18,,27,,18,,n
FRN55G2S-2J,n,,n,,n,,n,,n,,n,,n,,n,,n,,n,,n,,n,,w
FRN5.5G2S-4J,1,,2,,4,,8,,12,,n,,16,,24,,n,,18,,27,,18,,n
FRN55G2S-4J,n,,n,,n,,n,,n,,n,,n,,n,,n,,n,,n,,n,,w
FRN5.5LM1S-2EA,1,,2,,4,,8,,12,,n,,16,,24,,n,,18,,27,,18,,n
FRN5.5LM1S-2SD,1,,2,,4,,8,,12,,n,,16,,24,,n,,18,,27,,18,,n
FRN5.5LM1S-4AA,1,,2,,4,,8,,12,,n,,16,,24,,n,,18,,27,,18,,n
FRN5.5LM1S-4E,1,,2,,4,,8,,12,,n,,16,,24,,n,,18,,27,,18,,n
FRN5.5LM1S-4EA,1,,2,,4,,8,,12,,n,,16,,24,,n,,18,,27,,18,,n
FRN5.5LM1S-4SD,1,,2,,4,,8,,12,,n,,16,,24,,n,,18,,27,,18,,n
FRN560F1S-4A,n,,n,,n,,n,,n,,n,,n,,n,,n,,n,,n,,n,,w
FRN560F1S-4E,n,,n,,n,,n,,n,,n,,n,,n,,n,,n,,n,,n,,w
FRN560F1S-4J,n,,n,,n,,n,,n,,n,,n,,n,,n,,n,,n,,n,,w
FRN600F1S-4DY,n,,n,,n,,n,,n,,n,,n,,n,,n,,n,,n,,n,,w
FRN600F1S-4U,n,,n,,n,,n,,n,,n,,n,,n,,n,,n,,n,,n,,w
FRN600G1S-4U,n,,n,,n,,n,,n,,n,,n,,n,,n,,n,,n,,n,,w
FRN600G1S-4U P,n,,n,,n,,n,,n,,n,,n,,n,,n,,n,,n,,n,,w
FRN630AQ1S-4A,n,,n,,n,,n,,n,,n,,n,,n,,n,,n,,n,,n,,w
FRN630AQ1S-4E,n,,n,,n,,n,,n,,n,,n,,n,,n,,n,,n,,n,,w
FRN630AR1S-4A,n,,n,,n,,n,,n,,n,,n,,n,,n,,n,,n,,n,,w
FRN630AR1S-4E,n,,n,,n,,n,,n,,n,,n,,n,,n,,n,,n,,n,,w
FRN630G1E-4A,n,,n,,n,,n,,n,,n,,n,,n,,n,,n,,n,,n,,w
FRN630G1E-4E,n,,n,,n,,n,,n,,n,,n,,n,,n,,n,,n,,n,,w
FRN630G1S-4A,n,,n,,n,,n,,n,,n,,n,,n,,n,,n,,n,,n,,w
FRN630G1S-4T,n,,n,,n,,n,,n,,n,,n,,n,,n,,n,,n,,n,,w
FRN630G2S-4J,n,,n,,n,,n,,n,,n,,n,,n,,n,,n,,n,,n,,w
FRN700F1S-4DY,n,,n,,n,,n,,n,,n,,n,,n,,n,,n,,n,,n,,w
FRN700F1S-4U,n,,n,,n,,n,,n,,n,,n,,n,,n,,n,,n,,n,,w
FRN700G1S-4U,n,,n,,n,,n,,n,,n,,n,,n,,n,,n,,n,,n,,w
FRN710AQ1S-4A,n,,n,,n,,n,,n,,n,,n,,n,,n,,n,,n,,n,,w
FRN710AQ1S-4E,n,,n,,n,,n,,n,,n,,n,,n,,n,,n,,n,,n,,w
FRN710AR1S-4A,n,,n,,n,,n,,n,,n,,n,,n,,n,,n,,n,,n,,w
FRN710AR1S-4E,n,,n,,n,,n,,n,,n,,n,,n,,n,,n,,n,,n,,w
FRN7.5AQ1L-4A,n,,2,,3,,6,,8,,n,,14,,n,,n,,16,,n,,16,,n
FRN75AQ1L-4A,n,,n,,n,,n,,n,,n,,n,,n,,n,,n,,n,,n,,w
FRN7.5AQ1L-4E,n,,2,,3,,6,,8,,n,,14,,n,,n,,16,,n,,16,,n
FRN75AQ1L-4E,n,,n,,n,,n,,n,,n,,n,,n,,n,,n,,n,,n,,w
FRN7.5AQ1M-4A,n,,2,,3,,6,,8,,n,,14,,n,,n,,16,,n,,16,,n
FRN75AQ1M-4A,n,,n,,n,,n,,n,,n,,n,,n,,n,,n,,n,,n,,w
FRN7.5AQ1M-4E,n,,2,,3,,6,,8,,n,,14,,n,,n,,16,,n,,16,,n
FRN75AQ1M-4E,n,,n,,n,,n,,n,,n,,n,,n,,n,,n,,n,,n,,w
FRN7.5AR1K-4DSL,n,,2,,3,,6,,8,,n,,14,,n,,n,,16,,n,,16,,n
FRN7.5AR1L-2J,n,,n,,n,,2,,6,,n,,n,,n,,n,,8,,n,,8,,n
FRN7.5AR1L-4A,n,,2,,3,,6,,8,,n,,14,,n,,n,,16,,n,,16,,n
FRN75AR1L-4A,n,,n,,n,,n,,n,,n,,n,,n,,n,,n,,n,,n,,w
FRN7.5AR1L-4E,n,,2,,3,,6,,8,,n,,14,,n,,n,,16,,n,,16,,n
FRN75AR1L-4E,n,,n,,n,,n,,n,,n,,n,,n,,n,,n,,n,,n,,w
FRN7.5AR1L-4J,n,,2,,3,,6,,8,,n,,14,,n,,n,,16,,n,,16,,n
FRN75AR1L-4J,n,,n,,n,,n,,n,,n,,n,,n,,n,,n,,n,,n,,w
FRN7.5AR1M-4A,n,,2,,3,,6,,8,,n,,14,,n,,n,,16,,n,,16,,n
FRN75AR1M-4A,n,,n,,n,,n,,n,,n,,n,,n,,n,,n,,n,,n,,w
FRN7.5AR1M-4E,n,,2,,3,,6,,8,,n,,14,,n,,n,,16,,n,,16,,n
FRN75AR1M-4E,n,,n,,n,,n,,n,,n,,n,,n,,n,,n,,n,,n,,w
FRN7.5C2S-2J,2,,4,,8,,8,,16,,22,,33,,n,,26,,39,,n,,36,,n
FRN7.5C2S-4J,2,,4,,8,,8,,16,,22,,33,,n,,26,,39,,n,,36,,n
FRN7.5E1E-4A,1,,2,,4,,8,,12,,n,,14,,21,,n,,16,,24,,24,,n
FRN7.5E1E-4E,1,,2,,4,,8,,12,,n,,14,,21,,n,,16,,24,,24,,n
FRN7.5E1S-2A,2,,4,,8,,8,,16,,22,,33,,n,,26,,39,,n,,36,,n
FRN7.5E1S-2BM1,2,,4,,8,,8,,16,,22,,33,,n,,26,,39,,n,,36,,n
FRN7.5E1S-2LM1,2,,4,,8,,8,,16,,22,,33,,n,,26,,39,,n,,36,,n
FRN7.5E1S-2QB1,n,,n,,n,,n,,n,,n,,n,,n,,n,,n,,n,,n,,n
FRN7.5E1S-4A,2,,4,,8,,8,,16,,22,,33,,n,,26,,39,,n,,36,,n
FRN7.5E1S-4BM1,2,,4,,8,,8,,16,,22,,33,,n,,26,,39,,n,,36,,n
FRN7.5E1S-4E,2,,4,,8,,8,,16,,22,,33,,n,,26,,39,,n,,36,,n
FRN7.5E1S-4JSF1E,2,,4,,8,,8,,16,,22,,33,,n,,26,,39,,n,,36,,n
FRN7.5E1S-4LM,n,,n,,n,,n,,n,,n,,n,,n,,n,,n,,n,,n,,n
FRN7.5E1S-4LM1,2,,4,,8,,8,,16,,22,,33,,n,,26,,39,,n,,36,,n
FRN7.5E1S-4LM3,2,,4,,8,,8,,16,,22,,33,,n,,26,,39,,n,,36,,n
FRN7.5E1S-4QB1,n,,n,,n,,n,,n,,n,,n,,n,,n,,n,,n,,n,,n
FRN75F1S-2J,n,,n,,n,,n,,n,,n,,n,,n,,n,,n,,n,,n,,w
FRN7.5F1S-2J,n,,n,,n,,n,,n,,n,,n,,n,,n,,n,,n,,n,,n
FRN7.5F1S-4A,1,,2,,4,,8,,12,,n,,16,,24,,n,,18,,27,,18,,n
FRN75F1S-4A,n,,n,,n,,n,,n,,n,,n,,n,,n,,n,,n,,n,,w
FRN7.5F1S-4E,1,,2,,4,,8,,12,,n,,16,,24,,n,,18,,27,,18,,n
FRN75F1S-4E,n,,n,,n,,n,,n,,n,,n,,n,,n,,n,,n,,n,,w
FRN75F1S-4J,n,,n,,n,,n,,n,,n,,n,,n,,n,,n,,n,,n,,w
FRN7.5F1S-4J,n,,n,,n,,n,,n,,n,,n,,n,,n,,n,,n,,n,,n
FRN7.5G1E-4A,1,,2,,4,,8,,12,,n,,16,,24,,n,,18,,27,,18,,n
FRN75G1E-4A,n,,n,,n,,n,,n,,n,,n,,n,,n,,n,,n,,n,,w
FRN7.5G1E-4E,1,,2,,4,,8,,12,,n,,16,,24,,n,,18,,27,,18,,n
FRN75G1E-4E,n,,n,,n,,n,,n,,n,,n,,n,,n,,n,,n,,n,,w
FRN7.5G1E-4EAQ,n,,n,,n,,n,,n,,n,,n,,n,,n,,n,,n,,n,,n
FRN75G1E-4EAQ,n,,n,,n,,n,,n,,n,,n,,n,,n,,n,,n,,n,,w
FRN75G1E-4EBU,n,,n,,n,,n,,n,,n,,n,,n,,n,,n,,n,,n,,w
FRN7.5G1E-4ELF,1,,2,,4,,8,,12,,n,,16,,24,,n,,18,,27,,27,,n
FRN7.5G1E-4ETD,1,,2,,4,,8,,12,,n,,16,,24,,n,,18,,27,,27,,n
FRN7.5G1S-2A,1,,2,,4,,8,,12,,n,,16,,24,,n,,18,,27,,18,,n
FRN75G1S-2A,n,,n,,n,,n,,n,,n,,n,,n,,n,,n,,n,,n,,w
FRN75G1S-2T,n,,n,,n,,n,,n,,n,,n,,n,,n,,n,,n,,n,,w
FRN7.5G1S-2T,n,,n,,n,,n,,n,,n,,n,,n,,n,,n,,n,,n,,n
FRN7.5G1S-4A,1,,2,,4,,8,,12,,n,,16,,24,,n,,18,,27,,18,,n
FRN75G1S-4A,n,,n,,n,,n,,n,,n,,n,,n,,n,,n,,n,,n,,w
FRN75G1S-4T,n,,n,,n,,n,,n,,n,,n,,n,,n,,n,,n,,n,,w
FRN7.5G1S-4T,n,,n,,n,,n,,n,,n,,n,,n,,n,,n,,n,,n,,n
FRN7.5G2S-2J,1,,2,,4,,8,,12,,n,,16,,24,,n,,18,,27,,18,,n
FRN75G2S-2J,n,,n,,n,,n,,n,,n,,n,,n,,n,,n,,n,,n,,w
FRN7.5G2S-4J,1,,2,,4,,8,,12,,n,,16,,24,,n,,18,,27,,18,,n
FRN75G2S-4J,n,,n,,n,,n,,n,,n,,n,,n,,n,,n,,n,,n,,w
FRN7.5LM1S-2EA,1,,2,,4,,8,,12,,n,,16,,24,,n,,18,,27,,18,,n
FRN7.5LM1S-2SD,1,,2,,4,,8,,12,,n,,16,,24,,n,,18,,27,,18,,n
FRN7.5LM1S-4AA,1,,2,,4,,8,,12,,n,,16,,24,,n,,18,,27,,18,,n
FRN7.5LM1S-4E,1,,2,,4,,8,,12,,n,,16,,24,,n,,18,,27,,18,,n
FRN7.5LM1S-4EA,1,,2,,4,,8,,12,,n,,16,,24,,n,,18,,27,,18,,n
FRN7.5LM1S-4SD,1,,2,,4,,8,,12,,n,,16,,24,,n,,18,,27,,18,,n
FRN800F1S-4DY,n,,n,,n,,n,,n,,n,,n,,n,,n,,n,,n,,n,,w
FRN800F1S-4U,n,,n,,n,,n,,n,,n,,n,,n,,n,,n,,n,,n,,w
FRN800G1S-4U,n,,n,,n,,n,,n,,n,,n,,n,,n,,n,,n,,n,,w
FRN800G1S-4U P,n,,n,,n,,n,,n,,n,,n,,n,,n,,n,,n,,n,,w
FRN900F1S-4DY,n,,n,,n,,n,,n,,n,,n,,n,,n,,n,,n,,n,,w
FRN900F1S-4U,n,,n,,n,,n,,n,,n,,n,,n,,n,,n,,n,,n,,w
FRN900G1S-4U,n,,n,,n,,n,,n,,n,,n,,n,,n,,n,,n,,n,,w
FRN90AQ1L-4A,n,,n,,n,,n,,n,,n,,n,,n,,n,,n,,n,,n,,w
FRN90AQ1L-4E,n,,n,,n,,n,,n,,n,,n,,n,,n,,n,,n,,n,,w
FRN90AQ1M-4A,n,,n,,n,,n,,n,,n,,n,,n,,n,,n,,n,,n,,w
FRN90AQ1M-4E,n,,n,,n,,n,,n,,n,,n,,n,,n,,n,,n,,n,,w
FRN90AR1L-4A,n,,n,,n,,n,,n,,n,,n,,n,,n,,n,,n,,n,,w
FRN90AR1L-4E,n,,n,,n,,n,,n,,n,,n,,n,,n,,n,,n,,n,,w
FRN90AR1L-4J,n,,n,,n,,n,,n,,n,,n,,n,,n,,n,,n,,n,,w
FRN90AR1M-4A,n,,n,,n,,n,,n,,n,,n,,n,,n,,n,,n,,n,,w
FRN90AR1M-4E,n,,n,,n,,n,,n,,n,,n,,n,,n,,n,,n,,n,,w
FRN90F1S-2J,n,,n,,n,,n,,n,,n,,n,,n,,n,,n,,n,,n,,w
FRN90F1S-4A,n,,n,,n,,n,,n,,n,,n,,n,,n,,n,,n,,n,,w
FRN90F1S-4E,n,,n,,n,,n,,n,,n,,n,,n,,n,,n,,n,,n,,w
FRN90F1S-4J,n,,n,,n,,n,,n,,n,,n,,n,,n,,n,,n,,n,,w
FRN90G1E-4A,n,,n,,n,,n,,n,,n,,n,,n,,n,,n,,n,,n,,w
FRN90G1E-4E,n,,n,,n,,n,,n,,n,,n,,n,,n,,n,,n,,n,,w
FRN90G1E-4EAQ,n,,n,,n,,n,,n,,n,,n,,n,,n,,n,,n,,n,,w
FRN90G1E-4EBU,n,,n,,n,,n,,n,,n,,n,,n,,n,,n,,n,,n,,w
FRN90G1S-2A,n,,n,,n,,n,,n,,n,,n,,n,,n,,n,,n,,n,,w
FRN90G1S-2T,n,,n,,n,,n,,n,,n,,n,,n,,n,,n,,n,,n,,w
FRN90G1S-4A,n,,n,,n,,n,,n,,n,,n,,n,,n,,n,,n,,n,,w
FRN90G1S-4T,n,,n,,n,,n,,n,,n,,n,,n,,n,,n,,n,,n,,w
FRN90G2S-2J,n,,n,,n,,n,,n,,n,,n,,n,,n,,n,,n,,n,,w
FRN90G2S-4J,n,,n,,n,,n,,n,,n,,n,,n,,n,,n,,n,,n,,w
FRNF12E1S-2U,24,,36,,60,,84,,120,,126,,168,,252,,159,,212,,318,,270,,n
FRNF12E1S-7U,n,,n,,n,,n,,n,,n,,n,,n,,n,,n,,n,,n,,n
FRNF25E1S-2U,24,,36,,60,,84,,120,,126,,168,,252,,159,,212,,318,,270,,n
FRNF25E1S-7U,24,,36,,60,,84,,120,,126,,168,,252,,159,,212,,318,,270,,n
FRNF50E1S-2U,24,,36,,60,,84,,120,,126,,168,,252,,159,,212,,318,,270,,n
FRNF50E1S-4U,24,,36,,60,,84,,120,,126,,168,,252,,159,,212,,318,,270,,n
FRNF50E1S-7U,24,,36,,60,,84,,120,,126,,168,,252,,159,,212,,318,,270,,n
FRNF50G1S-2U,n,,n,,n,,n,,n,,n,,n,,n,,n,,n,,n,,n,,n
FRNF50G1S-4U,n,,n,,n,,n,,n,,n,,n,,n,,n,,n,,n,,n,,n
NEMA1-0.4G1-24,8,,16,,24,,42,,54,,n,,72,,96,,n,,108,,144,,144,,n
NEMA1-0.75G1-24,8,,16,,24,,42,,54,,n,,72,,96,,n,,108,,144,,144,,n
NEMA1-110G1-4,n,,n,,n,,n,,n,,n,,n,,n,,n,,n,,n,,n,,n
NEMA1-11G1-24,n,,n,,n,,n,,n,,n,,n,,n,,n,,n,,n,,n,,n
NEMA1-160G1-4,n,,n,,n,,n,,n,,n,,n,,n,,n,,n,,n,,n,,n
NEMA1-220G1-24,n,,n,,n,,n,,n,,n,,n,,n,,n,,n,,n,,n,,n
NEMA1-22G1-2,n,,n,,n,,n,,n,,n,,n,,n,,n,,n,,n,,n,,n
NEMA1-22G1-24,n,,n,,n,,n,,n,,n,,n,,n,,n,,n,,n,,n,,n
NEMA1-315G1-4,n,,n,,n,,n,,n,,n,,n,,n,,n,,n,,n,,n,,n
NEMA1-37G1-24,n,,n,,n,,n,,n,,n,,n,,n,,n,,n,,n,,n,,n
NEMA1-3.7G1-24,8,,16,,24,,42,,54,,n,,72,,96,,n,,108,,144,,144,,n
NEMA1-400G1-4,n,,n,,n,,n,,n,,n,,n,,n,,n,,n,,n,,n,,n
NEMA1-630G1-4,n,,n,,n,,n,,n,,n,,n,,n,,n,,n,,n,,n,,n
NEMA1-75G1-2,n,,n,,n,,n,,n,,n,,n,,n,,n,,n,,n,,n,,n
NEMA1-75G1-24,n,,n,,n,,n,,n,,n,,n,,n,,n,,n,,n,,n,,n
P55ARQ-37,6,,12,,20,,35,,45,,n,,60,,84,,n,,75,,105,,90,,n
P55ARQ-55,n,,n,,n,,n,,4,,n,,8,,12,,n,,n,,n,,8,,n
P55ARQ-7.5,6,,12,,20,,35,,45,,n,,60,,84,,n,,75,,105,,90,,n
P55ARQ-90,n,,n,,n,,n,,4,,n,,n,,n,,n,,n,,6,,6,,n
RYH152F5-VV2,8,,16,,20,,42,,70,,n,,n,,n,,n,,112,,144,,n,,n
RYH201F5-VV2,8,,16,,20,,42,,70,,n,,n,,n,,n,,112,,144,,n,,n
RYH202F5-VV2,3,,6,,8,,16,,30,,n,,n,,n,,n,,n,,n,,n,,n
RYH302F5-VV2,3,,6,,8,,16,,30,,n,,n,,n,,n,,n,,n,,n,,n
RYH401F5-VV2,8,,16,,20,,42,,70,,n,,n,,n,,n,,112,,144,,n,,n
RYH402F5-VV2,1,,2,,8,,8,,12,,n,,22,,33,,n,,26,,39,,39,,n
RYH502F5-VV2,1,,2,,8,,8,,12,,n,,22,,33,,n,,26,,39,,39,,n
RYH751F5-VV2,8,,16,,20,,42,,70,,n,,n,,n,,n,,112,,144,,n,,n
TKE-1-13.5,1,,2,,4,,8,,12,,n,,16,,24,,n,,18,,27,,18,,n
TKE-1-18.5,1,,2,,4,,8,,12,,n,,16,,24,,n,,18,,27,,18,,n
TKE-1-24.5,1,,2,,4,,8,,12,,n,,16,,24,,n,,18,,27,,18,,n
TKE-1-32,n,,1,,2,,4,,8,,n,,10,,15,,n,,12,,18,,18,,n
TKE-1-39,n,,1,,2,,4,,8,,n,,10,,15,,n,,12,,18,,18,,n
TKE-1-45,n,,1,,2,,4,,8,,n,,10,,15,,n,,12,,18,,18,,n
TKE-1-60,n,,n,,n,,n,,n,,n,,n,,n,,n,,n,,n,,n,,w
TKE-1-75,n,,n,,n,,n,,1,,2,,n,,4,,2,,n,,4,,4,,n
TKE-1-9.0,4,,6,,12,,18,,27,,n,,36,,48,,32,,48,,64,,60,,n
TKE-1-91,n,,n,,n,,n,,1,,2,,n,,4,,2,,n,,4,,4,,n
VF1A-G02A1S4,12,,18,,33,,51,,66,,n,,96,,128,,80,,120,,160,,140,,n
VF1A-G04A1S4,12,,18,,33,,51,,66,,n,,96,,128,,80,,120,,160,,140,,n
VF1A-G05A5S4,12,,18,,33,,51,,66,,n,,96,,128,,80,,120,,160,,140,,n
VF1A-G06A9S4,12,,18,,33,,51,,66,,n,,96,,128,,80,,120,,160,,140,,n
VF1A-G105AS4,n,,n,,n,,n,,n,,n,,n,,n,,n,,n,,n,,n,,w
VF1A-G12A0S4,8,,12,,27,,39,,54,,n,,72,,96,,n,,58,,116,,96,,n
VF1A-G139AS4,n,,n,,n,,n,,n,,n,,n,,n,,n,,n,,n,,n,,w
VF1A-G21A5S4,2,,4,,8,,8,,16,,22,,33,,n,,26,,39,,n,,36,,n
VF1A-G28A5S4,2,,4,,8,,8,,16,,22,,33,,n,,26,,39,,n,,36,,n
VF1A-G37A0S4,1,,2,,4,,8,,12,,n,,16,,24,,n,,18,,27,,18,,n
VF1A-G44A0S4,1,,2,,4,,8,,12,,n,,16,,24,,n,,18,,27,,27,,n
VF1A-G59A0S4,n,,1,,2,,4,,6,,n,,n,,12,,n,,12,,18,,12,,n
VF1A-G72A0S4,n,,1,,2,,4,,6,,n,,n,,12,,n,,12,,18,,12,,n
VF1A-G85A0S4,n,,n,,n,,n,,n,,n,,n,,n,,n,,n,,n,,n,,w
VXH112L-4E,n,,n,,n,,n,,n,,n,,n,,n,,n,,n,,n,,n,,w
VXH13A5L-4E,n,,2,,3,,6,,8,,n,,14,,n,,n,,16,,n,,16,,n
VXH13A5M-4E,n,,2,,3,,6,,8,,n,,14,,n,,n,,16,,n,,16,,n
VXH150L-4E,n,,n,,n,,n,,n,,n,,n,,n,,n,,n,,n,,n,,w
VXH176L-4E,n,,n,,n,,n,,n,,n,,n,,n,,n,,n,,n,,n,,w
VXH18A5L-4E,n,,2,,3,,6,,8,,n,,14,,n,,n,,16,,n,,16,,n
VXH18A5M-4E,n,,2,,3,,6,,8,,n,,14,,n,,n,,16,,n,,16,,n
VXH24A5L-4E,n,,n,,n,,2,,6,,n,,n,,n,,n,,8,,n,,8,,n
VXH24A5M-4E,n,,n,,n,,2,,6,,n,,n,,n,,n,,8,,n,,8,,n
VXH2A5L-4E,n,,n,,n,,n,,n,,n,,n,,n,,n,,n,,n,,n,,n
VXH32L-4E,n,,n,,n,,2,,6,,n,,n,,n,,n,,8,,n,,8,,n
VXH32M-4E,n,,n,,n,,2,,6,,n,,n,,n,,n,,8,,n,,8,,n
VXH39L-4E,n,,n,,n,,2,,6,,n,,n,,n,,n,,8,,n,,8,,n
VXH39M-4E,n,,n,,n,,2,,6,,n,,n,,n,,n,,8,,n,,8,,n
VXH45L-4E,n,,n,,n,,2,,6,,n,,n,,n,,n,,8,,n,,8,,n
VXH45M-4E,n,,n,,n,,2,,6,,n,,n,,n,,n,,8,,n,,8,,n
VXH4A1L-4E,n,,2,,3,,6,,8,,n,,14,,n,,n,,16,,n,,16,,n
VXH5A5L-4E,n,,2,,3,,6,,8,,n,,14,,n,,n,,16,,n,,16,,n
VXH60L-4E,n,,n,,n,,2,,4,,n,,6,,n,,n,,8,,n,,8,,n
VXH60M-4E,n,,n,,n,,2,,4,,n,,6,,n,,n,,8,,n,,8,,n
VXH75L-4E,n,,n,,n,,2,,4,,n,,6,,n,,n,,8,,n,,8,,n
VXH91L-4E,n,,n,,n,,n,,n,,n,,n,,n,,n,,n,,n,,n,,w
VXH9L-4E,n,,2,,3,,6,,8,,n,,14,,n,,n,,16,,n,,16,,n
VXR11A-1,n,,n,,n,,n,,n,,n,,n,,n,,n,,n,,n,,n,,n
VXR11A-1E,n,,n,,n,,n,,n,,n,,n,,n,,n,,n,,n,,n,,n
VXR13A-4,n,,n,,n,,n,,n,,n,,n,,n,,n,,n,,n,,n,,n
VXR13A-4E,n,,n,,n,,n,,n,,n,,n,,n,,n,,n,,n,,n,,n
VXR18A-4,n,,n,,n,,n,,n,,n,,n,,n,,n,,n,,n,,n,,n
VXR18A-4E,n,,n,,n,,n,,n,,n,,n,,n,,n,,n,,n,,n,,n
VXR1A5-4,n,,n,,n,,n,,n,,n,,n,,n,,n,,n,,n,,n,,n
VXR1A5-4E,n,,n,,n,,n,,n,,n,,n,,n,,n,,n,,n,,n,,n
VXR24A-4,n,,n,,n,,n,,n,,n,,n,,n,,n,,n,,n,,n,,n
VXR24A-4E,n,,n,,n,,n,,n,,n,,n,,n,,n,,n,,n,,n,,n
VXR2A5-4,n,,n,,n,,n,,n,,n,,n,,n,,n,,n,,n,,n,,n
VXR2A5-4E,n,,n,,n,,n,,n,,n,,n,,n,,n,,n,,n,,n,,n
VXR30A-4,n,,n,,n,,n,,n,,n,,n,,n,,n,,n,,n,,n,,n
VXR30A-4E,n,,n,,n,,n,,n,,n,,n,,n,,n,,n,,n,,n,,n
VXR3A-1,n,,n,,n,,n,,n,,n,,n,,n,,n,,n,,n,,n,,n
VXR3A-1E,n,,n,,n,,n,,n,,n,,n,,n,,n,,n,,n,,n,,n
VXR3A7-4,n,,n,,n,,n,,n,,n,,n,,n,,n,,n,,n,,n,,n
VXR3A7-4E,n,,n,,n,,n,,n,,n,,n,,n,,n,,n,,n,,n,,n
VXR5A-1,n,,n,,n,,n,,n,,n,,n,,n,,n,,n,,n,,n,,n
VXR5A-1E,n,,n,,n,,n,,n,,n,,n,,n,,n,,n,,n,,n,,n
VXR5A5-4,n,,n,,n,,n,,n,,n,,n,,n,,n,,n,,n,,n,,n
VXR5A5-4E,n,,n,,n,,n,,n,,n,,n,,n,,n,,n,,n,,n,,n
VXR8A-1,n,,n,,n,,n,,n,,n,,n,,n,,n,,n,,n,,n,,n
VXR8A-1E,n,,n,,n,,n,,n,,n,,n,,n,,n,,n,,n,,n,,n
VXR9A-4,n,,n,,n,,n,,n,,n,,n,,n,,n,,n,,n,,n,,n
VXR9A-4E,n,,n,,n,,n,,n,,n,,n,,n,,n,,n,,n,,n,,n
FRN0139G2E-4G,n,,n,,n,,n,,n,,n,,n,,n,,n,,n,,n,,n,,w
FRN1.5E2S-2J,12,,18,,33,,51,,66,,n,,96,,128,,80,,120,,160,,140,,n
FRN3.7E2S-2J,8,,12,,27,,39,,54,,n,,72,,96,,n,,58,,116,,96,,n
FRN220G2S-4J,n,,n,,n,,n,,n,,n,,n,,n,,n,,n,,n,,n,,w
FRN0547G2E-4G,n,,n,,n,,n,,n,,n,,n,,n,,n,,n,,n,,n,,w
FRN0041G2S-4GU,n,,1,,2,,4,,8,,n,,10,,15,,n,,12,,18,,18,,n
FRN0139G2S-4GU,n,,n,,n,,n,,n,,n,,n,,n,,n,,n,,n,,n,,w
FRN1169G2S-4G,n,,n,,n,,n,,n,,n,,n,,n,,n,,n,,n,,n,,w
FRN0261G2E-4G,n,,n,,n,,n,,n,,n,,n,,n,,n,,n,,n,,n,,w
FRN0002G2S-4GU,4,,8,,18,,24,,30,,n,,51,,68,,n,,54,,72,,60,,n
FRN0075G2S-2GU,n,,1,,2,,4,,8,,n,,10,,15,,n,,12,,18,,18,,n
FRN0018G2S-4GU,1,,2,,4,,8,,12,,n,,16,,24,,n,,18,,27,,27,,n
FRN0180G2S-2GU,n,,n,,n,,n,,n,,n,,n,,n,,n,,n,,n,,n,,w
FRN0085G2S-4GU,n,,n,,n,,n,,n,,n,,n,,n,,n,,n,,n,,n,,w
FRN0105G2S-4GU,n,,n,,n,,n,,n,,n,,n,,n,,n,,n,,n,,n,,w
FRN0023G2S-4GU,1,,2,,4,,8,,12,,n,,16,,24,,n,,18,,27,,27,,n
FRN0146G2S-2GU,n,,n,,n,,n,,n,,n,,n,,n,,n,,n,,n,,n,,w
FRN1480G2S-4G,n,,n,,n,,n,,n,,n,,n,,n,,n,,n,,n,,n,,w
FRN1385G2E-4GAP,n,,n,,n,,n,,n,,n,,n,,n,,n,,n,,n,,n,,w
FRN0290G2E-4G,n,,n,,n,,n,,n,,n,,n,,n,,n,,n,,n,,n,,w
NEMA1-ST-FK1,,,,,,,,,,,,,,,,,,,,,,,,,
NEMA1-ST-FH1,,,,,,,,,,,,,,,,,,,,,,,,,
NEMA1-ST-FC1,,,,,,,,,,,,,,,,,,,,,,,,,
NEMA1-ST-FP1,,,,,,,,,,,,,,,,,,,,,,,,,
NEMA1-ST-FL1,,,,,,,,,,,,,,,,,,,,,,,,,
NEMA1-ST-FS1,,,,,,,,,,,,,,,,,,,,,,,,,
NEMA1-ST-FN1,,,,,,,,,,,,,,,,,,,,,,,,,
NEMA1-ST-FR1,,,,,,,,,,,,,,,,,,,,,,,,,
NEMA1-ST-FA1,,,,,,,,,,,,,,,,,,,,,,,,,
NEMA1-ST-FA2,,,,,,,,,,,,,,,,,,,,,,,,,
NEMA1-ST-FJ1,,,,,,,,,,,,,,,,,,,,,,,,,
NEMA1-ST-FB1,,,,,,,,,,,,,,,,,,,,,,,,,
FRN0840G2W-4GU,n,,n,,n,,n,,n,,n,,n,,n,,n,,n,,n,,n,,w
FRN0431G2W-4GU,n,,n,,n,,n,,n,,n,,n,,n,,n,,n,,n,,n,,w
FRN0547G2W-4GU,n,,n,,n,,n,,n,,n,,n,,n,,n,,n,,n,,n,,w
FRN1480G2E-4GAP,n,,n,,n,,n,,n,,n,,n,,n,,n,,n,,n,,n,,w
NEMA1-ST-FD1,,,,,,,,,,,,,,,,,,,,,,,,,
NEMA1-ST-FE1,,,,,,,,,,,,,,,,,,,,,,,,,
NEMA1-ST-FD2,,,,,,,,,,,,,,,,,,,,,,,,,
